Nitrogen,Potassium,Phosphorous,Temparature,Humidity,Moisture,Crop Type
37,0,0,26,52,38,Maize
12,0,36,29,52,45,Sugarcane
7,9,30,34,65,62,Cotton
22,0,20,32,62,34,Tobacco
35,0,0,28,54,46,Paddy
12,10,13,26,52,35,Barley
9,0,10,25,50,64,Cotton
41,0,0,33,64,50,Wheat
21,0,18,30,60,42,Millets
9,7,30,29,58,33,Oil seeds
13,0,40,27,54,28,Pulses
14,15,12,31,62,48,Maize
36,0,0,25,50,65,Cotton
24,0,22,32,62,41,Paddy
14,0,41,26,52,31,Ground Nuts
10,13,14,31,62,49,Sugarcane
38,0,0,33,64,34,Pulses
21,0,19,25,50,39,Barley
39,0,0,28,54,65,Cotton
13,0,36,29,58,52,Wheat
10,0,9,30,60,44,Millets
12,14,12,34,65,53,Sugarcane
11,0,37,35,68,33,Tobacco
36,0,0,28,54,37,Millets
13,0,10,33,64,39,Paddy
23,0,20,26,52,44,Maize
9,9,29,30,60,63,Cotton
38,0,0,32,62,30,Sugarcane
12,0,39,37,70,32,Oil seeds
14,0,13,26,52,36,Pulses
24,0,23,29,58,40,Ground Nuts
12,0,40,30,60,27,Sugarcane
39,0,0,34,65,38,Paddy
7,9,30,36,68,38,Barley
23,0,19,26,52,48,Wheat
41,0,0,28,54,35,Millets
8,10,31,30,60,61,Cotton
12,0,41,37,70,37,Paddy
15,14,11,25,50,26,Ground Nuts
15,0,37,29,58,34,Millets
13,0,13,27,54,30,Pulses
10,7,32,30,60,58,Sugarcane
22,0,24,32,62,34,Tobacco
35,0,0,34,65,60,Sugarcane
10,0,35,35,67,42,Barley
8,8,28,38,70,48,Wheat
12,0,8,26,52,32,Oil seeds
24,0,18,29,58,43,Paddy
41,0,0,30,60,29,Ground Nuts
5,9,29,33,64,51,Maize
23,0,21,34,65,31,Tobacco
13,0,14,36,68,33,Oil seeds
40,0,0,28,54,38,Pulses
12,0,42,30,60,47,Barley
11,12,15,31,62,63,Cotton
23,0,24,27,53,43,Millets
38,0,0,34,65,54,Wheat
8,0,15,29,58,37,Millets
11,13,15,25,50,56,Sugarcane
15,0,37,32,62,34,Ground Nuts
36,0,0,28,54,41,Paddy
13,0,9,30,60,49,Wheat
24,0,20,34,65,64,Cotton
5,18,15,28,54,47,Barley
37,0,0,27,53,35,Oil seeds
15,0,40,36,68,62,Cotton
9,0,13,34,65,57,Sugarcane
8,8,33,29,58,55,Sugarcane
6,19,16,25,50,40,Pulses
10,0,14,30,60,38,Millets
21,0,23,26,52,39,Pulses
39,0,0,31,62,32,Tobacco
23,0,19,34,65,48,Wheat
42,0,0,27,53,34,Oil seeds
13,0,39,33,64,31,Ground Nuts
9,10,22,29,58,42,Paddy
22,0,21,30,60,47,Maize
10,0,15,27,53,59,Sugarcane
7,16,20,26,52,36,Pulses
14,0,38,34,65,63,Cotton
10,8,29,28,54,43,Paddy
41,0,0,30,60,40,Millets
14,0,35,29,58,65,Cotton
11,0,9,26,52,59,Sugarcane
21,0,28,31,62,44,Barley
8,7,31,35,67,28,Pulses
13,17,16,29,58,30,Tobacco
35,0,0,27,53,30,Millets
12,18,19,36,68,50,Wheat
11,0,38,29,58,61,Cotton
8,9,30,30,60,26,Oil seeds
6,19,21,34,65,45,Paddy
41,0,0,36,68,41,Ground Nuts
9,10,30,28,54,25,Maize
24,0,19,25,50,32,Pulses
4,17,17,30,60,27,Tobacco
39,0,0,38,72,51,Wheat
15,0,41,36,60,43,Millets
12,0,10,29,58,57,Sugarcane
20,2,15,27.58,59.21,31.27,Cotton
9,12,14,27.45,66.38,50.14,Millets
28,0,22,27.25,63.62,40.35,Wheat
8,9,28,28.84,58.91,33.06,Millets
40,2,0,25.86,48.46,46.25,Ground Nuts
11,0,11,25.59,63.6,46.33,Cotton
6,4,14,29.17,68.19,30.65,Oil seeds
9,14,11,36.05,73.59,58.17,Millets
5,8,30,26.76,64.22,53.63,Ground Nuts
41,0,3,27.66,53.58,40.96,Cotton
40,0,0,28.27,52.88,43.3,Wheat
8,1,16,38.39,69.51,65.09,Oil seeds
15,0,35,28.74,56.8,54.07,Cotton
19,4,28,30.63,63.88,38.71,Paddy
11,5,12,26.02,52.46,31.12,Barley
9,22,21,34.71,64.94,52.62,Oil seeds
11,0,8,23.71,51.25,30.5,Oil seeds
37,2,4,30.63,61.45,23.18,Maize
12,13,13,23.63,52.62,31.03,Sugarcane
16,3,32,27.65,58.09,69.07,Oil seeds
12,0,36,31.19,60.94,30.51,Paddy
45,2,0,37.12,72.87,47.06,Tobacco
7,15,16,33.52,60.46,47.85,Pulses
10,3,31,29.44,59.34,55.51,Sugarcane
8,13,28,33.24,69.48,65.48,Cotton
2,20,19,20.85,53.18,43.77,Tobacco
11,1,36,38.42,73.97,50.41,Sugarcane
34,0,3,29.04,71.09,21.12,Maize
39,0,0,23.59,55.82,62.92,Sugarcane
11,0,32,38.56,73.46,30.62,Pulses
15,0,8,30.87,63.94,46.2,Cotton
38,4,0,25.83,51.1,59.57,Maize
14,0,35,34.51,63.92,70,Sugarcane
18,0,25,31.92,62.59,27.78,Pulses
13,16,11,28.43,58.72,43.9,Sugarcane
4,0,14,27.53,55.04,57.07,Pulses
8,9,18,24.53,67.4,48.49,Paddy
15,4,33,30.82,51.91,54.23,Wheat
9,15,16,32.53,59.45,20.16,Cotton
12,8,33,28.17,58.69,34.11,Cotton
35,0,0,29.25,54.52,41.4,Paddy
6,16,17,22.26,51.36,48.36,Tobacco
41,3,4,30.76,66.64,56.32,Ground Nuts
7,11,20,27.84,66.53,36.89,Sugarcane
7,11,31,29.21,64.21,54.95,Wheat
11,13,15,26.01,59.52,35.75,Pulses
23,0,23,29.5,55.42,51.17,Cotton
40,0,0,32.98,62.02,33.12,Wheat
38,0,1,24.24,59.04,50.07,Barley
21,3,20,33.54,59.28,52.09,Wheat
35,4,0,34.43,72.28,62.22,Ground Nuts
15,0,33,32.19,68.94,67.37,Barley
5,7,32,32.55,71.46,67.14,Oil seeds
13,0,38,28.38,52.02,43.83,Wheat
36,0,0,25.4,43.57,38.51,Maize
12,15,15,33.8,52.28,53.31,Millets
20,0,20,28.38,47.58,34.86,Paddy
23,2,16,28.37,59.8,35.35,Oil seeds
1,14,22,30.08,73.84,41.22,Sugarcane
31,1,0,34.95,64.93,62.63,Wheat
20,0,21,35.56,74.88,52.16,Cotton
7,1,7,24.05,52.76,58.9,Oil seeds
11,3,14,23.42,53.65,69.68,Barley
17,0,31,31.68,62.14,42.55,Sugarcane
19,0,19,31.03,69,49.46,Maize
5,8,32,31.78,44.27,45.07,Maize
39,0,2,22.3,60.64,40.78,Ground Nuts
8,1,43,26.39,52.62,22.27,Cotton
13,4,39,29.36,64.39,20,Tobacco
13,0,8,26.67,47.94,34.08,Sugarcane
12,6,30,26.75,56.87,20,Barley
24,0,17,30.64,65.77,32.86,Sugarcane
26,0,21,29.89,48.59,38,Pulses
8,13,18,28.61,62.22,41.53,Ground Nuts
39,2,0,37.09,63.72,47.99,Sugarcane
37,3,0,21.78,55.6,33.66,Maize
2,5,25,30.42,70.37,55.92,Wheat
10,17,12,35.39,52.28,42.97,Pulses
3,15,15,30.53,52.17,41.92,Oil seeds
10,0,34,28.09,56.62,36.14,Ground Nuts
16,3,22,22.95,55.86,31.58,Paddy
18,1,38,32.06,75.56,55.73,Tobacco
11,11,16,38.4,67.88,62.06,Maize
12,13,27,33.59,66.16,69.67,Pulses
10,4,11,26.47,62.91,46.87,Ground Nuts
13,21,14,31.56,58.25,29.12,Oil seeds
8,13,32,29.13,56.72,67.72,Ground Nuts
36,4,0,23.35,59.98,63.83,Oil seeds
19,0,20,26.75,58.1,39.27,Maize
41,0,1,30.42,48.76,42.28,Millets
14,13,8,24.9,51.02,31.9,Ground Nuts
34,1,0,27.31,57.3,22.41,Wheat
8,1,9,31.5,74.7,23.25,Ground Nuts
19,0,26,27.63,69.25,41.18,Millets
38,0,4,22.59,45.7,33.13,Maize
11,2,40,35.97,60.1,26.8,Tobacco
26,2,22,27.69,55.55,27.9,Sugarcane
6,1,14,24.27,52.43,62.34,Millets
9,3,11,30.42,50.01,26.27,Ground Nuts
13,0,35,31.52,44.64,42.86,Barley
12,4,13,30.64,57.57,46.45,Wheat
15,0,16,22.17,47.78,43.03,Paddy
5,10,32,36.5,65.85,42.33,Maize
8,4,6,35.13,65.69,37.76,Maize
6,14,10,24.82,53.75,47.97,Ground Nuts
6,0,9,31.24,55.88,37.05,Oil seeds
5,3,14,29.77,46.18,63.79,Cotton
35,0,0,25.86,46.65,32.67,Oil seeds
44,0,0,30.15,60.77,42.93,Cotton
10,0,12,29.46,59.4,49.1,Ground Nuts
38,0,0,29.37,64.45,64.66,Cotton
19,0,18,23.63,58.75,35.6,Oil seeds
10,5,31,32.45,60.24,55.92,Millets
15,4,39,37.34,63.39,25.36,Paddy
3,8,34,30.41,67.24,65.58,Cotton
12,0,37,31.9,55.45,59.87,Barley
16,13,16,35.85,52.79,54.13,Cotton
20,0,23,28.87,49.91,35.02,Pulses
9,19,18,26.33,50.2,45.34,Oil seeds
35,0,0,29.67,58.75,40.69,Sugarcane
23,0,15,32.2,50.72,39.63,Ground Nuts
6,0,41,29.24,62.15,51.65,Millets
37,0,1,34.15,71.16,41.7,Paddy
9,0,35,31.56,55.15,56.8,Barley
9,0,36,24.76,56.88,20,Oil seeds
11,0,14,34.15,63.96,47.64,Barley
9,4,18,30.7,57.71,38.36,Wheat
23,2,22,34.89,53.79,37.58,Ground Nuts
13,1,42,26.7,63.42,24.65,Cotton
37,0,0,23.75,61.43,52.94,Ground Nuts
21,0,18,25.73,52.9,46.14,Cotton
13,0,10,25.36,50.91,24.39,Wheat
39,0,0,36.35,61.89,65.38,Sugarcane
24,0,21,21.91,46.66,45.27,Millets
10,0,9,26.44,65.84,50.2,Pulses
8,0,12,28.93,50.28,20.33,Wheat
7,6,34,30.06,53.68,70,Maize
16,13,13,35.29,64.13,46.59,Pulses
41,2,0,24.61,63.9,70,Pulses
19,0,22,29.38,60.44,45.57,Millets
20,0,19,30.2,51.16,32.5,Barley
11,0,9,32.46,68.2,64.77,Sugarcane
34,0,4,24.26,53.19,67.73,Oil seeds
11,0,35,37.9,75.51,25.35,Ground Nuts
34,0,2,31.1,55.48,46.43,Cotton
17,0,15,31.75,62.4,34.97,Wheat
15,11,11,27.29,57.56,53.09,Pulses
15,0,40,26.71,55.89,69.87,Paddy
21,0,18,29.25,56.07,33.6,Oil seeds
17,0,20,29.73,58.67,29.64,Barley
10,12,18,31.62,57.88,42.77,Oil seeds
8,13,12,25.93,54.07,23.84,Maize
11,1,12,26.47,55.37,59.34,Maize
18,0,42,21.92,53,33.57,Barley
4,0,10,24.35,58.11,34.04,Oil seeds
9,4,10,29.55,45.99,50.06,Sugarcane
33,0,2,28.29,60.24,33.44,Pulses
11,2,41,31.31,73.26,70,Pulses
43,0,0,30.05,58.21,23.31,Cotton
21,4,24,31.27,62.18,32.06,Paddy
10,1,32,32.51,61.45,70,Ground Nuts
14,11,13,23.98,44.94,20,Oil seeds
39,1,2,30.28,69.29,53.16,Tobacco
10,9,18,28.02,54.85,55.71,Sugarcane
37,0,1,28.66,56.26,39.29,Sugarcane
22,0,26,30.85,70.39,29.35,Millets
13,4,5,24.51,62.55,65.83,Pulses
18,4,23,22.33,56.84,29.98,Ground Nuts
42,1,4,29.75,55.39,28.42,Tobacco
41,0,2,28.27,52.86,22.36,Ground Nuts
17,0,12,33.27,67.2,40.49,Paddy
10,0,32,38.53,70.2,28.94,Millets
8,14,31,25.2,60.02,69.92,Oil seeds
38,0,2,23.66,55.66,31.32,Wheat
9,0,16,35.01,71.58,39.2,Wheat
12,2,31,36.92,69.78,32.64,Maize
18,0,19,23.74,47.23,43.64,Tobacco
6,0,11,30.51,48.99,28.68,Tobacco
0,16,19,27.02,68.83,33.05,Tobacco
6,2,13,27.77,42.89,59.1,Barley
3,12,30,39.65,63.55,47.33,Cotton
15,4,45,37.27,64.08,36.28,Barley
7,0,6,27.93,64.17,62.13,Pulses
37,0,0,29.95,61.75,36.58,Sugarcane
26,0,21,24.97,59.24,47.46,Paddy
18,0,36,27.68,61.68,59.47,Paddy
2,20,12,23.82,47.74,30.62,Cotton
38,0,0,34.57,69.61,57.23,Pulses
16,0,44,35.1,70.14,56.12,Pulses
16,0,38,33.71,59.42,29.32,Barley
23,0,23,24.75,45.31,49.7,Cotton
3,12,31,37.36,59.64,53.7,Millets
35,0,2,32.22,56.29,48.76,Maize
31,3,0,32.35,48.81,46.33,Paddy
42,0,0,40,80,59.99,Cotton
33,3,0,25.85,62.32,48.82,Cotton
8,22,18,30.61,66.36,42.09,Barley
5,6,26,34.51,54.79,54.12,Maize
35,3,2,29.66,43.74,43.31,Paddy
16,0,15,31.75,46.82,37.35,Maize
20,0,17,25.43,68.65,39.28,Oil seeds
10,21,13,30.97,58.53,29.79,Wheat
10,12,9,28.58,71.66,46.04,Oil seeds
15,16,10,29.87,63.64,61.4,Wheat
19,0,21,25.09,54.56,34.08,Maize
35,2,0,29.76,45.13,30.91,Cotton
35,3,0,31.38,69.36,35.4,Tobacco
37,0,0,36.7,70.28,23.31,Ground Nuts
18,0,45,26.91,44.27,23.76,Barley
7,0,5,30.83,53.08,47.02,Oil seeds
37,4,0,31.98,55.89,57.6,Barley
23,1,25,30.46,48.84,33.31,Paddy
14,9,32,29.24,54.29,47.85,Paddy
12,0,34,31.38,67.84,59.74,Maize
41,0,1,29.08,54.19,61.72,Maize
12,10,23,40,60.8,50.41,Cotton
19,15,15,23.18,53.55,20,Ground Nuts
40,4,0,32.61,54.79,70,Barley
9,0,37,36.12,72.17,33.4,Paddy
40,3,0,23.88,57.05,35.25,Barley
14,0,12,30.78,64.7,35.01,Pulses
10,8,27,36.46,65.08,43.87,Paddy
7,4,45,40,77.61,29.53,Sugarcane
42,0,0,32,57.73,35.48,Wheat
4,10,26,32.69,69.21,22.19,Sugarcane
14,0,11,29.63,45.37,21.76,Sugarcane
25,0,19,34.22,56.39,49.89,Pulses
7,11,34,36.56,76.26,36.26,Wheat
35,1,0,37,62.94,55.83,Pulses
36,3,3,37.66,74.6,28.6,Millets
14,2,37,36.42,75.12,46.56,Ground Nuts
8,9,32,29.92,50.41,62.32,Ground Nuts
8,0,38,31.96,49.13,52.38,Maize
10,0,43,38.65,62.79,58.95,Cotton
35,0,1,24.94,50.42,55.75,Tobacco
25,4,22,26.11,52.09,44.94,Pulses
3,4,31,39.68,75.02,51.69,Barley
12,0,39,32.74,64.14,68.56,Millets
14,1,36,25.3,50.31,45.77,Tobacco
4,9,26,29.37,61.61,33,Oil seeds
11,0,36,35.12,61.28,35.3,Sugarcane
36,0,0,31.57,46.3,28.05,Tobacco
9,4,38,38,61.23,26.32,Wheat
38,0,0,36.29,71,56.12,Barley
13,0,38,32.76,61.99,68.62,Pulses
41,3,1,33.01,61.9,32.87,Wheat
28,0,27,27.09,64.13,38,Paddy
11,0,9,30.15,68.23,37.36,Wheat
12,0,31,31.12,54.41,55.18,Oil seeds
38,3,0,31.08,61.81,34.73,Wheat
1,17,13,34.99,65.23,27.62,Maize
3,12,16,28.29,46.16,41.47,Millets
10,2,42,37.61,61.11,36.72,Barley
21,0,22,36.02,69.03,54.45,Barley
21,0,22,28.58,41.09,30.84,Tobacco
16,0,39,24.6,52.29,30.92,Tobacco
13,4,6,29.87,56.39,37.84,Cotton
27,0,20,29.85,47.2,57.02,Millets
5,10,36,26.12,63.44,63.43,Millets
5,3,5,34.94,57.44,52.37,Wheat
16,4,36,31.59,63.18,56.9,Paddy
11,0,42,37.33,67.17,37.59,Maize
37,1,2,24.02,45.09,67.89,Tobacco
43,2,2,33.56,66.29,26.04,Wheat
25,0,22,30.78,50.3,52.95,Barley
10,7,26,32.39,66.19,63.37,Ground Nuts
23,2,22,31.26,67.75,26.57,Barley
9,8,32,38.04,69.01,42.8,Ground Nuts
12,1,44,32.73,62.66,34.5,Paddy
37,0,4,27.79,60.14,41.16,Paddy
44,0,0,32.24,55.75,45.85,Pulses
12,0,42,31.18,60.59,20.77,Pulses
12,7,32,34.04,65.18,55.33,Ground Nuts
11,14,31,28.92,49.12,20,Pulses
8,20,21,36.08,74.86,38.71,Wheat
14,3,36,32.57,62.47,37.05,Millets
38,0,4,32.53,51.27,44.71,Ground Nuts
26,0,25,25.19,60.71,52.06,Paddy
36,0,4,28.66,47.45,44.04,Wheat
9,14,12,24.59,58.22,64.12,Paddy
8,0,37,25.71,59.93,51.81,Tobacco
10,0,12,28.24,54.62,35.02,Wheat
18,3,17,33.95,61,45.29,Maize
11,4,27,33.88,59.02,35.32,Sugarcane
2,9,32,30.87,58.93,70,Oil seeds
36,0,4,33.25,69.66,51.62,Maize
4,0,15,30.25,72.59,57.4,Pulses
7,3,42,31.59,67.65,56.8,Oil seeds
41,0,4,37.68,62.61,54.72,Ground Nuts
19,0,33,30.23,70.15,26.2,Oil seeds
24,0,16,30.29,58.63,51.24,Ground Nuts
8,0,40,27.47,53.06,40,Paddy
19,0,15,29.05,52,53.16,Cotton
2,16,19,22.27,58.06,38.54,Tobacco
36,0,2,26.4,57.87,57.72,Cotton
13,10,26,24.38,52.09,25.67,Sugarcane
5,14,29,33.24,51.28,65.32,Pulses
9,0,10,27.41,52.54,41.48,Barley
12,0,34,32.64,77.53,39.18,Maize
18,0,29,27.61,71.93,41.84,Barley
10,0,17,36.71,76.2,24.17,Barley
14,2,38,31.72,71.9,41.1,Oil seeds
1,14,17,38.33,70.83,45.85,Cotton
10,0,40,31.36,44.29,43.74,Pulses
23,0,26,31.97,57.04,39.26,Maize
15,0,41,30.86,66.38,42.56,Sugarcane
12,0,37,29.81,63.42,20,Millets
34,2,1,30.18,68.42,36.95,Barley
41,0,4,25.23,62.86,38.43,Cotton
4,9,28,37.04,68.38,51.4,Maize
24,0,17,26.14,52.36,40.32,Paddy
5,10,31,25.71,49.13,33.26,Sugarcane
39,1,4,30.12,69.25,21.43,Paddy
21,2,23,27.34,63.01,48.83,Cotton
40,0,0,30.29,69.44,58.64,Pulses
34,4,0,33.67,68.27,57.75,Millets
7,14,16,34.7,66.76,69.2,Sugarcane
9,11,8,34.38,60.73,50.97,Oil seeds
9,3,13,33.48,62.18,48.6,Wheat
13,10,30,33.6,60.98,68.08,Tobacco
6,4,40,31.74,62.32,52.3,Sugarcane
18,4,27,27.11,49.05,43.91,Oil seeds
44,0,0,29.56,70.11,44.74,Wheat
18,0,33,33.71,58.93,43.88,Barley
15,1,7,21.93,44.5,63.49,Maize
12,1,40,33.53,60.05,37.18,Maize
17,0,40,25.31,51.61,33.05,Ground Nuts
18,0,42,31.78,65.4,52.23,Ground Nuts
39,1,0,34.68,58.89,27.43,Pulses
11,0,42,39.75,60.73,38.94,Millets
8,0,19,22.69,51.37,61.27,Oil seeds
2,19,12,24.06,40.2,34.24,Wheat
36,0,3,38.25,74.83,48.66,Sugarcane
36,0,0,40,64.51,51.07,Millets
12,3,30,35.73,71.25,45.65,Millets
40,0,2,31.33,52.44,48.45,Maize
9,17,16,32.64,71.49,45.45,Maize
19,0,18,24.83,51.23,46.97,Millets
18,0,39,30.57,73.76,66.01,Oil seeds
36,0,3,27.61,52.18,38.91,Tobacco
9,9,32,25.3,51.45,24.59,Barley
14,0,34,31.71,58.44,35.47,Pulses
6,12,13,25.28,55.82,32.12,Barley
38,0,0,29.97,58.25,31.86,Sugarcane
8,0,38,32.38,58.5,45.02,Wheat
26,0,17,30.69,59.44,51.07,Sugarcane
37,0,4,33.71,71.14,43.81,Millets
17,3,41,26.91,52.52,30.81,Cotton
20,0,22,29.32,51.48,40.11,Tobacco
9,4,12,25.99,55.37,65.56,Wheat
9,8,32,33.65,66.5,65.99,Wheat
20,2,20,29.23,55.19,29.27,Wheat
40,0,2,25.5,65.19,38.34,Oil seeds
34,2,3,26.92,56.83,44.88,Wheat
40,0,0,35.51,70.33,59.14,Paddy
28,3,16,27.1,61.29,41.14,Tobacco
0,13,16,32.66,55.25,20,Paddy
7,8,27,35.8,55.37,57.55,Maize
22,0,24,29.38,54.47,52.56,Maize
7,8,30,36.66,76.82,39.74,Millets
10,4,42,32.53,60.02,29.35,Wheat
13,0,12,32.66,74.93,33.56,Pulses
11,0,38,34.63,63.8,24.01,Maize
7,8,28,24.84,62.63,36.65,Oil seeds
16,1,16,29,44.56,33.96,Millets
21,2,19,35.26,53.82,24.93,Ground Nuts
5,5,32,33.42,55.5,64.41,Paddy
40,0,4,28.04,55.51,49.43,Wheat
22,4,26,34.9,61.86,35.47,Millets
16,1,5,22.34,53.62,38.61,Wheat
10,0,35,28.11,47.2,36.8,Paddy
4,9,24,34.35,66.79,51.52,Wheat
14,3,37,28.74,48.61,35.72,Tobacco
12,0,17,22.56,50.58,29.13,Oil seeds
28,0,14,26.95,50.63,43,Barley
25,0,19,26.39,54.79,46.15,Wheat
39,3,0,30.13,72.21,35.94,Ground Nuts
35,0,2,35.71,67.62,25.16,Pulses
19,0,40,28.88,60.85,28.57,Barley
11,0,4,27.05,44.74,56.64,Sugarcane
42,0,0,29.34,44.01,41.14,Tobacco
7,0,37,39.33,67.44,37.85,Sugarcane
8,0,40,28.53,59.01,60.57,Ground Nuts
33,3,0,23.12,58.63,37.49,Cotton
17,0,21,31.53,58.95,51.37,Paddy
8,2,9,33.55,60.65,58.59,Wheat
14,12,11,30.15,64.35,67.45,Pulses
11,4,37,39.81,63.65,63.69,Tobacco
4,11,26,34.51,52.14,70,Sugarcane
26,0,18,35.66,54.44,42.29,Sugarcane
44,0,2,25.65,62.92,28.49,Barley
36,0,0,28.51,44.09,28.38,Ground Nuts
12,0,31,30.09,54.43,60.02,Maize
10,15,20,22.27,61.81,43.11,Paddy
9,18,17,38.38,65.51,46.26,Maize
8,0,39,32.61,50.77,63.48,Ground Nuts
18,0,11,26.99,47.9,45.66,Paddy
16,0,7,29.77,63.41,50.3,Millets
13,3,41,28.27,59.38,45,Ground Nuts
24,0,29,33.5,53.07,46.85,Cotton
37,4,0,37.95,68.37,55.82,Pulses
26,3,22,25.06,64.02,38.39,Ground Nuts
14,0,35,26.79,62.91,25.01,Sugarcane
12,0,41,26.72,52.56,31.72,Paddy
21,4,21,22.39,61.19,37.56,Millets
3,6,26,30.98,72.26,70,Wheat
3,18,20,30.37,74.96,45.96,Maize
16,2,44,36.58,61.79,40.55,Maize
18,0,24,26.45,60.78,50.52,Wheat
13,0,13,25.6,52.6,54.46,Maize
35,2,0,35.57,72.13,33.41,Millets
12,0,39,33.06,60.37,69.48,Millets
17,0,21,29.39,53.28,40.12,Pulses
46,4,4,28.21,59.37,42.81,Paddy
7,4,31,35.57,60.63,45.71,Sugarcane
9,20,18,37.32,76.39,48.4,Cotton
13,2,37,40,56.27,40.77,Millets
8,3,30,39.82,70.94,30.3,Pulses
9,0,17,38.99,74.78,27.58,Paddy
36,3,3,27.9,58.51,31.93,Millets
9,12,32,33.88,68.15,42.03,Sugarcane
19,1,39,40,71.79,58.99,Sugarcane
10,0,14,30.18,53.72,36.61,Barley
33,0,0,32.53,56.27,29.85,Pulses
11,0,16,33.72,50.47,44.08,Pulses
5,11,33,31.86,51.97,62.52,Tobacco
39,4,0,34.28,52.14,44.07,Tobacco
11,0,19,25.94,60.8,62.34,Ground Nuts
23,1,21,26.63,56.66,45.46,Pulses
26,4,25,35.09,63.88,46.21,Cotton
14,2,9,32.66,59.08,54.63,Millets
34,0,0,34.76,67.48,24.8,Tobacco
18,2,40,31.21,56.6,34.03,Wheat
4,4,29,34.72,67.85,69.81,Barley
7,20,19,23.38,55.92,50.56,Wheat
34,4,0,30.14,55.49,45.37,Oil seeds
12,4,39,29.71,50.93,41.83,Wheat
8,5,27,30.88,51,46.08,Millets
19,0,25,31.28,68.41,27.47,Oil seeds
11,14,22,32.92,77.29,48.08,Paddy
16,2,40,25.87,69.73,28.7,Wheat
39,1,1,30.53,63.85,56.3,Barley
39,0,0,37.03,69.99,42.75,Paddy
8,2,17,37.38,70.59,66.29,Maize
24,0,17,28.44,55.23,33.64,Ground Nuts
25,0,19,24.57,49.59,48.59,Ground Nuts
13,17,13,25.23,48.23,21.3,Maize
12,0,44,30.98,60.86,33.37,Oil seeds
18,2,19,28.45,55.92,48.02,Cotton
14,15,14,22.21,43.72,21.74,Oil seeds
12,1,37,36.2,55.53,54.66,Sugarcane
11,1,39,32.48,64.01,50.17,Tobacco
13,3,8,29.67,60,70,Tobacco
36,0,3,30.62,59.17,45.5,Ground Nuts
16,0,33,29.51,55.64,28.32,Tobacco
8,2,11,29.64,54.26,30.97,Cotton
8,2,27,30.83,64.19,23.01,Pulses
41,0,0,34.15,50.64,39.17,Millets
7,8,27,32.54,52.1,29.86,Paddy
24,4,19,35.15,65.46,50.44,Pulses
7,0,41,32.88,70.34,29.01,Ground Nuts
35,0,0,32.26,57.08,42.58,Ground Nuts
12,4,36,28.94,60.34,31.18,Millets
45,1,0,24.61,43.14,27.28,Oil seeds
11,10,27,32.63,71.17,55.93,Millets
9,7,27,31.18,72.57,46.74,Maize
6,11,31,23.69,57.9,39.61,Cotton
41,3,0,32.48,53.65,28.91,Tobacco
26,0,14,28.7,53.21,40.31,Ground Nuts
12,9,14,32.8,71.66,44.08,Oil seeds
7,0,34,37.65,60.86,24.45,Maize
3,16,17,26.1,50.4,41.08,Oil seeds
9,0,38,31.22,74.54,61.36,Maize
13,1,37,36.78,69.9,38.86,Ground Nuts
33,0,3,38.75,58.17,52.93,Maize
1,17,12,29.13,47.06,44.06,Pulses
30,0,1,28.65,62.64,41.6,Pulses
32,0,2,20.54,40.79,56.58,Cotton
45,0,0,27.19,62.12,35.74,Cotton
41,2,0,29.74,53.77,40.06,Tobacco
10,10,15,33.98,67.67,62.06,Oil seeds
9,4,12,28.91,67.6,39.3,Pulses
10,17,15,26.09,50.03,60.84,Millets
32,0,0,29.22,54.96,70,Ground Nuts
9,18,20,27.68,66.84,28.69,Oil seeds
10,0,14,21.94,46.3,27.7,Sugarcane
9,2,39,32.27,54.7,59.44,Ground Nuts
36,0,0,29.59,47.26,67.15,Ground Nuts
37,0,0,38.97,61.93,48.53,Tobacco
36,0,0,40,63.37,45.26,Maize
6,2,36,32.81,73.39,41.77,Pulses
13,4,9,36.48,66.13,30.41,Cotton
45,4,1,31.25,67.15,42.57,Tobacco
17,0,23,24.83,57.76,31.75,Ground Nuts
19,3,33,29.72,53.18,42.19,Cotton
22,0,21,27.26,43.94,42.1,Paddy
39,0,0,34.34,55.85,27.98,Wheat
8,15,14,23.7,41.13,58.8,Ground Nuts
8,4,32,33.32,71.88,37.86,Sugarcane
38,0,0,27.34,55.87,43.75,Pulses
6,12,23,22.71,49.95,45.22,Tobacco
12,0,12,29.55,59.76,58.15,Wheat
13,5,17,33.39,53.49,50.08,Tobacco
37,0,0,31.64,68.77,39.39,Ground Nuts
16,17,7,23.18,46.72,29.53,Paddy
7,0,10,24.94,66.7,66.09,Pulses
10,17,19,21.74,44.09,59.39,Barley
35,0,0,30.28,63.74,54.26,Pulses
20,0,22,23.22,49.73,51.54,Pulses
25,3,20,29.69,47.64,46.87,Ground Nuts
15,7,16,35.79,55.43,70,Maize
10,11,26,38.68,77.89,35.76,Maize
13,0,40,34.07,60.31,40.04,Barley
22,0,22,29.16,66.79,59.72,Ground Nuts
12,2,44,36.5,69.77,62.08,Ground Nuts
7,17,13,27.05,63.35,58.77,Paddy
10,0,33,31.49,71.13,61.76,Barley
21,0,23,30.84,59.19,45.38,Wheat
9,8,25,34.3,52.7,60.28,Wheat
3,3,29,31.13,73.3,29.78,Barley
28,2,20,28.87,58.01,36.28,Tobacco
8,4,13,36.02,63.58,41.22,Tobacco
35,4,0,35.93,59.27,55.76,Oil seeds
12,2,38,32.15,54.75,62.62,Cotton
43,4,2,23.42,58.34,36.7,Millets
10,20,17,24.23,54.91,32.3,Maize
12,1,33,28.51,48.44,45.73,Cotton
14,0,36,32.06,55.34,56.8,Paddy
40,0,0,31.18,54.19,43.3,Tobacco
10,0,45,33.59,54.6,51.9,Barley
17,0,31,30.36,59.8,70,Millets
7,14,26,28.79,64.17,68.25,Tobacco
18,1,22,28.74,44.89,43.99,Cotton
32,2,0,32.33,48.88,31.39,Sugarcane
12,20,21,39.12,61.14,51.1,Millets
11,0,12,34.71,54.08,46.09,Millets
14,0,9,30.34,64.88,34.89,Barley
12,3,40,27.59,52.12,42.52,Tobacco
12,0,39,35.14,69.39,45.5,Wheat
44,0,4,29.61,55.37,42.37,Barley
16,0,40,27.8,61.15,38.19,Tobacco
12,1,41,39.34,73.55,37.74,Barley
10,0,10,25.49,58.9,27.75,Maize
38,0,1,30.35,62.68,46.39,Cotton
20,0,23,29.31,65.11,40.63,Tobacco
11,0,39,30.84,76.53,34,Cotton
21,0,23,34.51,54.23,48.09,Sugarcane
21,2,24,29.97,59.98,41.02,Tobacco
10,22,13,29.54,46.05,47.43,Maize
18,2,21,29.6,65.96,27.64,Maize
4,4,30,32.18,62.78,23.55,Pulses
39,4,1,32.29,62.31,33.23,Tobacco
11,14,18,36.35,69.02,43.17,Sugarcane
14,0,38,37.33,59.48,53.07,Wheat
10,4,43,38.06,52.11,41.53,Ground Nuts
14,3,33,29.52,68.99,56.83,Paddy
10,9,28,40,78.86,52.13,Sugarcane
20,0,26,22.07,51.67,51.97,Tobacco
14,0,10,30.67,50.16,40.76,Cotton
11,5,34,25.98,62.89,61.12,Oil seeds
18,1,20,29.25,53.85,33.95,Maize
10,0,9,26.51,60.56,35.77,Barley
10,6,29,26.7,52.31,61.77,Sugarcane
21,0,25,25.95,62.86,51.74,Oil seeds
19,4,27,24.2,60.2,34.14,Oil seeds
24,0,28,23,52.82,37.28,Millets
10,0,11,31.77,57.58,49.46,Sugarcane
3,21,21,30.35,73.19,41.73,Ground Nuts
9,0,9,32.72,56.31,41.59,Paddy
11,10,26,32.17,56.59,62.96,Oil seeds
17,4,38,29.6,58.17,40.56,Millets
3,18,16,29.06,62.14,45.05,Ground Nuts
44,0,2,25.43,50.72,42.78,Sugarcane
3,11,29,31.93,61.7,61,Pulses
18,0,16,38.76,72.35,28.4,Pulses
7,14,17,22.95,47.87,42.49,Sugarcane
18,0,20,35.14,69.77,31.06,Ground Nuts
16,0,11,22.81,48.89,28.47,Maize
31,0,0,38.07,62.7,66.49,Maize
39,0,3,24.17,62.74,42.08,Wheat
39,0,4,29.03,66.58,27.4,Ground Nuts
4,0,8,37.98,57.42,48.64,Pulses
14,21,16,24.2,63.32,30.41,Sugarcane
13,1,40,39.47,72.83,59.41,Tobacco
38,2,4,32.72,59.26,37.37,Millets
6,18,12,23.61,40.7,39.71,Paddy
7,0,11,24.04,65.32,45.42,Ground Nuts
5,8,26,26.11,65.75,70,Tobacco
21,3,17,32.02,53.18,50.78,Cotton
14,18,8,29.17,59.16,55.51,Wheat
12,0,7,28.74,54.8,58.08,Millets
35,4,1,28.05,53.77,30.81,Pulses
39,3,0,30.96,57.8,42.72,Sugarcane
10,0,35,32.12,70.24,29.28,Barley
22,2,21,31.52,56.11,29.79,Pulses
17,0,10,39.41,63.5,41.68,Oil seeds
9,19,19,24.4,59.68,29.94,Paddy
6,13,31,37.61,56.44,61.31,Maize
31,1,1,26.71,59.61,29.75,Barley
38,2,4,35.3,65.91,61.45,Pulses
8,14,13,26.25,48.11,47.36,Oil seeds
34,0,0,23.41,47.11,60.88,Maize
15,15,10,26.86,58.4,49.47,Millets
23,0,22,30.4,64.62,29.5,Pulses
9,3,10,31.84,63.65,43.05,Paddy
9,15,21,35.66,67.28,53.18,Paddy
4,9,25,32.88,53.21,20,Paddy
35,2,0,27.68,46.99,22.43,Barley
13,0,41,31.06,58.96,32.69,Millets
14,16,12,29.43,42.86,23.41,Cotton
10,7,32,33.89,55.98,45.78,Millets
13,0,37,37.59,73,62.01,Ground Nuts
7,13,11,27.06,58.24,46.67,Sugarcane
38,0,0,32.94,59.38,30.73,Paddy
6,5,33,28.39,51.88,59.74,Oil seeds
19,2,41,31.18,55.41,33.33,Barley
8,20,13,26.88,60.42,29.07,Barley
21,3,22,28.78,46.7,36.68,Tobacco
24,0,20,22.15,54.75,39.9,Barley
5,13,10,34.37,52.58,39.35,Paddy
16,4,36,38.93,72.2,68.8,Tobacco
9,5,28,33.86,61.51,60.88,Sugarcane
16,1,40,29.29,49.2,35.91,Cotton
20,0,19,26.65,61.13,36.81,Cotton
19,4,19,23.94,46.32,39.99,Millets
20,0,19,30.97,58,39.5,Millets
38,2,0,30.01,51.08,29.77,Tobacco
22,0,23,27,61.54,48.67,Sugarcane
9,20,17,23.87,50.93,44.6,Pulses
36,4,3,37.83,58.79,52.48,Barley
13,0,13,28,47.27,57.35,Tobacco
9,0,8,28.02,63.79,48.61,Oil seeds
5,4,15,29.13,67.17,44.42,Wheat
25,0,28,34.41,62.43,33.3,Barley
3,13,32,29.76,61.14,53.09,Pulses
13,0,40,25.61,56.5,60.49,Ground Nuts
33,0,0,22.49,46.82,30.38,Tobacco
5,12,19,29.13,46.65,36.41,Ground Nuts
18,2,28,31.29,60.08,42.87,Tobacco
39,3,0,38.61,69.3,41.21,Paddy
15,4,30,29.54,54.01,70,Pulses
24,1,16,34.72,64.79,24.84,Maize
14,2,29,33.47,61.96,52.46,Pulses
9,0,36,30.67,67.01,70,Sugarcane
11,1,12,23.84,40.88,64.6,Barley
11,0,38,35.5,64.73,50.91,Pulses
39,0,2,26.3,56.35,38.58,Sugarcane
23,0,15,21.44,43.3,36.7,Cotton
42,0,0,31.67,71.83,25.15,Sugarcane
20,1,16,34.02,65.9,36.28,Wheat
7,8,31,27.74,58.79,39.22,Wheat
10,9,35,34.47,62.06,31.47,Pulses
8,4,9,22.28,44.81,70,Oil seeds
14,7,16,32.67,66.69,70,Sugarcane
6,0,35,38.27,69.52,41.61,Millets
9,1,18,34.72,55.96,37.9,Sugarcane
39,1,2,24.93,55.08,70,Paddy
8,10,16,29.31,44.74,47.53,Millets
15,0,37,37.76,59.22,56.24,Pulses
18,0,37,27.61,57.05,25.26,Ground Nuts
32,4,4,24.83,54.72,32.76,Oil seeds
10,5,35,33.76,53.8,61.55,Wheat
7,0,41,40,60.45,33.52,Cotton
18,4,20,36.02,74.78,38.64,Barley
12,9,34,29.17,58.72,20,Oil seeds
37,0,0,29.35,51.42,70,Sugarcane
25,1,24,32.78,63.54,36.29,Pulses
16,2,9,33.16,56.99,39.99,Pulses
19,3,33,32.62,52.77,37.75,Maize
1,17,16,32.78,73.78,36.5,Wheat
38,0,0,22.5,43.53,24.16,Sugarcane
13,0,40,30.9,58.59,38.32,Barley
8,2,13,34.54,55.21,45.01,Paddy
21,0,17,21.41,53.24,26.72,Ground Nuts
37,4,0,29.97,69.39,25.39,Pulses
7,6,32,25.29,61.48,27.71,Paddy
6,9,30,32.78,68.98,42.07,Maize
43,0,0,27.38,50.06,24.55,Pulses
5,16,22,34.33,67.03,36.49,Ground Nuts
40,0,0,20.45,45.71,55.91,Tobacco
41,0,0,33.66,76.53,54.93,Millets
42,3,0,27.79,51.33,28.88,Maize
43,2,0,30.52,54.99,69.02,Millets
39,0,0,28.83,64.74,44.66,Sugarcane
19,0,22,31.78,66.32,62.44,Paddy
35,0,0,28.49,61.78,47.46,Maize
8,5,28,26.7,61.16,69.76,Wheat
40,0,1,23.59,48.13,28.61,Sugarcane
8,0,6,32.73,67.1,34.06,Barley
7,4,29,33.44,67.04,56.66,Pulses
8,5,34,27.3,58.19,21.84,Paddy
11,12,31,30.79,53.82,68.44,Paddy
6,20,14,28.67,55.3,38.91,Ground Nuts
13,1,11,26.88,59.5,33,Barley
11,0,11,25.28,48.16,60.97,Paddy
12,4,38,39.78,59.7,70,Pulses
4,13,24,25.07,48.14,38.76,Barley
32,4,0,28.53,58.99,66.34,Millets
35,3,0,23.38,59.24,45.99,Paddy
9,3,7,26.95,52.13,54.83,Tobacco
7,19,21,34.46,67.55,53.28,Maize
41,0,0,30.24,57.35,39.81,Maize
6,5,25,30.01,48.4,35.35,Cotton
8,9,15,34.19,69.83,62.1,Paddy
10,14,28,32.25,50.03,66.47,Cotton
21,0,24,33.16,66.73,50.78,Maize
10,1,10,37.12,70.82,39.36,Millets
4,13,30,32.23,69.85,66.56,Ground Nuts
25,2,20,38.56,68.08,57.75,Paddy
40,0,2,27.12,58.16,22.74,Cotton
13,2,38,24.73,51.53,26.69,Wheat
10,16,16,29.05,63.39,46.94,Wheat
24,0,15,28.36,52.45,31.86,Pulses
4,9,32,37.97,57.61,56.51,Wheat
15,2,33,31.75,49.36,57.18,Wheat
38,0,1,39.48,79.62,45,Maize
10,4,37,31.73,51.04,30.08,Tobacco
35,3,0,32.2,72.21,60.57,Barley
41,0,0,33.52,56.48,24.69,Wheat
20,0,22,35.4,66.88,56.01,Pulses
6,16,12,28.75,56.3,63.61,Millets
8,0,32,27.28,44.46,51.74,Oil seeds
42,0,1,33.78,69.12,20.23,Ground Nuts
11,0,34,28.26,60.74,38.67,Ground Nuts
39,4,0,32.33,64.89,54.65,Ground Nuts
10,3,10,39.82,68.1,26.42,Paddy
16,3,11,23.86,58.39,20.05,Oil seeds
16,0,45,22.59,56.96,27.15,Barley
10,2,34,25.76,66.93,23.29,Ground Nuts
6,0,17,24.38,52.1,61.63,Wheat
8,9,26,24.99,61.19,45.63,Sugarcane
13,0,10,26.32,57.42,33.27,Pulses
5,0,7,25.92,59.83,38.31,Sugarcane
12,0,10,35,75.25,35.02,Sugarcane
12,0,15,26.66,68.27,47.59,Barley
18,0,21,20.3,54.28,45.3,Pulses
37,3,0,25.23,45.43,37.13,Cotton
40,3,0,30.71,56.46,43.4,Ground Nuts
10,2,41,33.8,58.42,63.96,Sugarcane
24,0,20,25.47,48.38,36,Millets
6,5,29,26.75,60.71,69.47,Oil seeds
40,3,0,31.97,52.19,32.94,Oil seeds
42,0,0,30.06,63.8,35.07,Maize
39,3,0,25.45,53.33,23.38,Oil seeds
14,9,12,38.04,64.69,48.58,Pulses
14,0,36,40,75.91,41.53,Ground Nuts
45,0,0,26.7,49.6,42.38,Paddy
6,0,13,30.02,65.59,54.31,Barley
9,1,17,30.26,44.92,59.46,Cotton
3,12,20,24.6,42.57,45.33,Paddy
5,14,17,30.5,56.85,37.55,Tobacco
10,0,37,33.02,75.26,31.06,Paddy
10,0,12,28.62,46.23,66.04,Millets
8,3,35,29.99,69.45,20,Pulses
5,5,26,25.88,62.12,69.37,Maize
20,0,25,30.13,68.83,49.19,Tobacco
21,0,17,34.13,72.64,46.55,Tobacco
10,8,36,32.58,55.89,49.25,Oil seeds
10,18,9,31.89,67.32,55.3,Maize
8,17,11,32.95,48.92,32.88,Millets
15,1,14,35.37,75.72,32.49,Oil seeds
14,0,36,31.8,60.45,29.67,Barley
13,16,11,26.49,68.8,49.84,Millets
43,4,2,38.31,61.97,48.6,Cotton
38,3,3,36.93,64.85,47.1,Oil seeds
15,11,15,21.89,47.55,20,Cotton
17,2,18,40,75.07,38.95,Sugarcane
7,7,31,37.05,69.76,48.65,Tobacco
11,0,13,33.03,57.67,46.12,Tobacco
8,0,14,30.6,60.9,57.87,Wheat
6,11,31,32.22,60.78,34.61,Sugarcane
35,0,0,32.77,60.31,32.09,Oil seeds
12,10,29,29.89,52.86,50.67,Millets
13,4,40,35.93,68.53,36.36,Ground Nuts
14,0,39,37.85,64.18,57.45,Cotton
30,0,0,24.66,47.81,24.37,Ground Nuts
40,0,0,28.48,69.99,27.05,Tobacco
39,0,1,35.25,55.27,39.3,Cotton
22,0,20,32.92,51.51,35.47,Pulses
36,3,0,39.3,71.67,43.17,Pulses
11,3,38,30.2,43.41,40.91,Oil seeds
21,0,24,32.52,64.65,24.55,Sugarcane
39,0,0,26.39,58.76,26.14,Sugarcane
17,0,32,29.87,57.28,37.3,Oil seeds
13,0,44,33.84,67.09,53.03,Wheat
13,2,12,30.96,55.9,41.09,Wheat
17,0,23,33.1,57.5,42.07,Barley
36,0,0,26.16,59.25,36.27,Cotton
15,4,10,32.22,68.32,47.1,Tobacco
15,0,41,25.96,57.58,55.01,Paddy
36,0,0,29.98,56.89,32.9,Maize
7,20,18,26.5,52.28,28.61,Ground Nuts
11,0,11,36.91,73.2,33.96,Maize
39,4,2,34,73.7,57.78,Maize
25,0,14,27.53,51.5,38.22,Tobacco
18,0,36,35.43,50.87,44.74,Ground Nuts
7,12,25,32.22,54.23,47.91,Barley
14,0,13,26.65,56.41,66.61,Wheat
8,16,11,26.9,42.45,46.23,Wheat
11,0,34,30.49,55.56,64.02,Wheat
12,3,16,26.99,44.75,36.06,Millets
40,2,0,26.11,58.64,22.93,Cotton
34,0,3,32.64,56.74,45.11,Tobacco
21,0,18,28.63,63.42,48.86,Wheat
18,3,25,22.6,60.21,36.97,Wheat
39,1,1,28.97,68.66,31.32,Paddy
21,3,23,32.04,68.28,40.21,Paddy
14,0,42,25.6,54.32,31.26,Barley
40,0,0,28.9,60.24,35.76,Oil seeds
33,2,4,26.66,60.4,30.09,Oil seeds
12,1,38,33.83,61.27,70,Oil seeds
42,0,1,34.54,63.82,62.84,Cotton
9,0,12,28.91,41.55,69.89,Oil seeds
37,0,0,36.28,62.7,32.29,Oil seeds
21,2,16,25.51,66.21,44.24,Barley
42,4,0,24.4,60.18,37.67,Pulses
8,8,29,32.06,46.96,51.16,Maize
8,4,28,40,71.75,46.13,Millets
4,14,20,24.3,54.99,32.02,Barley
2,13,28,29.47,59.72,59.54,Wheat
45,2,0,36.49,69.41,58.49,Ground Nuts
6,4,10,24.26,61.88,65.71,Maize
0,14,20,27.6,56.81,32.67,Pulses
8,12,34,23.84,61.45,20,Pulses
46,1,1,31.05,59.62,35.9,Paddy
34,0,0,28.51,55.73,42.73,Millets
21,1,24,36.45,68.49,26.71,Maize
11,6,30,29.8,66.69,70,Millets
30,0,0,27.41,49.33,22.31,Barley
20,2,24,30.29,48.59,52.49,Pulses
12,0,45,40,69.41,43.69,Ground Nuts
8,0,14,26.52,49.7,59.42,Barley
8,7,32,29.97,57.71,70,Pulses
16,3,41,29.01,57.85,40.02,Pulses
1,13,18,31.5,53.39,52.53,Paddy
33,0,0,28.83,59.28,49.24,Ground Nuts
44,0,4,23.87,61.85,26.36,Paddy
9,4,38,36.75,69.93,42.63,Millets
42,1,0,34.96,53.85,35.07,Sugarcane
39,4,2,32.9,66.62,21.84,Millets
37,0,0,24.66,59.3,31.83,Cotton
9,11,34,28.78,65.76,64.46,Ground Nuts
26,1,22,36.61,57.83,47.58,Barley
13,0,40,30.33,61.55,45.94,Tobacco
21,0,27,24.68,45.27,47.81,Pulses
24,0,19,20.7,52.06,31.55,Cotton
11,1,11,30.81,65.77,45.65,Maize
37,0,0,36.75,74.94,55.55,Tobacco
19,1,14,29.68,55.32,30.31,Paddy
13,1,10,29.45,51.32,62.42,Millets
10,13,14,33.28,70.59,39.69,Barley
9,11,25,28.42,49.48,38.23,Oil seeds
8,14,17,29.18,67.41,29.21,Paddy
12,8,28,35.39,69.31,42.02,Millets
7,0,15,33.12,66.48,41.95,Oil seeds
3,10,32,28.27,69.62,65.41,Cotton
13,0,39,33.61,68.82,40.58,Maize
40,3,0,25.71,55.35,40.7,Millets
14,16,15,31.15,66.9,49.75,Cotton
41,1,0,23.02,62.92,28.92,Pulses
8,0,12,25.53,52.01,43.54,Cotton
32,0,0,29.52,46.94,40.51,Cotton
10,10,16,31.28,59.63,56.79,Maize
17,3,28,27.39,58.57,47.88,Pulses
8,0,33,24.97,57.24,56.69,Tobacco
36,2,0,34.81,77.03,58.09,Pulses
12,9,14,30.22,68.75,58.39,Tobacco
12,1,4,27.95,52.04,60.22,Millets
42,0,3,36.68,59.35,46.12,Wheat
8,6,37,33.98,50.38,53.63,Maize
45,0,0,35.25,65.6,41.85,Cotton
16,1,19,21.87,46.4,37.57,Paddy
38,4,1,21.66,44.54,59.31,Wheat
9,1,35,27.7,51.81,52.3,Maize
7,0,14,35.18,71.74,59.5,Ground Nuts
36,3,0,31.64,58.28,29.1,Maize
3,19,16,30.89,46.85,55.84,Pulses
9,10,27,35.7,57.43,35.8,Cotton
26,3,21,33.87,54.76,35.38,Pulses
8,4,26,37.24,59.51,60.24,Sugarcane
25,3,19,27.81,67.33,35.83,Paddy
27,3,19,38.13,56.75,55.03,Wheat
3,9,27,31.88,69.26,37.67,Millets
11,0,14,37.62,56.81,33.81,Oil seeds
9,0,14,22.41,58.55,33.15,Millets
13,0,11,29.65,57.73,44.42,Cotton
15,0,13,28.76,50.29,26.63,Ground Nuts
17,3,39,23.62,54.1,36.08,Tobacco
14,3,42,33.13,65.2,62.77,Millets
11,0,41,30.05,49.6,38.88,Ground Nuts
7,20,13,20.14,55.39,34.9,Ground Nuts
33,2,2,25.12,59.64,41.7,Paddy
12,13,8,33.19,62.06,52.48,Sugarcane
19,0,25,34.27,61.65,38.7,Sugarcane
20,0,20,27.91,57.81,37.13,Sugarcane
2,23,13,28.82,53.07,33.55,Barley
8,0,43,26.41,53.31,47.82,Ground Nuts
34,1,0,30.4,55.73,55.43,Sugarcane
21,0,18,32.51,54.93,36.01,Paddy
24,0,23,26.68,58.71,31.63,Oil seeds
24,0,20,29.79,52.4,41.74,Ground Nuts
15,3,39,27.58,61.82,63.26,Sugarcane
20,0,20,33.86,71.98,39.51,Pulses
34,0,4,31.19,54.28,56.93,Oil seeds
4,10,27,37.5,78.9,55.18,Millets
13,0,40,24.53,51.09,51.48,Sugarcane
38,0,0,34.71,71.46,27.27,Maize
39,3,0,28.71,61.58,39.06,Maize
32,0,3,26.71,56.92,34.15,Wheat
26,0,22,38.54,57.01,49.61,Millets
17,1,35,36.76,71.56,36.82,Cotton
10,3,9,30.58,51.06,30,Millets
15,0,15,29.48,49.92,23.52,Millets
5,5,24,31.21,58.81,41.61,Paddy
14,2,36,34.58,58.18,59.64,Ground Nuts
1,14,12,30.13,63.29,31.12,Paddy
11,0,9,30.13,58.46,60.18,Pulses
24,1,18,24.63,53.02,36.99,Sugarcane
7,0,12,30.44,63.3,49.43,Tobacco
6,15,19,26.65,56.89,50.34,Maize
41,1,0,32.06,55.75,63.43,Wheat
36,4,0,29.22,51.42,31.77,Sugarcane
17,2,43,24.12,52.17,38.96,Barley
26,0,19,36.74,54.42,31.68,Millets
4,5,29,34.73,70.2,55.44,Millets
17,0,14,26.11,42.81,42.69,Millets
38,1,0,27.48,43.68,31.29,Oil seeds
22,0,19,24.26,56.62,34.63,Pulses
24,0,18,27.33,58.93,31.31,Wheat
8,0,36,32.75,57.13,30.99,Tobacco
5,5,26,24.32,64.62,26.9,Barley
8,7,32,34.22,66.2,65.25,Paddy
3,18,16,26.56,61.21,46.73,Barley
19,0,22,30.77,60.08,39.33,Sugarcane
9,0,35,28.84,59.5,20,Wheat
23,0,21,25.9,59.1,46.8,Millets
35,0,0,26.17,51.76,33.52,Maize
10,0,39,27.2,62.82,65.08,Maize
40,3,0,29.73,48.28,26.09,Millets
6,8,21,32.31,63.38,48.51,Maize
34,2,4,36.46,63.12,40.28,Pulses
10,0,7,22.84,59.33,62.69,Wheat
10,9,27,25.4,56.88,53.51,Millets
10,16,9,34.47,55.51,46.55,Cotton
23,0,23,24.83,57.64,41.53,Tobacco
5,0,11,34.99,53.45,34.55,Ground Nuts
14,0,34,35.41,55.99,30.99,Sugarcane
26,0,17,35.73,68.68,38.23,Oil seeds
7,0,31,38.03,72.22,45.56,Barley
3,7,30,38.49,73.46,46.36,Ground Nuts
12,4,41,35.33,57.99,70,Ground Nuts
11,12,30,27.72,44.26,20,Barley
43,4,0,32.64,48.78,46.52,Barley
22,1,21,20.18,51.57,34.03,Tobacco
9,15,7,32.15,57.67,51.66,Tobacco
12,0,35,31.33,55.22,24.37,Cotton
9,0,5,25.58,54.13,29.55,Sugarcane
34,1,0,23.98,55.05,31.37,Ground Nuts
3,22,18,32.63,64.09,48.36,Barley
38,2,0,30.75,52.41,37.5,Maize
16,0,20,27.83,48.97,45.35,Paddy
7,9,29,29.78,57.79,45.7,Sugarcane
22,0,28,27.09,53.92,37.19,Sugarcane
15,2,36,26.43,60.25,35.78,Sugarcane
44,1,0,27.82,48.81,25.68,Pulses
23,4,21,33.4,62.87,43.1,Millets
12,8,30,31.47,62.21,66.18,Maize
11,2,18,31.35,67.11,31.38,Pulses
8,1,11,26.82,51.3,34.82,Barley
7,7,32,26.78,65.69,55.2,Maize
6,3,11,25.92,47.69,61.97,Ground Nuts
9,0,4,27.58,42.95,54.69,Sugarcane
4,6,27,34.13,69.91,26.15,Sugarcane
8,0,14,27.47,46.61,31.72,Tobacco
13,2,8,37.79,66.43,53.61,Maize
39,2,4,37.81,64.17,31.59,Paddy
44,3,0,30.8,58.77,21.23,Paddy
15,8,12,28.25,54.74,70,Maize
36,0,2,26.16,45.71,32.82,Pulses
41,2,0,33.66,67.43,38.06,Pulses
7,5,26,33.31,66.96,40.72,Oil seeds
8,16,14,34.91,57.74,67.05,Maize
11,0,13,27.14,52.85,56.68,Tobacco
27,0,23,28.7,54.12,34.2,Oil seeds
18,13,9,29.99,45.79,31.39,Millets
10,10,34,39.07,73.97,37.05,Tobacco
9,0,41,25.64,57.81,39.15,Pulses
25,0,18,32.86,61.11,38.13,Sugarcane
9,10,12,35.95,56.17,51.09,Wheat
41,0,4,38.15,76.07,50.5,Wheat
9,2,28,27.97,61.87,53.56,Maize
12,4,40,32.21,69.43,39.24,Wheat
16,0,34,35.52,75,62.64,Maize
11,11,28,27.25,57.18,56.38,Maize
41,0,0,34.84,55.67,20,Paddy
11,0,38,38.74,72.41,27.4,Pulses
16,1,40,26.87,52.34,36.12,Cotton
9,0,36,33.62,61.17,32.6,Wheat
10,0,37,31.47,70.69,49.36,Maize
21,0,14,20.18,49.8,27.78,Maize
44,0,2,27.16,55.4,35.51,Oil seeds
26,0,17,29.22,51.72,43.95,Wheat
46,0,0,31.2,50.88,26.64,Sugarcane
3,14,16,35.95,72.98,52.9,Wheat
6,2,35,38.86,75.86,37.69,Tobacco
6,11,29,35.31,77.47,46.4,Sugarcane
4,7,31,30.59,56.57,30.01,Oil seeds
7,8,35,26.12,58.73,50.26,Wheat
12,0,6,25.49,50.89,63.63,Tobacco
5,2,31,33.52,57.98,49.92,Oil seeds
26,2,22,31.88,52.97,49.87,Cotton
17,4,14,33.94,55.33,48.3,Tobacco
8,2,39,27.97,47.65,45.75,Paddy
26,0,14,29.43,65.58,51.3,Maize
28,0,21,29.37,58.44,44.49,Sugarcane
19,0,36,27.43,56.68,24.36,Wheat
33,0,4,32.66,59.5,27,Pulses
33,2,0,25.17,43.89,65.91,Ground Nuts
14,0,37,27.51,55.86,41.39,Barley
14,2,10,26.81,58.78,49.15,Oil seeds
28,0,21,29.29,69.9,43.81,Maize
42,3,0,32.07,63.03,39.38,Maize
15,0,36,30.29,69.78,31.58,Sugarcane
17,0,23,22.46,48.46,43.17,Tobacco
15,8,19,24.89,41.79,54.45,Ground Nuts
0,8,30,29.43,62.46,43.26,Barley
16,14,19,40,76.58,43.4,Pulses
12,1,35,33.82,63.87,30.01,Wheat
8,4,38,36.91,75,34.75,Wheat
15,15,14,29.11,66.22,57.05,Sugarcane
8,2,33,37.61,71.93,31.01,Oil seeds
5,12,16,23.97,42.57,33.9,Ground Nuts
13,3,10,21.48,43.69,41.22,Oil seeds
34,0,3,28.56,69.25,43.73,Barley
14,13,10,24.78,56.42,25.51,Sugarcane
18,1,13,28.78,60.98,46.86,Millets
7,3,5,25.83,42.5,60.32,Cotton
9,1,37,21.27,59.98,35.59,Paddy
13,0,38,27.79,46.46,33.4,Ground Nuts
40,0,0,36.34,67.59,43.01,Oil seeds
3,7,32,26.57,52.98,56.7,Tobacco
10,0,37,27.78,57.1,42.64,Barley
6,0,18,26.99,44.73,51.9,Oil seeds
16,0,13,29.83,64.29,45.68,Sugarcane
7,0,3,23.56,56.69,37.04,Pulses
36,0,0,31.85,62.5,31.51,Ground Nuts
8,11,9,26.79,58.42,26.41,Oil seeds
36,0,0,27.02,55.09,35.69,Paddy
38,1,0,25.4,59.23,35.65,Paddy
37,0,0,28.2,47.14,48.34,Tobacco
11,11,11,34.32,61.36,44.53,Maize
7,0,38,34.8,76.07,30.81,Tobacco
9,14,16,33.52,65.3,40.12,Ground Nuts
17,3,15,29.16,51.25,37.86,Wheat
42,4,0,33.55,69.48,37.73,Cotton
12,0,32,35.14,68.94,36.73,Paddy
10,0,37,31.21,67.98,48.85,Paddy
14,0,45,27.89,53.82,40.72,Tobacco
7,2,41,39.78,72.13,29.77,Maize
9,0,42,33.64,62.64,37.52,Sugarcane
17,0,36,26.29,44.72,37.75,Pulses
38,0,4,27.42,62.2,57.15,Millets
36,0,2,32.51,53.53,45.88,Tobacco
8,9,26,33.57,54.09,68.48,Sugarcane
38,0,0,30.06,57.82,29.93,Paddy
12,2,10,40,75.94,34.96,Millets
23,1,21,21.36,46.46,35.37,Cotton
4,10,26,30.85,62.03,23.42,Cotton
15,16,20,32.9,63.12,47.43,Barley
39,2,0,29.42,72.78,42.89,Sugarcane
12,4,35,38.27,63.65,41.45,Ground Nuts
16,2,38,25.08,61.53,34.32,Tobacco
15,0,8,33.46,72.4,40.83,Oil seeds
11,11,16,27.4,56.09,57.66,Paddy
24,3,27,31.91,46.26,41.51,Pulses
10,0,13,30.02,66.49,49.75,Maize
17,0,40,26.05,51.23,34.11,Maize
12,0,45,38.11,67.76,40.16,Tobacco
10,4,37,25.82,44.33,29.18,Tobacco
2,22,14,25.24,43.61,39.67,Ground Nuts
14,0,32,36.49,65.48,39.34,Oil seeds
16,0,14,23.39,59.65,40.74,Paddy
14,15,13,29.61,70.12,42.17,Barley
17,0,37,33,55.09,52.37,Pulses
8,17,20,32.12,68.28,42.26,Barley
7,4,29,33.34,73.86,48,Ground Nuts
23,1,20,29.17,64.55,46.56,Barley
23,2,24,24.82,45.77,51.47,Cotton
28,0,16,27.19,46.21,27.99,Sugarcane
44,0,1,34.5,63.22,50.73,Ground Nuts
36,0,0,31.98,45.3,30.75,Pulses
8,20,21,31.31,58.21,49.13,Oil seeds
7,9,31,31.7,73.98,42.06,Pulses
27,1,28,30.25,60.34,33.5,Barley
13,0,41,38.47,55.14,50.1,Ground Nuts
3,9,26,35.84,62.15,67.16,Millets
8,14,16,26.29,62.82,38.28,Barley
13,1,32,35.77,67.17,42.53,Maize
9,0,39,27.14,68.62,46.27,Wheat
23,0,20,32.99,70.55,34.22,Paddy
8,0,39,33.14,50.64,55.05,Maize
10,0,38,25.7,57.86,20,Barley
10,16,18,27.27,42.2,47.49,Wheat
41,3,2,25.65,55.02,37.37,Tobacco
23,0,23,28.48,55.48,25.55,Maize
11,0,11,26.12,60.43,58.13,Cotton
18,0,16,22.99,44.67,30.17,Paddy
42,0,0,35.57,70.66,40.03,Wheat
13,0,40,25.78,57.76,65.12,Tobacco
25,0,24,38.93,72.28,67.64,Cotton
12,12,13,34.4,70.85,53.05,Sugarcane
19,0,21,23.28,45.27,43.77,Sugarcane
12,4,35,29.27,65.89,70,Wheat
10,10,16,28.06,44.09,58.46,Tobacco
23,0,25,29.55,60.62,45.99,Barley
11,16,8,25.91,42.33,27.89,Oil seeds
42,1,0,29.91,45.99,64.48,Cotton
37,1,0,32.92,60.86,60.26,Maize
9,9,27,36.6,61.48,20,Cotton
8,0,42,35.3,76.77,44.61,Tobacco
15,0,6,32.46,62.03,48,Cotton
12,4,26,31.52,57.93,68.2,Maize
25,4,18,28.54,55.75,38.08,Sugarcane
10,11,22,26.33,58.16,43.91,Barley
34,4,0,31.55,50.78,32.59,Paddy
8,14,29,25.7,62.98,30.45,Pulses
24,4,17,33.51,66.81,32.19,Paddy
45,0,0,33.19,62.86,37.31,Oil seeds
9,0,11,24.07,54.47,28.69,Pulses
11,3,36,37.03,73.51,35.21,Tobacco
5,11,33,29.52,56.55,31.92,Cotton
11,16,16,20.55,42.03,63.54,Barley
14,2,38,33.35,71.63,38.11,Sugarcane
13,0,5,30.33,51.05,33.36,Cotton
43,4,2,31.18,55.84,28.31,Millets
45,0,0,37.84,66.91,57.7,Oil seeds
42,0,0,32.56,68.67,23.64,Tobacco
35,0,2,31.72,45.26,28.54,Maize
39,0,2,31.1,45.98,25.78,Ground Nuts
9,0,11,29.8,59.73,35.64,Barley
25,0,20,33.62,63.24,36.1,Tobacco
26,4,24,34.15,57.16,39.48,Cotton
10,8,9,29.13,53.38,49.08,Sugarcane
33,0,0,30.83,57.02,57.45,Barley
6,16,9,29.14,61.8,44.63,Tobacco
6,14,17,26.79,61.62,45.64,Ground Nuts
3,20,17,21.49,46.99,40.82,Cotton
38,3,0,35.36,56.86,36.82,Millets
27,1,21,25.98,56.09,45.29,Tobacco
40,1,2,25.86,45.62,35.68,Barley
44,0,2,29.91,60.03,58.5,Cotton
39,0,0,27.33,55.62,31.28,Pulses
14,12,11,34.51,68.73,69.9,Barley
9,9,17,32.14,71.89,41.21,Pulses
19,3,20,34.01,63.87,51.24,Wheat
4,9,34,30.01,59.57,35.04,Ground Nuts
6,2,28,35.19,65.14,22.12,Ground Nuts
42,0,0,28.81,54.94,41.6,Barley
1,5,32,30.77,55.44,46.67,Paddy
14,10,35,32.43,56.6,64.19,Wheat
13,0,43,34.68,50.94,55.43,Oil seeds
40,0,3,24.83,59.19,31.4,Paddy
41,3,0,28.86,73.5,29.53,Sugarcane
5,0,9,29.84,65.34,35.1,Barley
5,0,14,38.76,56.94,56.53,Cotton
6,7,30,35.24,66.47,51.44,Cotton
10,2,38,34.51,58.28,63.85,Millets
12,2,10,23.93,60.03,29.73,Millets
19,0,33,28,58.95,32.66,Pulses
39,0,0,25.02,45.57,38.91,Tobacco
31,2,4,30.76,50.1,44.85,Maize
12,8,13,30.4,52.84,59.57,Maize
9,15,10,34.55,61.85,66.2,Ground Nuts
13,9,32,23.54,47.71,27.92,Barley
13,1,7,29.87,52.38,22.8,Pulses
10,11,29,34.57,55.72,20,Sugarcane
17,0,15,31.63,50.38,31.45,Paddy
38,1,3,31.73,51.82,37.23,Maize
3,6,33,25.36,62.76,62.32,Barley
3,8,26,36.64,57.29,24.08,Oil seeds
17,0,37,32.1,65.89,70,Wheat
13,13,13,21.09,49.87,63.43,Paddy
42,4,2,36.17,73.15,60.09,Cotton
43,1,0,38.68,76.72,57.16,Tobacco
17,19,13,29,70.73,43.4,Oil seeds
40,0,3,31.23,66.32,27.49,Wheat
9,12,17,31.19,71.44,46.39,Maize
38,1,0,29.35,61.82,63.95,Pulses
12,4,31,27.41,56.77,45.73,Sugarcane
8,0,13,32.63,66.83,49.59,Cotton
26,0,23,34.33,58.34,39.98,Cotton
8,8,26,26.71,51.41,32.41,Tobacco
40,0,0,30.66,66.4,52.44,Pulses
43,0,2,27.45,57.24,34.3,Oil seeds
14,4,11,30.59,56.93,49.01,Cotton
10,0,38,29.75,47.56,33.26,Cotton
25,0,15,35.61,68.63,70,Sugarcane
15,0,5,31.43,54.96,40.98,Paddy
10,9,28,31.37,74.91,34.64,Ground Nuts
37,2,3,28.38,51.28,61.42,Sugarcane
18,0,39,31.44,70.97,62.81,Paddy
12,2,40,39.45,73.14,24.99,Maize
43,2,0,24.78,50.29,39.4,Millets
19,1,14,25.7,52.75,36.55,Paddy
8,14,18,29.06,71.99,38.56,Tobacco
13,1,38,26.27,55.47,33.28,Wheat
38,0,0,33.49,63.84,32.92,Ground Nuts
12,0,37,34.92,58.53,27.98,Cotton
9,0,8,22.93,52.54,39.37,Cotton
32,1,1,26.38,49.88,65.47,Maize
9,7,23,34.28,68.8,43.11,Cotton
18,4,33,35.49,70.58,34.23,Maize
5,12,25,32.6,53.68,28.87,Pulses
10,1,40,38.65,67.93,70,Millets
42,0,1,39.15,68.25,46.6,Sugarcane
14,21,20,32.15,57.42,26.8,Wheat
7,9,29,32.8,61.46,58.5,Wheat
43,4,0,39.01,65.01,46.91,Pulses
15,3,36,32.04,64.28,62.11,Barley
14,0,19,24.88,43.56,53.5,Sugarcane
13,0,37,24.12,50.26,37.62,Wheat
41,0,3,27.71,53.42,37.98,Maize
17,0,37,32.91,64.18,51.89,Paddy
11,20,20,37.05,69.22,44.58,Sugarcane
22,0,20,30.03,65.12,38.84,Millets
22,3,21,23.9,43.28,43.12,Pulses
6,8,30,30.41,63.03,49.09,Maize
12,0,32,29.86,50.94,70,Sugarcane
9,0,37,37.46,61.25,31.69,Tobacco
3,4,34,28.75,55.19,20,Millets
14,0,38,24.86,58.35,61.89,Wheat
22,3,20,27.63,58.09,46.23,Paddy
40,2,1,29.59,65.88,21.2,Sugarcane
11,0,13,28.41,61.99,31.54,Maize
16,3,42,24.22,59.75,30.07,Ground Nuts
4,5,28,37.05,66.11,38.47,Pulses
12,4,9,28.28,67.72,55.83,Tobacco
14,15,12,31.39,61.78,70,Maize
17,0,27,28.51,55.93,40.33,Cotton
7,7,32,29.88,64.22,20,Oil seeds
10,0,11,25.28,50.64,66.87,Pulses
11,2,35,36.27,74.55,57.03,Cotton
0,11,27,29.28,55.6,41.79,Paddy
7,10,32,40,72.78,38.48,Pulses
5,23,14,25.08,45.08,31.07,Sugarcane
24,3,19,29.35,67.05,31.67,Cotton
24,0,22,28.86,59.22,44.4,Tobacco
25,0,15,27.1,55.35,36.61,Sugarcane
18,1,36,28.09,50.46,25.38,Barley
14,3,43,28.96,54.32,35.97,Barley
40,2,0,27.67,57.87,33.61,Pulses
9,18,19,29.34,49.57,20.01,Maize
32,0,0,28.57,50.93,44.78,Maize
12,20,14,38.15,59.18,55.78,Cotton
4,14,25,23.08,62.96,20,Millets
3,8,30,37.11,70.83,56.74,Cotton
41,3,3,36.28,71.99,35.88,Tobacco
20,0,23,33.3,61.33,50.98,Pulses
27,0,20,26.17,53.24,51.31,Barley
10,0,36,34.55,58.92,68.9,Wheat
15,0,39,34.69,78.28,43.78,Pulses
16,4,8,29.02,67.93,55.54,Pulses
35,0,0,28.19,60.08,28.35,Tobacco
6,4,26,38.69,61.57,53.46,Cotton
28,2,15,34.73,66.96,59.65,Oil seeds
36,0,0,25.55,62.37,41.64,Cotton
32,0,0,31.75,58.98,56.2,Pulses
35,0,4,30.51,64.47,31.19,Paddy
8,3,5,24.18,53.12,59.3,Maize
39,0,2,30.65,47.72,37.49,Maize
9,0,40,29.91,59.7,54.67,Tobacco
26,0,21,34.12,63.6,27.97,Maize
10,9,25,30.51,52.48,23.64,Paddy
39,0,0,28.09,61.48,39.32,Tobacco
37,0,0,24.12,53.65,35.22,Ground Nuts
3,0,17,33.21,64.79,31.54,Sugarcane
42,0,0,36.7,62.62,24.01,Barley
5,0,17,34.03,55.38,49.19,Cotton
34,0,0,24.49,51.98,67.62,Sugarcane
16,14,7,29.92,57.58,44.49,Ground Nuts
15,0,38,33.42,65.41,63.33,Maize
12,7,26,29.32,57.18,70,Ground Nuts
18,0,20,27.49,54.22,40.06,Oil seeds
38,0,3,35.27,69.93,44.23,Ground Nuts
3,5,30,34.35,67.37,55.82,Cotton
23,0,18,27.52,62.28,31.71,Pulses
5,0,8,33.94,62.1,56.9,Ground Nuts
38,0,3,24.78,59.94,49.61,Sugarcane
8,0,18,33.97,73.31,26.07,Wheat
6,23,23,34.04,73,36.41,Tobacco
37,2,0,29.03,51.28,59.83,Millets
14,0,36,24.13,65.79,35.41,Wheat
27,0,23,37.53,67.28,40.79,Maize
33,1,0,27.94,59.27,46.39,Cotton
12,11,32,26.2,66.49,58.35,Tobacco
38,0,4,30.71,58.51,42.79,Maize
6,4,15,37.97,62.65,56.53,Ground Nuts
9,0,38,35.46,70.84,62.84,Maize
5,0,6,30.08,61.49,52.42,Oil seeds
15,13,14,33.82,61.25,59.51,Cotton
11,0,6,29.05,54.64,49.53,Paddy
16,0,36,40,72.25,45.19,Millets
17,12,10,22.51,50.31,30.59,Maize
9,0,44,32.06,78.41,36.96,Wheat
10,3,26,39.91,60.35,29.4,Oil seeds
10,0,42,32.83,59.11,29.94,Tobacco
19,0,22,28.99,56.86,47.2,Sugarcane
4,6,33,31.08,73.05,43.81,Tobacco
10,3,38,36.75,71.25,31.9,Paddy
40,0,0,29.59,64.77,26.04,Paddy
9,5,31,29.95,61.65,70,Sugarcane
9,11,35,28.74,51.47,58.63,Maize
34,2,3,37.6,71.43,54.12,Ground Nuts
12,0,41,38.31,77.54,38.22,Wheat
19,0,24,33.09,65.12,37.71,Pulses
33,0,4,36.17,64.23,54.97,Oil seeds
16,0,16,40,58.41,25.99,Sugarcane
9,3,38,23.4,62.09,20,Millets
37,4,0,22.76,48.08,34.55,Maize
8,1,11,23.01,46.97,52.66,Maize
12,0,34,36.87,74.71,25.27,Barley
8,0,8,26.86,50.54,67.65,Pulses
12,0,14,30.79,62.82,29.74,Barley
14,0,41,37.88,56.28,34.78,Pulses
24,0,19,33.59,73.86,52.09,Oil seeds
14,8,13,24.23,40.87,63.97,Oil seeds
5,12,28,29.22,68.58,68.54,Pulses
13,1,36,34.83,74.84,38.55,Barley
19,0,44,40,72.53,69.09,Barley
24,0,22,32.53,66.27,24.96,Sugarcane
5,3,33,34.05,57.39,35.01,Millets
10,8,31,33.84,78.28,54.01,Ground Nuts
6,0,6,26.13,59.47,53.78,Paddy
10,11,8,32.31,65.98,51.84,Wheat
19,0,13,27.78,63.49,36.53,Maize
40,0,0,30.03,59.76,24.55,Barley
8,6,28,32.22,56.23,20,Oil seeds
23,3,18,29.46,59.59,27.28,Oil seeds
1,20,15,28.6,61.06,46.54,Ground Nuts
22,0,20,36.31,72.79,46.6,Barley
32,0,0,25.53,60.96,23.48,Pulses
26,0,14,32.69,55.03,46.23,Cotton
44,0,0,30.11,57.34,25.96,Pulses
14,18,12,27.71,61.57,28.73,Sugarcane
6,11,33,32.34,57.71,24.9,Maize
11,3,39,38.2,60.72,31.82,Tobacco
40,4,0,38.64,77.51,43,Barley
6,0,8,27.61,69.47,34.64,Maize
9,10,25,29.73,65.44,62.54,Paddy
9,3,36,24.65,57.12,52.24,Oil seeds
7,0,6,24.61,59.11,55.45,Oil seeds
24,0,21,27.55,50.87,37.69,Wheat
16,0,30,27.77,68.01,52.99,Cotton
39,0,1,31.08,59.06,47.05,Tobacco
11,8,25,27.26,62.16,33.59,Barley
13,1,44,24.69,55.52,22.39,Ground Nuts
37,0,0,33.35,65.13,26.44,Wheat
25,4,20,33.4,49.71,50.01,Sugarcane
2,8,32,32.29,62.66,37.32,Barley
32,0,0,23.48,58.98,66.26,Oil seeds
38,0,0,35.91,64.54,51.18,Tobacco
22,0,23,23.18,59.48,46.95,Sugarcane
35,1,0,37.6,61.35,36.62,Barley
5,6,32,34.08,67.3,66.45,Wheat
6,5,27,38.16,64.57,44.12,Cotton
8,10,27,34.31,75.92,40.55,Cotton
15,0,8,28.13,62.39,53.4,Cotton
4,13,25,25.04,66.1,46.92,Pulses
25,1,19,35.22,56.07,66.76,Tobacco
12,4,5,33.39,58.29,46.97,Wheat
20,0,25,31.97,56.43,38.33,Ground Nuts
14,0,11,29.39,52.92,44.26,Sugarcane
41,1,4,28.22,63.09,31.79,Oil seeds
33,0,1,28.99,57.8,41.7,Wheat
17,0,22,31.7,60.31,42.96,Barley
11,9,29,28.82,62.02,40.63,Maize
11,12,13,31.71,52.75,30.13,Oil seeds
10,12,31,27.04,53.79,60.68,Millets
18,0,27,28.31,66.5,29.81,Millets
27,2,19,27.83,55.13,30.2,Wheat
2,17,12,30.04,58.87,38.82,Paddy
6,0,15,35.85,70.43,52.65,Wheat
38,0,4,32.69,55.16,54.36,Paddy
8,0,41,25.42,55.67,20,Tobacco
19,0,37,36.08,58.63,55.26,Cotton
38,0,2,32.87,55.38,34.81,Maize
6,7,31,33.54,64.83,36.55,Barley
9,0,9,24.47,48.83,63.87,Pulses
18,0,24,30.37,59.55,46.99,Cotton
20,0,22,34.67,56.47,33.94,Cotton
37,3,4,30.85,62.67,70,Maize
15,0,42,30.26,51.93,67.2,Tobacco
1,19,12,31.2,58.13,55.28,Maize
22,0,17,30.08,70.01,35,Sugarcane
7,5,27,30.41,57.18,58.29,Paddy
45,1,2,29.58,55.83,32.4,Sugarcane
25,0,25,24.66,51.66,45.41,Wheat
9,0,7,33.91,67.92,38.66,Oil seeds
10,3,13,26.95,47.7,20.39,Ground Nuts
7,7,16,26.25,56.03,69.41,Sugarcane
24,0,15,26.88,54.41,28.3,Maize
37,4,0,38.72,72.63,44.83,Paddy
2,9,33,29.2,55.04,68.65,Millets
37,3,4,24.84,54.15,44.72,Maize
8,1,10,31.87,61.74,41.71,Sugarcane
7,6,34,33.22,55.48,63.02,Tobacco
17,0,12,33.82,72.77,45.9,Paddy
39,0,0,40,66.66,43.95,Millets
11,0,40,23.32,51.38,36.32,Paddy
1,16,19,35.87,59.89,50.2,Pulses
8,4,13,35.78,74.8,29.82,Ground Nuts
8,4,27,28.48,54.42,23.99,Maize
25,1,24,26.58,48.73,49.63,Tobacco
0,14,14,26.2,54.23,41.59,Oil seeds
14,0,31,33.25,59.02,58.34,Tobacco
44,0,0,32.1,66.19,31.38,Paddy
18,0,20,21.71,58.45,32.63,Pulses
4,12,33,37.74,72.77,41.36,Pulses
41,4,3,40,74.04,47.46,Cotton
12,0,10,26.52,54.16,39.44,Tobacco
8,0,8,31.34,61.15,61.58,Pulses
10,2,9,26.47,52.11,39.99,Sugarcane
38,0,0,25.28,45.69,24.19,Sugarcane
8,9,30,31.12,58.29,37.01,Ground Nuts
22,4,19,27.26,62.29,46.78,Paddy
40,0,2,24.52,45.6,63.28,Tobacco
36,0,1,35.75,63.57,38.89,Barley
5,17,14,25.55,63.42,27.81,Paddy
22,1,19,30.84,63.15,54.37,Tobacco
21,4,18,28.63,52.84,34.25,Maize
10,0,41,32.94,72.52,37.15,Barley
38,0,0,37.38,69.43,42.68,Oil seeds
12,2,11,22.27,40.25,63.8,Sugarcane
9,5,24,25.84,44.81,44.37,Oil seeds
15,0,38,33.02,49.45,31.28,Barley
13,3,35,30.45,57.02,53.78,Sugarcane
12,4,41,37.66,55.23,31.77,Maize
14,2,40,34.19,63.11,35.01,Cotton
23,0,16,32.13,55.38,43.65,Sugarcane
33,0,0,36.31,62.76,31.8,Wheat
8,0,41,30,48.39,24.07,Maize
17,0,4,32.96,52.26,42.35,Tobacco
24,0,25,30.6,52.99,29.12,Oil seeds
4,14,34,23.83,52.78,20,Pulses
8,14,13,23.74,48.91,62.89,Paddy
38,0,0,22.61,51.15,40.5,Barley
23,0,26,22.26,58.83,33.35,Millets
15,3,9,27.42,50.44,30.86,Millets
8,9,17,32.38,55.82,40.91,Oil seeds
3,10,28,32.77,60.55,61.77,Sugarcane
24,3,20,28.08,58.59,44.33,Millets
14,0,35,38.07,67.05,32.47,Wheat
36,0,0,25.38,57.54,70,Barley
24,3,23,26.79,43.38,41.56,Oil seeds
14,4,45,22.05,52.83,36.27,Sugarcane
9,3,25,31.02,47.08,52.83,Pulses
39,2,3,28.97,59.7,23.81,Oil seeds
39,0,0,29.42,56.7,47.96,Maize
22,0,28,29.51,56.65,41.98,Millets
5,7,32,25.84,57.48,40.97,Pulses
43,0,3,35.66,53.57,31.42,Ground Nuts
14,6,24,30.28,53.79,45.41,Ground Nuts
21,0,20,33.46,60.18,43.06,Maize
16,0,15,22.05,46.19,28.77,Ground Nuts
36,1,0,40,67.16,44.64,Cotton
7,12,10,35.64,57.39,53.46,Cotton
9,0,11,32,69.37,40.63,Millets
7,0,11,28.35,55.27,47.18,Barley
12,0,35,36.17,70.81,32.25,Sugarcane
20,0,20,26.26,49.17,33.65,Pulses
15,4,37,29.77,53.93,44.28,Tobacco
18,2,16,28.12,49.45,37.57,Sugarcane
42,0,3,31.84,54.29,26.55,Paddy
16,4,6,34.76,56.86,47.11,Wheat
11,3,32,30.08,49.47,60.63,Paddy
30,0,4,23,60.54,38.01,Oil seeds
7,13,15,25.3,50.39,29.86,Sugarcane
8,4,36,29.65,55.27,57.09,Millets
13,0,6,28.53,57.4,65.78,Wheat
13,2,16,23.52,62.06,63.73,Wheat
17,1,21,26.74,51.72,49.96,Oil seeds
9,0,34,36.27,58.72,31.17,Pulses
8,19,11,30.8,59.23,32.46,Ground Nuts
22,0,22,34.33,61.6,35.53,Maize
43,0,3,25.38,61.44,49.36,Wheat
7,13,30,26.37,46.29,20,Cotton
26,0,17,35.61,69.21,45.08,Sugarcane
10,7,32,26.38,57.12,57.3,Barley
12,14,12,26.28,53.99,20,Cotton
22,4,20,33.29,64.15,33.58,Paddy
9,8,33,32.06,58.25,33.38,Tobacco
13,0,40,39.4,57.28,40.19,Tobacco
18,0,38,40,68.47,49.84,Maize
10,0,36,38.66,61.44,26.03,Pulses
7,17,9,38.84,59.67,60.84,Paddy
11,1,7,31.42,54.93,41.21,Ground Nuts
16,0,8,31.94,52.61,58.38,Millets
10,2,33,33.81,55.89,56.88,Pulses
37,0,1,28.61,59.13,22.9,Sugarcane
10,3,13,33.41,53.69,63.42,Barley
33,0,0,29.76,60.63,45.62,Wheat
25,3,23,31.81,66.62,69.44,Pulses
10,10,12,29.8,65.49,61.86,Cotton
9,2,44,40,61.65,27.12,Ground Nuts
3,20,16,29.2,62.74,46.45,Maize
10,3,42,35.08,55.2,65.28,Tobacco
12,12,9,26.46,63.81,50.64,Tobacco
37,0,2,27.05,62.62,35.54,Millets
21,0,20,24.98,62.27,48.83,Maize
12,4,37,30.73,64.04,58.01,Cotton
9,13,29,38.05,68.85,57.68,Wheat
38,2,0,32.47,67.69,65.89,Wheat
36,2,1,33.86,54.7,28.74,Ground Nuts
11,14,22,31.07,61.96,50.7,Tobacco
14,4,4,34.71,54.61,40.22,Sugarcane
20,0,22,37.76,58.09,57.42,Ground Nuts
11,0,45,35.18,74.22,33.33,Wheat
24,2,21,29.31,62.5,47.47,Ground Nuts
38,2,0,27.15,60.37,37.43,Wheat
27,1,23,25.93,53.67,42.39,Paddy
12,0,33,30.13,48.9,67.41,Paddy
4,7,27,37.89,61.9,29.68,Cotton
40,0,0,32.93,68.18,34.78,Tobacco
17,0,35,31.28,61.86,62.26,Maize
14,10,15,28.76,40.17,64.52,Millets
10,16,8,23.56,43.25,20,Cotton
10,0,9,27.83,49.73,58.42,Millets
19,0,17,22.65,53.84,38.27,Sugarcane
10,12,16,30.17,60.55,43.86,Sugarcane
11,2,35,34.6,69.2,49.03,Millets
10,0,41,24.45,57.16,37.8,Barley
11,12,26,26.81,59.31,70,Oil seeds
13,0,9,26.37,62.64,41.83,Ground Nuts
20,2,22,36.73,55.27,32.64,Sugarcane
5,6,29,28.61,53.73,50.17,Millets
8,1,36,33.97,70.45,35.84,Sugarcane
25,0,21,31.01,70.62,28.39,Pulses
12,0,17,32.51,57.48,30.67,Sugarcane
40,1,0,37.75,55.56,50.84,Tobacco
19,3,24,29.18,45.12,49.86,Ground Nuts
41,0,4,39.61,73.34,50.25,Oil seeds
33,0,0,28.4,58.17,39.15,Paddy
26,0,26,34.28,67.15,39.35,Paddy
15,13,12,31.35,59.91,24.9,Sugarcane
34,0,0,32.56,55.34,46.86,Millets
26,3,19,32.1,57.13,37.58,Pulses
8,4,25,34.65,63.66,47.3,Millets
40,0,4,30.12,51.7,31.85,Millets
7,11,29,37.03,72.04,29.53,Ground Nuts
40,0,0,30.58,56.52,48.44,Tobacco
24,4,19,31.32,56.57,40.22,Tobacco
39,0,0,33.03,66.07,33.81,Cotton
40,0,0,32.53,62.34,30.4,Sugarcane
12,12,7,26.58,42.83,35.09,Oil seeds
41,2,1,29.13,73.22,52.98,Sugarcane
37,2,0,28.23,56.74,28.06,Sugarcane
4,3,9,36.2,64.43,57.43,Tobacco
40,0,0,23.37,45.91,67.84,Sugarcane
12,0,37,40,53.38,47.05,Oil seeds
40,0,3,26.83,54.4,41.76,Sugarcane
6,12,28,33.02,65.44,50.47,Wheat
14,6,33,29.16,53.59,60.85,Pulses
23,0,22,31.59,71.2,27.7,Paddy
3,7,34,33.15,58.53,32.29,Sugarcane
15,0,8,26.27,48.43,36.14,Maize
42,0,0,35.1,61.71,41.61,Cotton
15,0,36,24.59,47.16,21.81,Barley
9,14,12,29.4,52.91,43.18,Pulses
4,21,17,28.05,52.74,43.39,Pulses
11,0,17,24.59,59,58.71,Ground Nuts
11,10,36,27.09,50.45,54.43,Sugarcane
9,0,13,26.63,61.32,55.43,Oil seeds
11,0,12,29.32,66.28,55.01,Sugarcane
8,9,14,25.75,55.81,39.52,Wheat
42,3,0,29.62,61,31.32,Maize
10,0,9,23.85,60.61,56.48,Oil seeds
9,4,38,31.15,59.56,27.97,Cotton
37,0,2,28.76,55.72,49.49,Millets
26,0,15,31.33,67.83,68.19,Barley
16,1,42,38.04,73.24,69.06,Barley
11,13,33,29.22,57.29,29.75,Wheat
26,3,25,30.67,66.76,52.32,Maize
6,19,18,30.39,54.66,40.53,Barley
40,0,0,24.04,44.61,65.64,Pulses
12,0,39,24.04,54.47,46.62,Barley
13,10,28,30.21,53.36,54.28,Oil seeds
9,1,35,36.53,60.86,45.04,Ground Nuts
21,1,16,23.6,54.64,32.83,Barley
7,0,13,24.21,49.11,62.53,Tobacco
14,4,43,28.95,45.51,33.51,Millets
7,8,34,28.75,60.69,32.81,Barley
17,0,35,29.43,60.47,58.66,Oil seeds
9,3,32,35.11,67.01,48.64,Sugarcane
13,19,18,33.94,62.53,22.09,Barley
34,2,3,30.89,58.68,33.78,Maize
25,2,23,33.14,60.57,35.83,Barley
8,0,8,29.9,51.27,49.74,Oil seeds
7,0,14,32.53,58.97,39.94,Ground Nuts
11,2,14,25.9,47.84,31.55,Pulses
5,6,29,34.13,59.23,63.23,Sugarcane
13,0,7,30.53,65.11,53.95,Millets
13,12,18,26,66.36,26.96,Sugarcane
9,7,15,27.4,54.83,69.04,Cotton
42,0,0,38.44,62.45,46.09,Ground Nuts
10,0,45,29.37,62.57,51.8,Wheat
26,2,24,29.54,67.83,40.1,Cotton
30,1,4,31.31,48.85,25.68,Sugarcane
14,0,41,32.51,67.8,42.49,Sugarcane
31,4,0,28.24,48.4,33.28,Tobacco
18,0,40,39.87,60.83,56.01,Barley
14,9,15,22.54,44.49,64.67,Barley
7,1,39,39.58,71.07,39.53,Pulses
42,1,0,36.66,60.99,46.13,Wheat
37,4,3,30.67,59.09,30.58,Sugarcane
23,4,14,28.01,54.25,39.67,Maize
7,13,17,25.01,43.66,44.44,Oil seeds
45,0,3,29.26,60.28,34.61,Sugarcane
35,4,0,35.64,76.74,55.07,Sugarcane
14,2,34,25.85,59.28,48.78,Barley
11,1,45,27.37,52.08,45.62,Maize
13,0,36,26.57,53.34,23.1,Tobacco
8,2,15,36.24,55.86,52.22,Ground Nuts
18,0,45,39.58,56.11,42.44,Tobacco
26,3,20,33.06,52.39,40.7,Millets
17,1,17,32.03,57.94,48.58,Wheat
14,12,17,26.9,57.31,68.61,Cotton
6,0,16,33.47,59.46,64.44,Wheat
8,0,41,40,62.39,45.31,Paddy
12,12,17,31.98,60.7,35.91,Pulses
15,0,13,32.84,62.04,32.05,Sugarcane
11,0,17,27.96,54.06,47.23,Millets
8,0,11,32.11,71.86,56.34,Barley
11,4,40,37.68,71.36,32.07,Ground Nuts
5,19,25,33.29,72.81,38.08,Tobacco
13,0,10,24.24,45.3,68.56,Barley
6,20,14,29.39,58.92,32.77,Wheat
40,0,4,34.12,78.05,45.51,Oil seeds
10,2,39,31.46,60.92,35.26,Barley
43,0,0,25.84,46.79,35.77,Paddy
22,0,23,30.65,57.55,43.54,Maize
6,8,28,36.25,60.68,42.98,Sugarcane
28,2,17,28.64,69.09,42.89,Cotton
10,0,8,30.28,59.17,40.52,Pulses
14,4,32,36.5,52.36,24.4,Paddy
18,0,14,21.57,50.51,47.72,Wheat
19,0,42,33.9,74.86,57.18,Wheat
36,1,0,37.18,70.69,58.98,Sugarcane
9,17,19,33.28,76.03,40.66,Barley
10,17,15,29.85,58.07,42.1,Tobacco
5,3,14,21.99,53.33,61.68,Oil seeds
38,0,0,23.41,43.66,20.16,Pulses
32,0,0,30.29,46.16,40.66,Paddy
4,12,24,31.65,57,56.28,Oil seeds
28,0,19,32.15,58.22,58.63,Cotton
9,2,10,30.74,62.79,50.57,Tobacco
44,0,0,22.28,49.97,42.28,Pulses
10,13,19,29.84,42.95,34.38,Sugarcane
18,1,37,36.14,74.84,61.48,Tobacco
12,4,27,39.75,66.91,26.89,Barley
26,0,16,30.44,68.6,66.26,Barley
11,1,43,30.86,51.58,34.05,Millets
22,1,18,30.22,65.07,28.06,Cotton
12,4,33,30.08,52.22,52.78,Oil seeds
16,0,35,37.77,72.96,37.53,Tobacco
25,0,16,20.55,57.33,36.43,Wheat
36,0,0,30.4,60.18,28.18,Cotton
40,0,0,28.3,62.72,42.06,Wheat
12,0,33,33.03,50.75,42.07,Sugarcane
12,0,40,24.26,66.8,29.59,Barley
40,1,4,36.13,61.57,35.14,Maize
12,3,9,36.76,72.35,33.65,Paddy
28,0,19,30.12,52.36,33.8,Barley
18,0,9,22.16,43.31,42.41,Pulses
8,0,6,32.65,68.89,29.69,Millets
37,3,4,26.89,51.17,70,Sugarcane
12,0,41,33.44,59.53,70,Cotton
25,4,18,29.67,47.88,23.8,Ground Nuts
13,1,11,25.12,50.56,52.48,Millets
39,0,2,36.37,67.68,30.08,Tobacco
16,0,10,29.06,68.31,52.37,Ground Nuts
13,4,38,25.78,64.69,32.38,Barley
17,2,29,30.4,55.27,41.63,Ground Nuts
9,13,10,36,59.46,52.35,Wheat
35,0,0,25.43,48.84,35.9,Pulses
16,1,38,34.49,54.23,21.17,Sugarcane
11,4,18,30.5,59.68,35.22,Wheat
12,15,20,24.25,67.07,21.47,Tobacco
44,4,0,35.42,65.57,43.67,Pulses
10,2,33,30.41,64.96,48.09,Pulses
15,15,13,27.52,42.91,21.12,Ground Nuts
11,4,12,24.68,49.97,70,Barley
7,10,10,29.32,64.15,57.63,Cotton
17,10,12,31.83,55.75,46.33,Millets
4,11,29,40,61.76,49.42,Cotton
9,3,26,27.8,65.85,31.27,Wheat
13,2,13,31.7,55.64,40.28,Maize
10,2,32,29,65.07,70,Maize
12,0,13,29.04,70.01,36.9,Barley
7,17,14,27.98,42.2,60.29,Pulses
12,0,35,35.17,73.71,70,Maize
12,7,31,26.03,44.6,30.68,Cotton
23,1,19,27.89,59.42,32.46,Tobacco
34,0,0,38.67,65.53,64.36,Oil seeds
17,0,17,24.54,46.43,32.67,Ground Nuts
10,3,37,32.82,66.47,59.62,Ground Nuts
14,18,12,24.05,56.01,29.3,Sugarcane
6,0,39,32.67,66.98,67.27,Cotton
8,2,11,31.25,49.31,59.62,Ground Nuts
8,0,4,21.28,54.65,57.82,Cotton
6,9,10,33.5,71.43,63.29,Tobacco
7,5,25,30.14,74.53,67.61,Paddy
13,0,39,28.38,62.44,55.9,Wheat
18,4,36,40,53.38,44.17,Barley
16,0,14,30.51,56.56,31.01,Ground Nuts
17,0,23,29.85,60.19,51.81,Millets
13,3,39,27.57,58.96,56.6,Wheat
21,0,26,31.19,60.99,46.6,Pulses
19,4,21,26.57,53.43,43.69,Ground Nuts
21,0,20,21.45,47.54,35.03,Tobacco
4,10,27,25.87,64.11,67.58,Wheat
37,0,3,23.29,59.14,42.14,Maize
38,4,1,24.68,58.73,43.06,Millets
5,12,19,33.95,62.48,20.64,Pulses
7,4,10,26.33,59.59,55.24,Cotton
8,10,25,40,68.68,34.13,Ground Nuts
6,3,37,27.62,67.62,64.74,Barley
9,4,33,27.96,53.07,59.54,Pulses
12,16,13,26.49,61.97,42.04,Ground Nuts
12,0,36,29.25,62,55.15,Barley
6,9,15,23.74,55.81,61.5,Pulses
32,0,0,25.85,48.14,39.33,Maize
12,15,11,30.07,59.72,61.15,Pulses
10,0,40,30.02,55.06,30.59,Wheat
16,0,12,21.68,57.86,23.08,Pulses
5,18,17,20.42,53.57,38.87,Cotton
33,0,0,32.8,65.87,49.94,Barley
8,0,32,33.34,61.94,32.31,Sugarcane
6,16,14,31.25,68.53,66.94,Oil seeds
38,0,0,37.61,64.57,34.12,Pulses
8,12,30,34.15,68.11,46.5,Pulses
41,0,2,27.67,59.9,26.38,Cotton
38,0,0,22.34,45.29,39.49,Millets
6,0,6,21.07,60.95,61.29,Millets
2,15,24,27.82,57.43,30.84,Cotton
9,3,37,23.11,49.15,32.6,Cotton
11,0,13,24,49.02,37.37,Sugarcane
39,0,4,29.13,43.28,36.14,Sugarcane
37,0,4,23.46,50.44,24.32,Cotton
12,3,34,28.08,52.69,32.35,Ground Nuts
11,0,39,21.29,54.85,26.51,Millets
31,0,0,28.54,49.45,46.17,Millets
36,0,1,31.21,60.48,37.27,Oil seeds
19,3,28,22.97,44.59,43.69,Barley
9,0,38,27.52,52.42,36.15,Maize
2,15,20,26.76,43.31,43.64,Oil seeds
7,12,8,30.57,64.68,51.73,Wheat
4,4,27,37.11,77.37,42.03,Cotton
21,0,23,34.97,72.4,57.83,Wheat
16,0,12,32.85,69.09,29.04,Ground Nuts
8,2,34,24.33,66.27,70,Ground Nuts
38,1,1,23.84,60.67,36.47,Pulses
41,3,4,35.36,64.36,36.49,Wheat
11,0,38,27.09,62.94,50.51,Wheat
38,1,0,25.2,48.23,41.84,Ground Nuts
41,4,2,23.98,52.41,24.26,Ground Nuts
42,1,3,32.12,57.29,40.78,Millets
26,0,22,28.29,57.33,52.55,Cotton
14,1,45,27.8,44.81,22.17,Sugarcane
4,9,25,35.41,69.11,70,Sugarcane
10,10,12,34.46,74.6,45.35,Oil seeds
10,0,4,26.25,69.57,37.25,Tobacco
11,0,36,40,76.34,22.1,Oil seeds
10,0,9,29.5,50.06,63.05,Pulses
26,3,22,27.13,43.23,35.28,Paddy
22,4,21,28.99,66.71,43.03,Paddy
16,3,36,25.14,46.88,28.19,Cotton
7,10,25,27.79,62.14,30.06,Sugarcane
10,2,41,33.41,67.81,41.34,Ground Nuts
12,6,29,25.2,44.1,46.96,Oil seeds
18,4,33,34.19,56.72,63.64,Tobacco
5,4,34,37.3,68.57,44.84,Pulses
22,4,27,31.78,59.11,44.18,Pulses
35,0,0,32.11,71.08,29.01,Barley
39,0,3,36.82,57.69,30.19,Barley
16,0,8,25.12,64.48,52.92,Wheat
14,0,35,31.33,72.92,35.31,Tobacco
42,0,0,29.93,55.77,48.12,Tobacco
38,2,0,32.68,58.16,41.4,Paddy
14,0,6,28.17,50.1,57.67,Cotton
10,0,37,35.81,76.09,24.48,Paddy
12,3,24,38.04,62.28,44.38,Pulses
8,0,16,31.55,53.02,39.4,Cotton
38,0,0,29.14,59.77,42.79,Barley
37,0,3,34.31,63.01,44.96,Tobacco
43,1,2,27.54,58.58,30.71,Tobacco
38,0,0,27.92,52.23,46.52,Tobacco
32,3,0,24.6,51.17,29.76,Wheat
11,16,14,28.87,57.65,56.9,Barley
10,12,30,28.85,58.79,66.37,Cotton
13,0,38,33.72,61.76,45.98,Maize
40,0,4,30.63,60.56,22.33,Maize
38,0,2,27.05,50.1,30.22,Maize
37,0,0,22.79,59.47,28.56,Millets
14,18,11,38.77,55.67,55.59,Paddy
14,10,17,28.8,49.98,58.83,Sugarcane
12,15,15,27.76,65.79,45.56,Ground Nuts
18,17,10,22.48,53.68,29.96,Millets
45,1,3,32.73,55.44,47.85,Ground Nuts
19,13,13,24.2,41.69,33.6,Ground Nuts
12,2,41,30.17,59.06,40.76,Cotton
10,11,24,40,67.75,57.85,Barley
41,1,0,38.33,58.9,40.27,Cotton
11,14,32,26.86,46.9,28.95,Wheat
36,3,0,25.56,61.54,26.89,Tobacco
33,0,0,26.54,45.74,70,Tobacco
7,0,18,29.36,52.93,54.82,Oil seeds
6,16,17,24.44,46.56,30.45,Ground Nuts
0,15,18,27.95,69.26,31.79,Ground Nuts
6,0,11,37.22,64.38,63.58,Tobacco
11,0,8,30.57,47.43,58.26,Ground Nuts
9,3,9,24.1,63.6,25.87,Sugarcane
13,1,41,37.79,62.57,61.86,Sugarcane
26,0,19,30.33,55.01,27.78,Tobacco
12,19,12,28.18,65.54,54.63,Millets
30,0,0,24.23,58.48,50.97,Tobacco
13,0,36,31.35,68.81,41.39,Oil seeds
13,0,40,35.83,76.88,66.33,Sugarcane
10,3,13,33.04,56.04,63.33,Maize
37,3,0,36.49,74.83,63.59,Sugarcane
6,2,15,30.11,48.12,54.43,Maize
20,4,18,20.3,44.44,41.86,Pulses
39,4,0,32.82,65.38,24.04,Ground Nuts
10,0,14,32.87,59.11,59.71,Sugarcane
15,9,17,30.81,51.96,35.61,Millets
6,6,30,38.65,71.63,59.06,Tobacco
18,2,32,32.86,68.29,37.77,Maize
9,17,11,22.72,50.47,51.87,Sugarcane
5,7,33,27.14,58.79,66.42,Tobacco
43,0,3,32.33,74.41,49.11,Ground Nuts
33,0,0,31.57,59.49,44.41,Wheat
24,0,17,33.92,70.37,55.46,Cotton
30,1,0,23.64,54.21,33.68,Barley
8,10,26,26.46,60.34,48.97,Tobacco
14,2,13,35.48,68.25,34.7,Wheat
43,0,0,40,80,56.82,Tobacco
7,0,11,29.3,44.76,52.52,Paddy
10,11,15,31.85,56.67,68.54,Sugarcane
9,4,17,37.34,56.16,66.28,Ground Nuts
11,10,28,39.21,74.83,33.14,Wheat
9,1,36,35.11,67.52,40.53,Paddy
20,1,22,30.26,42.39,34,Wheat
40,0,0,27.72,47.55,65.62,Wheat
10,2,11,37.43,61.49,29.07,Pulses
12,3,31,39.16,75.73,34.03,Sugarcane
12,17,13,29.62,57.58,56.91,Pulses
8,0,8,32.11,68.19,40.77,Paddy
11,11,14,33.45,64.37,58.6,Millets
36,0,0,32.97,58.85,60.26,Paddy
8,1,42,34.98,59.82,34.18,Millets
8,10,10,23.6,46.17,50.36,Cotton
39,2,2,28.85,45.61,27.28,Millets
37,3,0,24.76,45.87,45.72,Tobacco
23,0,22,38.26,65.76,29.84,Pulses
35,0,0,36.67,66.99,57.65,Pulses
10,1,39,32.15,59.62,52.44,Wheat
9,9,28,40,71.5,35.55,Tobacco
9,4,42,31.55,52.46,20,Sugarcane
25,3,20,25.85,47.66,44.43,Ground Nuts
45,0,0,29.09,53.7,30.89,Sugarcane
22,1,15,35.09,73.25,64.96,Paddy
26,0,23,36.28,57.76,50.83,Pulses
15,2,10,31.96,62.45,49.67,Tobacco
22,0,22,36.03,68.01,34.95,Barley
14,0,34,31.63,56.04,35.55,Oil seeds
10,0,36,37.72,53.18,50.18,Millets
12,13,11,34.19,58.06,70,Paddy
19,0,22,24.85,44.22,44.43,Ground Nuts
28,4,21,26.79,51.89,45.51,Maize
7,8,31,28.9,48.82,25.28,Tobacco
13,1,33,32.48,55.58,37.82,Oil seeds
12,4,35,29.28,54.11,33.43,Sugarcane
5,10,33,23.96,52.37,25.81,Maize
33,0,4,36.64,64.68,42.16,Wheat
34,0,1,26.37,60.29,50.88,Millets
13,1,34,33.21,79.62,35.61,Barley
9,0,38,34.78,55.26,29.66,Ground Nuts
41,1,0,31.53,61.06,40.48,Ground Nuts
11,2,45,26.71,49.27,30.54,Ground Nuts
15,0,41,30.89,66.92,30.15,Oil seeds
7,10,32,25.99,57.23,60.76,Ground Nuts
10,0,39,35.33,63.38,24.82,Oil seeds
17,0,36,32.14,67.16,57.06,Sugarcane
11,0,32,26.59,52.74,51.85,Tobacco
9,0,6,29.09,65.94,42.43,Paddy
9,7,28,33.4,72.33,23.7,Tobacco
27,0,28,24.53,59.27,42.34,Sugarcane
7,0,9,37.56,61.34,62.16,Sugarcane
12,1,30,24.83,54.28,62.54,Maize
15,0,17,29.19,47.17,37.7,Ground Nuts
20,0,28,35.36,66.71,31.57,Wheat
13,4,34,32.94,58.58,52.48,Barley
9,7,33,39.46,69.85,20,Sugarcane
2,12,15,29.13,62.34,26.54,Wheat
5,0,34,39.89,68.39,50.49,Paddy
38,0,0,23.49,45.84,58.18,Wheat
14,0,11,30.68,63.25,46.38,Paddy
23,1,15,24.41,56.8,34.97,Cotton
35,0,0,33.88,80,54.46,Oil seeds
16,18,10,27.17,69.52,47.69,Maize
12,0,31,35.51,72.18,36.2,Maize
6,12,32,32.08,55.08,52.81,Ground Nuts
38,0,0,35.09,72.5,46.73,Barley
39,0,0,29.74,48.18,62.44,Tobacco
3,12,27,28.54,63.37,52.98,Sugarcane
9,0,14,33.65,60.55,62.52,Tobacco
16,0,11,31.89,59.31,30.26,Millets
20,3,20,27.42,62.06,43.64,Maize
25,0,23,34.32,59.44,33.94,Cotton
21,1,23,26.61,43.26,46.1,Cotton
41,0,1,32.76,48.27,44.77,Millets
9,0,34,29.58,56.08,67.27,Cotton
11,19,13,35.14,58.65,43.04,Pulses
16,0,39,29.99,52.36,48.22,Pulses
12,3,26,24.71,53,33.7,Millets
16,1,36,37.83,62.2,38.9,Sugarcane
39,2,2,29.62,67.51,41.82,Wheat
16,2,39,24.59,58.67,52.83,Cotton
11,2,10,38.92,59.35,41.61,Cotton
44,0,0,24.95,54.7,25.03,Wheat
12,0,35,34.84,66.6,26.52,Ground Nuts
8,13,11,24.75,49.42,45.06,Cotton
9,9,15,34.76,66.83,47.24,Wheat
3,5,30,34.36,59.48,61.29,Maize
6,5,33,33.1,52.18,63.48,Wheat
26,0,17,22.53,60.17,52.65,Pulses
34,0,0,33.29,57.7,37.44,Millets
10,0,38,26.95,62.85,63.53,Oil seeds
14,1,16,28.76,54.72,37.74,Wheat
10,18,12,26.27,49.13,21.16,Ground Nuts
38,0,1,31.58,66.26,59.62,Paddy
37,1,0,25.22,60.2,52.04,Tobacco
8,19,20,33.11,71.83,57.15,Paddy
10,0,6,29.94,62.39,35.14,Tobacco
27,2,20,25.72,60.71,43.46,Wheat
12,11,30,29.16,50.01,56.58,Maize
8,0,17,40,74.03,39.34,Paddy
37,3,0,27.65,55.35,34.36,Pulses
4,4,28,29.72,71.91,52.5,Tobacco
13,0,10,28.03,53.76,60.86,Wheat
25,0,19,29.86,59.28,62.62,Maize
38,1,0,32.86,62.77,31.22,Oil seeds
15,4,39,23.9,44.45,32.53,Barley
27,0,19,30.2,57.56,52.01,Wheat
18,3,17,26.86,61.34,45.62,Oil seeds
22,3,22,21.51,55.9,45.54,Maize
10,0,40,28.78,66.87,49.42,Millets
32,0,0,29.54,54.73,69.41,Pulses
26,1,17,35.77,58.62,25.35,Oil seeds
33,3,0,30.85,67.85,27.32,Ground Nuts
11,0,42,35.66,68.89,32.88,Oil seeds
3,18,17,30.37,61.22,43.8,Paddy
16,3,9,26.62,66.89,62.01,Oil seeds
13,0,36,33.88,72.42,32.65,Ground Nuts
7,0,38,40,79.99,35.61,Sugarcane
12,8,33,33.2,53.06,64.27,Sugarcane
34,0,0,27.05,50.17,43.61,Millets
37,2,0,25.34,51.56,38.67,Barley
8,1,40,34.03,61.12,35.57,Cotton
20,0,18,27.22,58.67,43.43,Tobacco
42,3,1,24.41,53.52,66.7,Millets
12,0,10,30.88,56.44,68.29,Maize
13,0,37,26.62,58.03,23.34,Ground Nuts
8,0,18,30.9,68.66,34.94,Wheat
21,2,14,32.61,63.84,45.4,Sugarcane
36,0,0,25.11,49.18,41.82,Paddy
15,2,38,31.05,52.85,37.01,Sugarcane
21,4,21,29.6,70.57,54.2,Sugarcane
39,0,0,23.25,48.93,24.15,Oil seeds
35,1,0,27.69,55.28,34.84,Ground Nuts
25,3,16,23.33,59.29,45.53,Tobacco
40,0,0,39.91,76.62,45.94,Millets
10,8,26,27.11,66.09,67.85,Wheat
12,11,26,27.18,59.42,53.2,Pulses
34,0,0,30.72,62.41,35.53,Barley
42,2,0,24.51,46.17,65.49,Sugarcane
17,2,19,35.48,55.43,28.66,Millets
16,0,26,33.63,71.51,43.87,Tobacco
17,0,40,35.39,65.38,54.92,Paddy
10,4,43,26.3,62.73,20,Millets
38,1,0,25.98,51.85,70,Pulses
12,9,23,28.26,50.41,34.56,Barley
16,4,40,35.36,69.36,54.93,Oil seeds
22,2,20,37.61,60.54,64.55,Maize
33,0,0,30.21,59.88,47.25,Paddy
34,2,2,35.04,69.99,33.2,Pulses
4,8,25,30.78,66.91,63.26,Oil seeds
12,0,9,30.9,52.93,43.05,Millets
11,0,39,38.8,74.45,38.5,Ground Nuts
39,0,0,29.07,73.52,52.71,Millets
18,2,19,29.8,52.93,39.95,Sugarcane
39,0,1,33.53,68.45,31.56,Sugarcane
42,4,0,35.43,73.21,53.28,Wheat
31,4,0,21.05,45.03,70,Cotton
39,2,4,27.48,47.09,27.89,Cotton
12,11,34,29.54,60.61,54.07,Sugarcane
23,0,23,38.11,69.4,54.47,Wheat
24,4,22,28.55,50.92,36.81,Oil seeds
12,8,11,35.38,55.86,42.48,Pulses
12,14,11,34.35,56.75,61.79,Tobacco
5,2,16,27.07,54.74,36.04,Tobacco
9,3,29,40,75.03,42.43,Pulses
13,17,11,26.28,48.37,65.31,Millets
34,0,0,36.48,63.87,20.37,Sugarcane
11,2,11,36.73,56.57,49.51,Millets
11,1,41,36.22,63.83,37.08,Tobacco
20,0,19,32.23,54.15,54.33,Sugarcane
35,1,0,40,74.84,47.75,Cotton
37,0,0,32.17,63.37,31.63,Ground Nuts
36,0,0,29.44,50.92,34.24,Barley
10,3,14,25.42,52.97,21.71,Paddy
7,1,8,29.19,61.81,48.68,Sugarcane
8,2,5,27.44,54.73,62.9,Maize
9,3,41,25.08,66.46,20.54,Millets
13,0,34,32.32,58.02,68.23,Sugarcane
12,14,18,28.86,61.44,55.03,Sugarcane
39,0,0,36.97,72.6,43.87,Ground Nuts
24,1,26,29.5,69.16,41.62,Cotton
7,10,30,31.36,52.48,65.81,Cotton
11,0,16,22.06,56.16,61.45,Tobacco
8,2,39,33.36,62.22,24.56,Millets
13,0,17,28.16,53.4,40.78,Millets
13,0,41,36.49,75.76,26.28,Wheat
12,0,8,37.5,64.03,58.94,Oil seeds
14,3,38,37.31,66.86,70,Tobacco
5,8,26,25.35,50.13,25.76,Maize
8,0,11,28.71,64.1,44.78,Maize
13,14,16,31.77,65.53,40.43,Cotton
19,0,25,30.79,63.59,37.55,Millets
38,2,3,26.02,48.46,37.47,Ground Nuts
24,2,16,29.34,72.39,39.94,Cotton
6,0,36,36.2,58.84,44.43,Millets
24,0,28,35.97,56.08,39.97,Sugarcane
20,0,23,21.93,47.19,41.85,Oil seeds
12,2,40,36.44,69.49,70,Ground Nuts
14,0,36,28.5,65.5,63.01,Oil seeds
4,14,15,28.75,45.15,32.3,Sugarcane
12,1,42,31.11,63.86,68.38,Paddy
10,2,43,26.43,45.04,30.14,Sugarcane
35,0,0,29,73.39,38.46,Wheat
10,0,37,37.55,62.6,24.11,Paddy
33,0,0,26.18,47.19,39.82,Barley
11,12,26,33.14,68.2,49.7,Paddy
6,14,10,27.37,46.45,46.45,Cotton
1,4,24,30.82,56.86,48.67,Pulses
43,3,0,31.92,67.01,48.12,Ground Nuts
13,5,30,33.98,51.19,32.23,Sugarcane
31,0,0,30.01,57.83,61.88,Tobacco
6,6,32,28.65,49.45,27.65,Ground Nuts
35,0,4,23.43,46.91,62.82,Pulses
8,15,19,35.77,60.14,36.61,Maize
15,14,16,38.55,58.08,53.88,Paddy
7,0,32,26.71,42.66,48.03,Millets
13,4,37,31.59,69.57,52.01,Tobacco
9,15,11,29.49,67.11,63.28,Oil seeds
26,2,18,32.29,56.56,63.14,Barley
9,10,30,25.89,52.78,32.13,Oil seeds
27,2,18,22.39,59.45,42.31,Pulses
11,0,12,24.48,64.32,40.94,Ground Nuts
40,0,0,30.09,52.45,34.93,Barley
21,0,24,30.67,44.15,46.13,Maize
7,7,29,29.46,64.44,26.19,Tobacco
3,9,30,34.69,71.9,21.7,Cotton
9,11,34,24.97,59.67,27.05,Paddy
40,0,1,24.87,56.1,31.14,Cotton
7,4,43,33.86,62.68,37.06,Paddy
10,5,24,33.35,53.25,64.49,Millets
5,10,32,27.73,53.14,25.75,Sugarcane
25,0,22,37.09,56.19,40.03,Paddy
38,1,1,26.19,61.82,26.83,Ground Nuts
15,0,37,24.93,67.58,47.18,Millets
11,2,39,33.39,71.79,31.6,Wheat
11,8,27,32.93,56.53,28.8,Maize
13,0,4,28.87,42.05,50.69,Oil seeds
20,3,27,36.94,53.17,24.98,Paddy
6,10,11,26.55,70.7,64.77,Cotton
18,9,14,26.48,49.62,32.7,Oil seeds
36,2,0,35.14,69.23,39.79,Ground Nuts
18,0,10,30.29,55.55,44.77,Wheat
7,0,7,21.54,43.75,56.74,Wheat
17,0,20,26.69,61.8,55.35,Paddy
8,7,25,37.94,60.1,56.48,Maize
10,3,10,20.53,53.88,68.8,Tobacco
5,4,14,30.62,46.34,61.19,Barley
7,22,14,24.14,45.84,44.84,Sugarcane
38,0,0,21.95,59.83,69.07,Wheat
20,0,19,34.26,69.87,24.2,Tobacco
14,0,38,24.98,67.9,70,Wheat
25,0,20,23,55.77,37.58,Sugarcane
11,16,15,30.49,59.19,51.04,Cotton
6,0,34,31.65,69.41,33.59,Millets
36,0,3,30.68,61.61,38.4,Paddy
16,0,13,22.27,53.67,28.01,Pulses
16,3,10,30.65,59.18,52.5,Paddy
14,0,40,27.86,59.92,36.56,Oil seeds
28,0,20,31.58,55.46,70,Wheat
6,16,21,26.73,56.88,29.16,Maize
8,0,6,27.32,69.77,41,Barley
36,0,2,31.49,69.94,50.94,Paddy
11,1,38,39.76,50.39,44.02,Wheat
11,5,32,28.09,68.54,27.88,Maize
9,10,29,33.22,67.49,46.8,Pulses
35,0,2,33.09,77.6,43.37,Maize
11,10,13,27.89,49.02,36.06,Millets
20,4,26,31.17,69.37,43.42,Sugarcane
6,0,9,31.53,56.66,34.79,Ground Nuts
6,4,34,36.4,62.17,27.49,Ground Nuts
13,4,40,35.25,53.22,40.74,Pulses
36,0,0,29.6,51.91,43.03,Sugarcane
6,7,25,31.32,65.36,47.86,Sugarcane
25,3,21,32.98,67.67,45.92,Barley
3,0,14,28.48,49.43,44.67,Barley
13,0,39,38.56,74.3,55.08,Oil seeds
8,3,29,28.02,48.84,51.42,Wheat
7,21,24,37.73,70.55,52.64,Paddy
21,0,19,27.7,62.14,37.45,Wheat
35,0,0,28.26,59.17,33.07,Pulses
21,0,23,23.32,60.72,41.52,Sugarcane
17,0,21,23.39,59.59,32.49,Millets
16,19,9,31.91,64.57,48.22,Sugarcane
25,0,21,29.26,60.97,49.42,Cotton
8,7,25,26.27,51.6,34.24,Wheat
26,0,16,32.53,56.56,54.29,Pulses
6,10,31,25.72,53.66,21.91,Barley
6,15,23,28.01,42.25,31.47,Maize
40,2,0,34.74,68.72,29.09,Tobacco
4,0,12,22.55,43.39,55.77,Millets
35,4,0,34.51,66.37,51.86,Paddy
8,18,8,38.69,71.21,50.84,Wheat
22,0,13,30.33,52.42,35.68,Wheat
8,11,18,28.97,59.55,36.01,Wheat
39,0,2,35.45,70.4,26.6,Maize
10,16,23,31.27,70.01,49.6,Sugarcane
7,9,31,23.79,63.74,20,Wheat
9,4,17,31.04,45.07,31.17,Millets
16,12,14,28.78,47.92,40.88,Pulses
17,3,37,35.87,54.52,43.39,Pulses
11,18,15,29.98,45.13,41.6,Tobacco
28,0,18,31.61,65.58,41.29,Oil seeds
37,0,0,36.29,68.59,62.11,Pulses
41,4,0,31.74,64.98,31.38,Paddy
38,4,0,24.78,60.16,32.61,Maize
15,0,13,32.21,54.41,61.25,Maize
10,10,30,39.02,65.96,31.19,Cotton
38,2,0,27.01,57.18,41.37,Barley
37,2,3,25.91,59.25,20.86,Ground Nuts
40,3,4,29.51,57.2,41.79,Cotton
9,9,33,26.13,52.53,60.62,Maize
26,0,26,30.54,60.14,32.76,Sugarcane
23,0,22,31.78,66.16,38.27,Maize
24,0,19,22.1,52.62,42.41,Paddy
8,0,5,28.89,52.69,65.95,Pulses
7,19,11,23.98,55.96,30.85,Wheat
44,0,0,35.61,66.92,54.5,Sugarcane
7,19,17,30.52,54.37,41.46,Cotton
13,8,28,31.74,53.09,66.97,Cotton
11,0,42,29.78,73.97,57.26,Paddy
40,0,3,32.94,74.58,61.13,Paddy
17,2,37,38.5,58.84,52.22,Cotton
14,0,44,40,77.51,44.13,Paddy
2,6,33,31.51,69.17,49.11,Sugarcane
11,0,43,31.94,71.92,36.07,Maize
12,4,38,36.44,61.1,60.46,Millets
46,3,4,31.24,49.93,37.99,Maize
7,9,28,37.02,71.06,58.82,Oil seeds
43,2,0,37.22,61.58,47.35,Ground Nuts
7,21,18,32.45,68.21,21.16,Ground Nuts
12,0,12,38.94,73.94,64.07,Maize
13,9,22,32.45,52.61,41.79,Sugarcane
40,0,0,27.9,61.55,43.02,Tobacco
26,0,17,32.41,66.99,33.52,Barley
13,9,12,37.99,74.34,48.62,Wheat
10,14,17,25.88,57.09,44.64,Cotton
42,2,0,30.87,56.76,45.95,Oil seeds
36,4,0,28.55,43.74,27.1,Barley
6,17,11,31.83,58.92,38.28,Pulses
21,1,21,25.38,60.27,32.65,Tobacco
13,0,39,33.48,78.42,32.25,Paddy
8,2,10,30.79,61.19,66.13,Oil seeds
42,0,0,38.37,71.47,41.35,Paddy
37,0,1,38.52,65.09,55.29,Sugarcane
36,0,0,32.42,57.29,59.35,Maize
10,0,38,33.54,62.45,27.73,Maize
21,0,26,22.94,55.21,33.2,Sugarcane
36,0,4,34.64,54.07,30.24,Ground Nuts
10,1,12,27.18,54.31,58.77,Oil seeds
42,4,0,36.75,74.17,53.07,Millets
16,0,39,25.18,55.87,41.76,Pulses
15,3,41,35.59,76.91,52.53,Millets
26,3,27,28.46,53.05,34.92,Pulses
38,0,4,23.72,61.19,42.73,Pulses
10,0,40,38.08,63.07,27.4,Cotton
25,0,23,32.68,69.24,30.61,Ground Nuts
9,22,11,27.23,45.13,46.5,Millets
41,0,0,25.56,62.96,24.11,Tobacco
14,0,3,23.23,56.75,26.54,Wheat
4,10,32,32.08,56.04,57.99,Sugarcane
8,5,26,33.03,57.81,20.71,Tobacco
6,6,34,28.27,61.15,25.82,Oil seeds
17,2,39,25.2,60.8,40.83,Cotton
34,1,2,32.37,57.03,65.34,Paddy
21,0,23,32.77,65.31,56.5,Sugarcane
8,0,39,27.51,61.14,61.53,Pulses
5,9,27,36.35,64.04,65.28,Barley
25,0,18,20.36,57.7,38.39,Ground Nuts
7,15,18,33.04,52.2,21.85,Millets
3,6,26,35.94,62.93,28.98,Barley
37,0,0,25.69,61.45,23.95,Tobacco
36,2,4,27.55,59.01,28.77,Ground Nuts
12,2,38,38.84,74.14,70,Ground Nuts
11,2,10,32.3,62.68,41.53,Sugarcane
35,3,0,34.98,76.76,43.81,Barley
12,1,35,25.16,56.14,61.08,Pulses
7,14,14,38.09,65.45,47.28,Barley
18,0,15,37,70.38,34.26,Pulses
41,4,0,32.35,63.44,24.13,Cotton
24,0,22,32.28,67.55,49.48,Pulses
25,0,24,34.57,53.65,30.56,Ground Nuts
8,9,25,32.83,60.9,30.93,Cotton
12,0,7,31.17,67.47,56.61,Tobacco
20,0,16,35.93,63.52,47.76,Wheat
11,15,10,35.88,65.43,51.08,Oil seeds
40,0,4,23.9,50.65,40.95,Ground Nuts
25,2,20,32.3,58.56,36.13,Millets
6,16,17,29.21,68.29,33.86,Pulses
8,0,32,34.78,74.96,23.1,Oil seeds
39,0,0,33.65,59.37,58.73,Oil seeds
13,1,14,28.58,62.64,30.24,Cotton
8,0,6,30.6,46.79,28.45,Maize
12,3,31,31.13,61.96,56.93,Pulses
12,4,16,35.66,64.66,38.16,Pulses
40,0,0,38.02,73.39,34.53,Barley
9,11,17,26.7,42.56,25.82,Tobacco
9,0,12,30.06,56.63,49.63,Ground Nuts
44,0,0,32.38,67.07,45.41,Cotton
24,0,19,30.11,55.41,33.96,Millets
8,0,14,40,66.23,24.12,Paddy
23,4,18,28.18,56.88,55.26,Cotton
10,0,32,28.93,52.02,34.13,Cotton
7,10,25,32.94,60.02,33,Ground Nuts
1,10,28,30.05,71.84,55.66,Millets
10,0,12,30.5,66.54,39.44,Tobacco
16,0,37,36.14,63.53,29.95,Ground Nuts
15,0,42,29.07,58.16,32.93,Sugarcane
38,1,2,34.84,63.19,45.19,Sugarcane
37,4,0,34.61,67.29,36.72,Millets
36,3,0,26.2,53.65,56.71,Maize
12,0,10,33.91,63.82,41.45,Wheat
38,2,0,34.79,61.91,46.9,Wheat
37,0,4,26.74,57.16,20,Millets
4,0,18,32.91,56.48,45.87,Millets
14,3,6,24.06,65.78,58.11,Cotton
10,3,29,33.94,69.64,41.55,Paddy
17,2,32,27.16,54.78,41.9,Pulses
14,14,13,35.04,69.13,59.45,Sugarcane
24,0,21,26.78,53.14,37.57,Pulses
3,9,37,26.4,65.11,55.15,Pulses
16,0,8,30.74,54.35,61.21,Cotton
21,0,23,36.75,59.8,37.97,Sugarcane
15,4,30,25.11,48.12,62.98,Pulses
38,2,1,38.91,64.93,39.42,Pulses
28,4,20,26.05,58.12,35.26,Pulses
13,0,36,34.2,64.85,39.67,Maize
35,3,1,28.76,50.58,38.28,Oil seeds
12,12,28,34.06,71.7,43.15,Barley
11,13,27,26.51,56.57,20,Ground Nuts
3,15,24,21.36,56.53,34.78,Maize
7,8,24,28.11,45.27,48.25,Paddy
38,0,3,22.72,44.19,24.65,Pulses
21,3,18,22.54,52.75,31.79,Millets
24,0,22,24.5,42.83,57.23,Cotton
14,19,23,34.26,72.48,43.81,Ground Nuts
13,1,39,36.19,77.04,57.3,Ground Nuts
14,0,13,21.14,58.75,31.2,Maize
14,0,36,24.28,50.9,34.64,Millets
18,0,43,25.06,56.22,22.4,Millets
5,1,16,30.21,50.79,37.79,Barley
37,0,1,30.32,58.2,37.68,Tobacco
8,0,33,35.17,60.97,34.42,Ground Nuts
8,1,11,29.63,58.39,64.42,Barley
38,0,0,31.41,50.97,45.98,Millets
15,0,37,34.17,71.47,70,Tobacco
37,1,3,38.62,65.2,36.37,Tobacco
12,5,35,32.84,66.47,69.01,Sugarcane
7,16,9,30.87,74.24,62.38,Maize
41,0,3,26.02,52.58,39.77,Sugarcane
13,3,11,31,64.07,51.2,Wheat
20,2,18,30.47,58.88,38.22,Pulses
36,0,0,30.33,54.91,37.16,Millets
43,0,0,24.62,63.54,33.9,Wheat
6,11,29,34.5,61.62,61.48,Cotton
13,12,24,34.45,61.44,70,Sugarcane
34,0,3,28.91,60.07,39.93,Barley
41,4,2,31.57,53.14,20.33,Oil seeds
32,0,0,26.19,63.76,35.68,Millets
8,6,14,25.14,48.37,28.64,Millets
9,0,36,38.41,74.99,25.39,Maize
12,0,37,29.57,70.26,37.15,Millets
24,0,18,33.72,54.21,47.29,Oil seeds
13,1,39,33.3,57.9,57.26,Pulses
36,3,0,29.6,58.3,44.4,Wheat
40,2,3,27.83,60.88,29.59,Sugarcane
17,0,39,24.31,49.48,27.55,Millets
35,1,0,31.77,46.28,45.72,Cotton
10,13,22,28.65,59.24,40.45,Barley
9,13,29,30.23,72.24,57.55,Cotton
17,4,10,23.86,56.94,45.96,Paddy
0,15,10,24.03,59.41,55.3,Cotton
22,4,22,32.86,54.42,41.19,Ground Nuts
1,13,13,31.58,60.79,41.51,Barley
5,11,17,29.38,67.36,40.79,Tobacco
45,0,0,34.45,66.86,35.97,Maize
22,0,18,29.34,42.41,44.03,Tobacco
14,1,18,40,62.24,42.28,Pulses
23,1,13,31.51,63.07,38.77,Ground Nuts
32,1,0,27.67,45.92,36.55,Sugarcane
44,1,0,28.12,45.77,43.16,Ground Nuts
19,4,21,30.04,45.43,37.77,Maize
16,3,42,28.79,73.96,35.13,Wheat
11,13,16,31.74,63.18,24.75,Maize
22,1,20,36.76,59.74,39.36,Wheat
6,0,7,26.29,47.4,68.32,Pulses
3,14,20,25.37,50.94,25.52,Sugarcane
8,0,42,25.49,59.63,68.9,Barley
39,0,0,28.88,55.01,36.26,Pulses
18,3,41,34.53,58.86,52.25,Oil seeds
10,0,38,29.73,44.95,36.64,Sugarcane
17,0,43,30.05,59.14,39.13,Ground Nuts
41,2,0,30.67,61.01,35.65,Oil seeds
9,2,35,24.3,53.62,60.71,Sugarcane
27,0,15,37.7,56.61,57.93,Wheat
9,11,21,27.09,48.1,39.39,Ground Nuts
33,0,2,28.02,43.47,37.43,Sugarcane
21,1,19,34.62,64.2,39.87,Millets
11,3,36,33,72.49,26.85,Millets
33,0,2,37.48,74.71,50.16,Wheat
42,4,0,40,80,55.43,Paddy
17,0,39,33.47,62.71,36.43,Sugarcane
17,0,21,24.91,47.48,32.77,Pulses
41,1,0,30.89,57.6,53.41,Maize
24,0,14,25.22,53.11,39.07,Tobacco
17,0,38,30.68,66.46,37.19,Sugarcane
12,11,32,27.33,64.51,61.53,Millets
13,4,6,29.96,54.53,67.99,Ground Nuts
4,15,14,32.99,50.56,44.4,Sugarcane
15,0,41,36.5,76.58,69.11,Oil seeds
9,3,8,24.59,51.79,70,Paddy
14,0,7,28.14,64.83,42.85,Wheat
18,4,17,31.92,57.22,51.32,Millets
34,0,1,36.21,57.4,64.18,Oil seeds
27,0,20,29.54,58.68,37.33,Paddy
8,0,8,37.62,54.26,47.98,Sugarcane
11,1,12,23,53.85,26.32,Cotton
33,3,0,33.55,58.99,28.88,Paddy
5,16,13,25.2,54.36,56.57,Barley
40,0,0,28.1,57.31,69.25,Millets
7,9,32,26.32,61.03,28,Oil seeds
11,4,28,36.26,72.92,70,Barley
4,7,26,36.08,67.07,39.77,Cotton
45,0,0,26.61,51.72,36.01,Ground Nuts
24,1,24,22.55,57.45,46.58,Paddy
13,20,20,35.44,68.66,47.39,Wheat
13,3,28,31.47,64.11,65.21,Sugarcane
33,4,1,23.45,48.04,34.71,Sugarcane
11,5,26,32.95,47.81,36.46,Cotton
19,0,23,35.89,69.26,56.39,Tobacco
14,19,23,32.33,75.18,40.55,Sugarcane
16,0,42,38.98,58.36,50.55,Tobacco
27,0,19,33.44,62.95,26.99,Pulses
38,0,3,25,43.01,70,Maize
24,0,27,29.95,70.97,49.89,Tobacco
8,0,8,28.47,63.69,51.32,Cotton
37,0,0,37.78,67.61,42.9,Tobacco
15,9,6,20.85,59.67,27.39,Ground Nuts
9,8,25,34.47,55.91,64.25,Paddy
40,1,0,22.37,49,70,Paddy
11,0,12,22.29,47.57,66.46,Oil seeds
36,0,0,25.06,59.78,44.6,Millets
22,2,19,30.44,62.39,67.03,Pulses
18,0,21,24.39,43.91,36.11,Cotton
37,0,0,36.89,69.58,42.28,Cotton
5,5,34,30.22,50.85,59.57,Wheat
35,0,3,36.69,78.73,43.49,Oil seeds
21,0,21,29.5,42.7,52.43,Tobacco
38,2,0,36.74,61.86,29.3,Wheat
33,2,0,29.86,61.53,51.88,Millets
8,0,17,26.18,44.54,66.14,Wheat
5,10,28,24.23,54.33,34.93,Tobacco
10,3,6,25.05,64.63,47.88,Pulses
12,16,11,29,57.95,20.71,Oil seeds
11,1,36,39.5,59.87,52.35,Oil seeds
6,11,34,27.46,66.87,26.04,Maize
10,15,17,31.41,56.68,46.38,Paddy
37,1,0,26.18,54.54,46.83,Tobacco
38,0,4,31.52,51.09,41.27,Oil seeds
10,1,39,35.22,76.59,24.21,Oil seeds
19,0,45,37.69,54.05,40.24,Pulses
12,3,32,27.77,54.61,46.77,Wheat
26,0,21,32.86,65.21,45.16,Sugarcane
11,13,17,28.3,60.42,55.44,Paddy
12,0,37,34.98,64.48,51.57,Tobacco
42,3,0,39.31,59.72,40.8,Cotton
11,3,33,27.41,48.69,52.62,Wheat
15,0,12,29.89,59.26,51.55,Cotton
26,0,18,34.05,71.7,24.22,Pulses
34,2,0,23.91,43.52,39.54,Sugarcane
36,0,0,32.24,49.43,40.27,Cotton
13,2,37,36.98,53.44,24.52,Pulses
18,4,36,30.83,50.49,61.71,Oil seeds
9,0,37,27.06,51.39,53.38,Cotton
6,0,34,38.7,65.81,23.13,Wheat
11,6,11,30.9,55.65,30.7,Ground Nuts
21,0,24,27.98,46.24,47.68,Maize
9,4,16,38.27,60.33,37.69,Cotton
8,13,16,28.07,52.91,43.54,Tobacco
2,15,20,38.99,59.31,46.91,Ground Nuts
12,0,14,35.18,73.86,61.58,Cotton
4,12,36,29.63,51.13,59.87,Tobacco
17,0,38,26.44,66.93,58.88,Barley
10,0,18,32.97,76.36,35.98,Pulses
14,0,38,32.59,52.77,67.32,Wheat
9,8,24,40,61.28,57.03,Paddy
22,1,26,35.08,60.37,45.69,Barley
17,0,7,33.46,60.65,34.68,Cotton
19,0,21,32.95,66.06,24.22,Millets
11,0,12,27.46,63.08,52.97,Cotton
10,1,37,40,56.21,37.48,Ground Nuts
12,2,27,30.85,53.02,26.39,Wheat
40,3,2,24.58,43.05,67.17,Millets
10,0,32,32.99,64.5,30.16,Paddy
9,3,39,24.83,48.37,49.51,Pulses
5,13,15,30.82,56.4,56.14,Paddy
12,2,34,33.65,64.1,41.88,Maize
11,12,21,27.99,52.83,35.74,Ground Nuts
19,14,13,22.87,44.91,24.78,Barley
21,0,15,29.95,68.13,38.6,Sugarcane
12,0,37,39.25,76.98,28.94,Ground Nuts
9,20,12,29.82,66.85,23.96,Tobacco
42,4,0,26.66,63.18,32.47,Tobacco
36,4,0,30.12,47.45,64.3,Tobacco
26,1,17,28.82,53.22,38.74,Ground Nuts
39,0,4,23.42,54.77,33.63,Paddy
17,0,37,28.45,62.42,52.98,Ground Nuts
11,0,15,24.76,58.45,38.36,Wheat
19,3,27,31.65,56.41,30.22,Paddy
39,4,4,23.2,46.23,65.9,Wheat
13,13,11,33.52,60.5,52.77,Oil seeds
13,8,28,31.19,51.5,20,Cotton
40,2,4,27.52,51.39,46.96,Wheat
6,17,21,30.46,57.09,32.66,Tobacco
25,1,19,34.36,64.55,38.08,Pulses
19,1,36,32.14,57.35,49.7,Tobacco
10,21,23,36.81,60.97,46.15,Pulses
20,3,16,30.15,59.21,25.04,Pulses
21,1,17,29.77,63.09,47.01,Sugarcane
36,0,3,30.24,51.96,38.03,Pulses
3,17,19,24.97,47.28,41.8,Pulses
15,0,16,26.34,61.87,22.93,Maize
9,1,41,37.17,73.45,62.33,Millets
9,3,39,29.78,65.45,39.96,Paddy
5,9,33,30.05,61.94,57.63,Tobacco
40,1,4,23.59,54.55,43.39,Ground Nuts
8,0,5,22.2,55.19,60.43,Wheat
11,4,46,29.33,58.97,42.02,Cotton
11,4,18,28.33,61.2,58.57,Wheat
20,3,16,34.24,61.19,31.95,Maize
4,3,15,29.04,73.52,60.4,Oil seeds
15,3,38,32.64,52.05,29.73,Pulses
39,0,3,38.51,72.73,54.65,Paddy
37,2,3,26.36,58.22,35.11,Tobacco
34,0,0,26.86,60.39,30.72,Maize
12,0,18,28.96,54.55,40.7,Tobacco
17,0,39,31.35,64.03,52.01,Cotton
13,0,13,20.03,52.64,70,Sugarcane
15,14,14,37.86,61.26,47.91,Barley
8,0,34,34.3,73.98,23.5,Pulses
20,0,13,28.75,65.85,40.56,Ground Nuts
45,0,2,34.35,68.28,37.3,Wheat
3,10,37,29.5,58.68,59.82,Oil seeds
37,2,0,23.09,47.76,36.04,Barley
9,8,31,31.45,59.17,41.86,Maize
8,12,10,29.76,68.21,44.33,Wheat
13,0,4,23.9,52.22,35.06,Cotton
19,0,23,31.65,58.98,60.38,Wheat
14,0,37,32.72,68.34,67.2,Barley
17,0,40,39.16,69.41,37.45,Tobacco
12,4,38,30.58,57.79,62.55,Sugarcane
10,0,10,24.24,61.14,60.21,Wheat
19,0,20,36.13,58.84,40.14,Paddy
9,19,18,33.8,67.31,32.57,Paddy
13,0,12,22.83,48.52,61.42,Tobacco
2,14,20,27.46,63.46,32.44,Oil seeds
11,2,8,23.99,49.61,27.08,Millets
13,8,35,32.35,69.35,54.59,Oil seeds
41,0,0,32.05,53.97,35.02,Millets
38,2,0,23.89,51.43,32.44,Ground Nuts
23,1,23,25.23,47.76,41.74,Pulses
27,0,17,25.04,45.85,51.39,Tobacco
34,0,3,22.58,47.54,39.32,Ground Nuts
26,2,24,30.78,72.03,70,Maize
34,3,0,28.14,44.5,35.74,Paddy
23,0,18,36.75,61.32,50.32,Ground Nuts
41,0,0,34.03,59.52,31.77,Sugarcane
12,8,29,29.35,59.63,48.74,Tobacco
13,4,42,36.54,74.27,38.52,Ground Nuts
16,0,15,29.01,55.34,29.06,Millets
8,0,13,34.65,60.23,61.23,Ground Nuts
6,10,29,34.12,72.45,52.22,Ground Nuts
39,0,3,23.2,51.15,44.35,Cotton
11,8,14,30.61,56.22,43.7,Maize
16,1,34,34.29,62.12,28.36,Wheat
44,0,2,27.72,52.05,49.01,Maize
35,3,4,27.44,55.79,34.2,Ground Nuts
7,7,37,30.48,54.04,50.81,Tobacco
21,0,21,30.94,58.19,66.53,Sugarcane
13,0,35,36.87,73.12,54.53,Barley
24,0,17,35.05,70.45,42.95,Millets
19,4,26,35.26,55.7,38.7,Millets
16,3,27,30.84,54.44,38.5,Wheat
10,8,11,25.41,56.57,63.78,Paddy
13,8,32,31.29,48.4,35.57,Barley
8,0,10,33.77,70.96,30.96,Maize
20,0,22,22.79,44.82,36.75,Sugarcane
18,0,38,35.39,55.43,61.72,Oil seeds
9,0,38,32.69,67.2,30.23,Barley
12,0,32,29.04,52.28,61.27,Maize
18,0,25,30.97,52.6,49.95,Wheat
6,18,20,26.51,54.41,25.69,Tobacco
5,5,28,24.14,65.95,36.58,Millets
12,1,36,29.44,59.33,21.43,Cotton
13,0,11,28.89,50.23,31.86,Wheat
9,11,23,36.76,71.34,50.85,Wheat
23,0,15,32.93,69.74,37.19,Maize
10,8,32,25.77,51.57,49.07,Wheat
11,4,26,38.24,69.68,42.29,Ground Nuts
8,18,10,31.38,57.81,50.23,Barley
26,0,16,25.77,49.55,51.79,Wheat
40,2,0,33.65,61.98,34.79,Sugarcane
19,0,16,34.32,60.9,35.02,Barley
37,0,0,33.91,65.24,30.22,Cotton
17,0,34,25.14,56.51,36.84,Millets
43,2,0,24.5,55.97,58.19,Sugarcane
9,0,34,31.41,52.35,70,Paddy
11,4,14,27.48,58.97,62.73,Pulses
6,0,40,25.28,57.75,55.42,Tobacco
37,0,0,24.39,60.54,37.95,Pulses
4,12,28,34.62,67.2,34.63,Wheat
39,0,0,30.58,58.47,28.12,Ground Nuts
15,0,37,30.55,67.12,36.98,Paddy
13,4,38,30.53,61.98,28.75,Sugarcane
10,1,38,29.82,68.13,44.94,Pulses
16,2,15,22.28,49.48,37.92,Barley
40,0,0,30.81,42.46,46.84,Millets
21,0,22,29.86,56.95,35.3,Oil seeds
11,5,29,32.76,74.84,69.17,Sugarcane
21,0,18,35.3,68.25,43.64,Maize
15,0,43,36.47,70.93,66.79,Barley
16,4,44,31.73,56.97,32.88,Paddy
5,10,28,25.9,51.18,36.61,Barley
15,4,38,30.5,57.68,54.46,Barley
23,0,15,27.2,71.23,31.58,Cotton
14,11,18,26.68,69.77,60.71,Wheat
15,0,32,27.88,53.3,39.79,Sugarcane
40,2,0,36.39,77.53,52.2,Sugarcane
2,17,16,33.67,66.03,37.65,Barley
16,0,38,29.68,51.55,20.35,Barley
4,9,34,31.25,69.46,61.24,Wheat
27,1,19,33.27,51.22,37.76,Barley
27,0,16,30.83,56.78,54.65,Oil seeds
9,0,34,31.91,73.88,66.05,Pulses
8,0,14,24.02,45.82,22.13,Paddy
16,11,14,26.56,65.45,48.14,Maize
6,0,37,36.41,72.14,37.92,Tobacco
3,12,17,30.28,45.85,29.12,Tobacco
9,12,33,29.18,66.16,70,Sugarcane
33,4,1,29.83,58.93,43.95,Tobacco
27,0,16,37.57,64.34,38.29,Maize
13,7,9,29.17,43.7,41.77,Cotton
12,6,32,30.95,54.47,55.47,Maize
10,3,36,33.49,63.22,25.31,Maize
4,12,20,23.56,47.6,35.22,Pulses
5,16,9,28.59,64.2,42.62,Ground Nuts
16,2,37,27.62,44.14,40.81,Paddy
23,3,23,36.74,55.56,22.31,Oil seeds
41,1,0,35,76.24,53.72,Ground Nuts
8,13,16,32.31,67.68,43.35,Wheat
12,11,27,25.5,51.34,61.51,Cotton
6,5,27,34.09,65.92,61.83,Oil seeds
22,4,16,36.05,70.84,30.08,Barley
16,0,40,32.85,53.6,43.22,Cotton
20,0,21,32.14,52.59,32.09,Millets
20,4,17,31.27,66.2,43.52,Cotton
9,6,29,34.61,67.18,64.16,Millets
34,2,0,27.7,60.18,26.58,Cotton
15,3,38,27.65,50.22,42.85,Barley
8,17,20,29.61,53.81,38.02,Wheat
46,0,0,29.03,45,32.9,Ground Nuts
13,3,9,21.4,45.95,67.15,Cotton
37,0,0,20.36,57.92,61.02,Pulses
37,3,1,37.06,68.81,59.59,Tobacco
42,0,0,27.24,70.93,28.75,Maize
9,20,22,37.44,67.23,52.54,Tobacco
10,21,14,21.47,45.29,43.45,Pulses
7,12,31,31.92,63.7,57.16,Ground Nuts
5,11,13,35.48,60.05,46.78,Sugarcane
42,1,0,25.04,63.36,32.13,Paddy
0,14,13,25.47,56.12,37.4,Oil seeds
17,3,42,32.89,70.11,70,Ground Nuts
6,6,27,39.22,70.14,42.1,Pulses
17,0,35,34.39,54.77,35.05,Sugarcane
21,0,20,26.35,68.18,46.83,Millets
7,0,17,27.59,49.54,37.53,Pulses
18,3,40,24.8,49.86,36.62,Pulses
5,6,21,24.66,48.76,43.36,Millets
14,0,5,33.86,52.1,38.67,Wheat
28,4,22,34.8,59.89,59.4,Barley
11,4,9,37.71,69.38,61.7,Barley
6,12,23,38.41,68.47,56.4,Maize
25,0,21,22.63,51.01,51.05,Maize
9,11,25,35.35,62.94,64.74,Tobacco
42,0,2,27.96,48.06,57.42,Oil seeds
8,3,36,33.46,61.04,40.8,Cotton
8,23,12,29.66,40.36,36.17,Oil seeds
8,17,12,21.67,49.56,59.18,Oil seeds
21,0,17,31.17,52.5,39.69,Tobacco
24,3,18,27.94,55.87,36.48,Oil seeds
11,11,29,27.06,57.03,60.52,Maize
34,0,0,23.58,57.41,25.05,Paddy
4,23,18,24.04,55.63,32.97,Pulses
40,2,1,34.57,73.25,39.07,Cotton
3,23,12,23.34,53.4,38.18,Paddy
23,0,16,32.49,58.66,46.52,Tobacco
26,0,18,28.35,60.55,52.54,Barley
23,0,17,26.77,47.3,36.53,Barley
25,2,25,23.9,58.01,40.51,Barley
42,0,1,25.47,58.41,26.01,Maize
6,6,31,32.92,67.62,69.72,Pulses
43,0,0,30.36,44.69,42.18,Paddy
26,1,23,29.82,55.72,58.33,Barley
8,11,27,28.84,63.97,65.22,Millets
18,3,41,38.35,68.02,65.33,Sugarcane
17,0,36,31.65,48.98,39.39,Wheat
7,1,11,31.54,65.06,37.86,Wheat
12,0,32,31.58,72.23,37.14,Ground Nuts
21,0,23,21.05,55.2,44.12,Ground Nuts
25,2,18,34.34,59.47,35.55,Maize
21,0,21,30.3,50.47,46.43,Cotton
12,2,11,25.59,65.45,43.71,Sugarcane
6,0,19,31.2,50.23,55.54,Pulses
17,4,26,31.66,64.62,44.32,Sugarcane
10,6,28,38.18,64.4,34.15,Oil seeds
15,3,33,30.89,62.85,24.23,Barley
40,0,0,34.27,52.4,31.73,Cotton
15,0,42,31.36,66.19,53.63,Cotton
33,0,0,29.42,54.67,40.55,Ground Nuts
9,13,23,33.83,65.32,43.13,Tobacco
8,0,11,30.44,56.5,51.85,Wheat
10,0,30,25.52,48.23,58.6,Ground Nuts
12,0,39,32.59,59.67,42.91,Paddy
14,8,27,29.65,66.39,49.42,Millets
5,7,37,27.13,62.1,64.44,Millets
5,17,25,31.41,62.69,41.19,Millets
23,4,23,24.14,60.35,47.55,Oil seeds
16,0,37,30.95,52.62,32.97,Tobacco
15,0,8,37.46,68.41,36.8,Millets
25,0,23,24.96,46.72,36.73,Sugarcane
12,18,16,33.51,59.04,44.65,Barley
42,1,2,35.86,71.33,44.81,Millets
15,3,41,24.48,55.7,30.78,Paddy
9,0,45,30.3,42.11,29.89,Tobacco
11,5,33,27.62,56.34,26.36,Tobacco
22,0,21,33.46,62.44,56.11,Sugarcane
19,0,38,31.4,56.45,36.96,Tobacco
15,1,39,26.03,60.45,46.4,Barley
5,14,18,27.4,56.16,45.88,Barley
26,0,23,27.9,47.35,51.36,Millets
9,0,34,32.4,77.68,42.34,Pulses
10,14,13,31.2,70.18,40.98,Tobacco
5,21,12,29.97,47.72,39.53,Paddy
33,0,0,22.15,60.48,34.02,Sugarcane
40,4,0,28.83,48.57,66.71,Tobacco
24,0,19,22.8,50.81,39.07,Ground Nuts
22,3,25,37.29,65.56,39.68,Millets
19,0,22,33.44,64.06,51.91,Pulses
17,1,13,35.89,64.76,36.97,Ground Nuts
6,0,8,32.94,60.91,47.5,Wheat
20,0,18,29.25,61.06,48.99,Pulses
28,0,24,34.9,67.59,66.01,Ground Nuts
10,4,38,28.59,68.53,38.94,Maize
36,4,0,33.19,72.33,65.98,Maize
12,11,18,27.56,51.96,40.99,Maize
15,0,6,31.46,59.57,51.47,Wheat
36,0,0,37.35,58.34,47.42,Sugarcane
22,0,17,35.62,64,37.51,Cotton
6,15,16,33.96,65.91,53.47,Sugarcane
32,0,0,31.91,49.74,29.66,Millets
15,15,14,27.18,66.92,38.33,Paddy
10,6,28,34.37,65.19,43.32,Pulses
34,0,4,26.49,47.78,41.66,Paddy
16,0,40,26.7,45.04,35.26,Oil seeds
38,0,0,27.06,54.68,45.88,Ground Nuts
8,4,39,30.97,45.08,52.45,Tobacco
25,0,20,25.62,51.09,40.66,Pulses
12,7,28,33.27,61.23,22.66,Millets
3,11,26,35.63,68.45,20,Wheat
25,0,20,27.52,42.81,39.1,Paddy
3,0,15,32,58.03,31.37,Millets
10,3,33,31.78,76.46,33.24,Ground Nuts
21,0,19,30.72,58.16,47.3,Wheat
10,11,29,40,71.51,47.58,Cotton
7,16,19,29.65,59.65,26.35,Barley
36,0,0,32.36,54.03,43.93,Maize
15,0,41,39.17,74.97,29.8,Pulses
10,0,44,40,71.02,52.73,Wheat
10,18,16,23.57,44.14,37.94,Tobacco
38,1,0,29.19,65.8,33.2,Barley
8,7,29,31.77,59.25,32.16,Ground Nuts
9,17,16,30.66,53.38,41.56,Paddy
12,10,16,31.84,69.56,69.24,Maize
14,10,19,26.63,64.94,56.15,Millets
16,14,23,38.51,73.59,59.59,Sugarcane
28,0,22,28.28,64.37,33.6,Wheat
16,0,12,36.61,58.99,45.91,Paddy
42,4,0,33.82,55.15,55.67,Ground Nuts
35,0,4,30.56,59.57,43.35,Pulses
6,0,34,24.1,52.08,65.93,Barley
17,2,40,40,67.4,55.78,Oil seeds
13,0,43,39.52,75.51,62.39,Sugarcane
39,0,0,31.73,67.18,35.49,Maize
15,1,6,25.98,52.5,64.54,Sugarcane
7,1,37,37.99,67.95,39.62,Cotton
15,0,39,28.67,53.83,22.9,Tobacco
21,0,24,29.55,69.71,40.07,Millets
17,1,43,25.34,51.79,24.7,Cotton
12,13,24,26.96,58.09,33.74,Millets
11,4,10,21.15,48.8,36.88,Pulses
19,0,25,23.28,54.92,45,Barley
38,0,1,33.26,75.36,44.89,Millets
25,1,20,33.52,67.5,38.1,Ground Nuts
36,2,3,30.26,47.16,68.58,Barley
35,0,0,27.11,61,27.46,Paddy
13,0,34,32.41,62.72,56.06,Tobacco
5,5,29,29.79,67.81,50.66,Wheat
7,2,27,31.83,68.3,27.79,Cotton
13,1,36,32.22,66.16,25.02,Sugarcane
13,0,36,37.04,63.37,38.19,Paddy
17,2,37,30.63,43.11,23.48,Oil seeds
6,5,25,36.12,64.07,33.97,Maize
5,5,26,27.17,58.43,70,Cotton
8,0,10,30.35,45.09,59.54,Paddy
25,0,14,23.51,56.63,32.65,Millets
36,2,0,30.62,61.26,38.62,Oil seeds
13,12,13,26.75,50.01,47.53,Sugarcane
11,14,20,26.78,67.64,30.81,Ground Nuts
40,0,0,25.44,56.27,32.82,Tobacco
41,0,3,32.04,52.11,40.67,Tobacco
24,0,25,29.51,68.51,21.92,Wheat
43,0,0,32.56,66.45,25.05,Cotton
3,10,28,28.13,52.62,45.16,Wheat
23,0,25,27.42,63.5,45.7,Barley
24,0,23,33.83,56.14,43.31,Paddy
12,19,15,24.06,65.98,28.05,Ground Nuts
4,13,15,21.23,44.7,27.36,Millets
15,15,12,33.91,72.18,53.83,Barley
18,3,11,30.92,42.88,26.76,Barley
12,14,12,20.61,49.35,20,Oil seeds
5,1,39,32.59,62.11,51.5,Wheat
40,0,0,31.93,46.41,31.12,Oil seeds
46,0,4,24.01,56.49,43.18,Paddy
11,2,37,27.22,51.42,53.92,Sugarcane
8,13,11,27.82,65.01,36.96,Oil seeds
18,0,13,21.1,51.91,32.91,Cotton
21,4,20,34.9,69.62,40.23,Wheat
21,3,16,23.62,48.41,28.57,Barley
8,0,41,25.1,57.55,23.93,Paddy
2,15,17,21.92,52.16,29.78,Wheat
17,20,17,30.33,51.57,25,Paddy
23,0,21,35.11,58.44,37.33,Ground Nuts
7,1,39,27.45,53.07,54.24,Barley
20,0,21,25.37,61.39,48.09,Pulses
24,0,24,34.06,66.03,26.03,Maize
10,0,35,32.01,71.7,23.49,Ground Nuts
38,0,1,26.22,62.62,25.5,Maize
42,0,0,36.29,62.57,47.91,Paddy
11,0,33,26.2,59.39,38.04,Ground Nuts
9,13,32,31.61,61.28,70,Tobacco
9,4,44,32.03,63.05,34.64,Pulses
28,0,19,31.87,49.23,49.23,Wheat
17,0,38,21.47,50.02,34.05,Millets
11,17,14,29.93,59.13,61.65,Maize
37,0,0,29.68,46.23,66.65,Paddy
26,0,20,23.28,44.92,31.48,Pulses
11,2,37,29.99,48.04,23.13,Barley
17,21,18,29.02,55.34,29.32,Wheat
3,19,21,30.04,70.55,48.8,Oil seeds
7,2,10,30.52,49.1,40.54,Millets
22,3,16,26.81,50.5,47.46,Pulses
10,0,41,38,66.68,29.78,Cotton
35,4,2,23.65,42.79,40.9,Oil seeds
10,15,13,29.34,65.43,70,Ground Nuts
13,8,28,32.64,56.9,51.27,Maize
10,3,8,29.21,55.25,39.75,Ground Nuts
14,0,36,28.94,64.26,68.96,Millets
11,3,10,23.94,56.65,31.99,Barley
40,0,2,27.89,57.64,45.92,Paddy
13,2,36,25.69,57.09,46.14,Tobacco
19,1,20,36.12,65.18,32.53,Wheat
5,12,34,34.55,59.02,70,Millets
18,0,37,31.24,69.27,26.9,Wheat
8,0,43,31.43,54.36,22.99,Sugarcane
26,4,21,33.99,62.76,44.95,Ground Nuts
40,4,3,27.42,45.99,47.82,Barley
25,0,20,34.06,63.07,24.49,Wheat
40,4,0,30.21,54.2,37.46,Tobacco
9,0,38,32.51,61.04,31.07,Sugarcane
18,16,12,24.54,53.73,20.6,Pulses
35,4,4,27.59,60.38,29.02,Maize
3,23,23,36.55,67.98,40.42,Cotton
10,12,13,26.27,52.98,39.19,Pulses
11,0,39,32.71,79.55,37.63,Paddy
36,0,0,29.6,54.82,64.66,Maize
39,0,0,27.94,56.62,29.68,Wheat
9,4,35,34.57,78.28,41.55,Wheat
9,0,42,28.63,55.59,41.33,Pulses
19,0,26,26.97,58,52.93,Oil seeds
12,0,7,26.3,61.31,49.46,Tobacco
3,7,33,31.75,60.66,70,Barley
17,3,22,34.36,60.34,38.08,Wheat
6,22,11,25.33,50.43,55.18,Maize
24,0,23,36.33,57.1,27.1,Paddy
10,1,38,28.09,63.65,22.19,Millets
9,4,40,27.18,50.81,27.65,Ground Nuts
39,0,0,30.18,72.18,46.54,Pulses
41,0,0,26.11,59.94,70,Oil seeds
19,0,24,26.73,53.73,35.6,Millets
8,22,11,22.88,50.27,31.25,Maize
11,0,37,31.09,64.92,39.02,Wheat
3,6,33,25.78,62.23,52.74,Tobacco
31,2,0,27.26,44.35,28.6,Paddy
16,0,41,28.54,58.89,24.6,Wheat
12,0,10,32.33,61.55,52.38,Oil seeds
10,0,13,27.26,47.32,67.89,Maize
8,5,28,25.84,53.73,49.86,Millets
6,10,25,31.67,70.69,60.18,Ground Nuts
16,1,28,33.9,63.27,38.72,Paddy
1,4,32,35.64,69.14,49.98,Cotton
16,0,38,29.95,49.83,44.85,Barley
7,4,10,27.49,67.39,29.17,Maize
18,1,42,38.65,65.81,70,Tobacco
10,8,35,27.8,59.46,52.44,Tobacco
3,18,21,28.11,66.77,34.26,Wheat
9,2,36,27.83,50.6,54.62,Cotton
7,12,15,33.42,55.21,54.88,Oil seeds
2,14,10,31.61,60.35,55.88,Cotton
6,2,31,33.09,48.02,24.74,Wheat
4,11,29,37.89,65.59,59.98,Maize
7,18,15,36.36,71.72,62.3,Millets
19,0,16,33.84,54.6,41.99,Sugarcane
16,0,33,32.31,67.96,62.73,Barley
22,3,20,29.04,61.46,26.78,Tobacco
32,0,0,27.86,50.22,35.4,Pulses
23,0,28,28.55,50.4,41.51,Millets
35,2,2,24,59.32,44.9,Wheat
1,15,18,31.22,58.05,35.74,Ground Nuts
10,3,36,26.2,52.3,56.27,Paddy
16,4,6,30.75,53.95,62.15,Wheat
33,3,0,29.58,59.37,36.3,Barley
10,9,12,29.54,48.75,47.25,Cotton
40,0,2,28.73,62.78,46.34,Millets
25,0,23,25.55,50.51,49.12,Sugarcane
41,4,4,38.74,67.83,43.16,Ground Nuts
35,0,0,30.04,56.4,48.79,Maize
15,0,39,40,53.17,33.02,Tobacco
10,1,11,31.09,65.51,44.74,Cotton
20,4,20,21.85,49.88,44.21,Barley
36,0,3,31.7,58.19,66.88,Wheat
17,0,14,37.86,59.26,33.3,Oil seeds
42,1,0,34.98,65.83,33.5,Maize
4,14,26,25.77,68.16,56.63,Ground Nuts
35,0,2,29.66,71.24,50.78,Paddy
12,0,15,25.23,44.95,23.32,Maize
10,0,41,30.17,55.55,28.99,Tobacco
36,4,0,24.2,46.04,70,Millets
8,3,35,25.81,68.03,49.44,Oil seeds
10,0,11,31.69,53.43,54.42,Maize
15,16,19,29.48,42.68,55.33,Tobacco
23,0,19,30,47.92,45.35,Paddy
7,4,18,26.2,68.6,43.15,Wheat
45,4,0,23.88,48.37,32.8,Oil seeds
24,0,19,35.18,74.73,62.57,Tobacco
8,9,28,37.6,72.26,46.43,Paddy
13,3,40,34.81,63.81,20,Sugarcane
4,7,27,33.48,65.81,38.6,Maize
11,6,30,39.16,72.53,36.73,Maize
37,0,0,28.12,58.63,70,Maize
30,4,0,30.09,68.74,68.71,Paddy
10,13,20,26.29,59.73,44.01,Maize
12,0,39,39.26,53.38,45.18,Millets
14,3,32,31.18,55.65,63.49,Tobacco
9,0,6,21.89,59.24,50.57,Pulses
18,0,14,28.85,58.66,43.76,Barley
38,4,4,40,75.29,59.96,Maize
9,0,11,28.05,62.05,36.35,Paddy
18,0,39,28.86,54.81,57.96,Millets
45,0,0,26.24,44.87,25.31,Millets
4,14,23,32.89,67.49,45.6,Pulses
19,0,19,28.62,54.16,37.37,Sugarcane
21,3,28,32.79,70.93,38.13,Barley
27,1,25,27.54,62.3,34,Sugarcane
9,4,33,29.07,56.03,37.1,Tobacco
17,0,43,24.13,62.11,20,Sugarcane
11,13,34,31.69,58,68.66,Sugarcane
5,16,23,25.37,57.8,41.73,Millets
12,11,15,30.14,53.06,60.78,Millets
20,3,27,22.96,62.5,41.58,Cotton
31,0,0,25.73,62.59,36.32,Sugarcane
10,0,13,35.33,67.8,53.53,Pulses
9,8,19,25.55,48.32,39.01,Sugarcane
16,0,17,28.35,41.51,29.49,Barley
10,0,31,33.68,67.87,35.69,Paddy
12,0,9,34.91,63.17,38.77,Sugarcane
15,0,15,35.76,60.56,36.72,Ground Nuts
5,14,19,27.37,49.31,43.7,Paddy
19,3,35,32.44,75.96,56.23,Tobacco
37,0,0,33.5,63.58,29.96,Paddy
22,0,29,27.7,66.58,42.63,Cotton
41,0,0,35.74,61.66,43.17,Pulses
10,2,4,26,57.75,41.81,Cotton
6,16,18,31.06,61.86,25.72,Pulses
7,10,33,27.58,56.9,56.18,Cotton
40,1,0,31.17,48.39,33.21,Barley
16,0,39,35.06,67.4,28.28,Ground Nuts
12,11,30,35.37,71.39,35.62,Paddy
7,11,31,29.85,60.51,70,Wheat
39,0,0,30.02,66.59,44.84,Maize
7,10,10,35.68,61.52,55.89,Pulses
36,0,2,31.8,46.25,33.35,Millets
21,0,19,21.98,50.4,45.37,Ground Nuts
11,14,11,30.31,54.48,25.49,Barley
43,0,0,29.56,45.48,37.32,Ground Nuts
17,4,32,25.76,66.16,25.05,Paddy
19,1,21,27.63,54.5,38.48,Cotton
23,2,23,28.79,68.18,47.81,Oil seeds
12,14,17,24.62,60.53,49.03,Wheat
13,0,41,31.92,57.5,20.26,Pulses
11,11,33,26.11,62.81,52.46,Maize
37,0,0,31.74,56.28,31.1,Sugarcane
8,0,36,26.51,50.69,57.11,Sugarcane
8,3,10,27.64,45.49,55.3,Ground Nuts
10,20,15,23.87,47.11,30.61,Barley
7,0,14,23.66,40.83,70,Millets
19,0,25,33.76,58.07,50.17,Paddy
5,4,31,31.68,68.95,50.54,Maize
6,9,22,31.1,63.92,36.28,Sugarcane
18,4,21,24.74,47.58,54.2,Millets
19,0,43,35.22,60.12,46.49,Barley
9,0,37,32.58,67.24,56.32,Tobacco
7,17,16,29.9,41,54.27,Oil seeds
24,3,23,29.13,55.23,53.06,Oil seeds
13,2,36,35.93,65.09,36.26,Sugarcane
43,0,0,29.69,56.63,36.01,Sugarcane
8,11,26,40,79.57,38.94,Oil seeds
14,13,14,30.73,63.13,53.36,Sugarcane
11,4,35,34.58,63.02,35.88,Wheat
33,0,0,32.91,71.31,38.32,Barley
13,4,14,29.62,60.67,58.93,Cotton
17,0,39,25.82,56.17,23.88,Ground Nuts
18,4,40,30.18,45.76,24.6,Tobacco
36,0,0,34.51,64.96,68.56,Cotton
15,0,37,31.86,75.29,53.2,Tobacco
23,0,25,30.59,60.6,24.53,Maize
7,0,12,32.69,60.02,43.69,Pulses
9,6,14,24,56.92,43.36,Pulses
10,4,27,27.83,58.41,68.93,Tobacco
21,2,24,27.23,66.1,32.32,Millets
37,0,0,25.95,57.37,31.82,Maize
11,5,26,27.34,49.39,47.11,Cotton
26,0,21,32.7,69.18,36.19,Sugarcane
22,0,23,29.53,46.72,43.55,Pulses
22,0,24,28.9,48.22,39.67,Barley
40,0,1,35.66,61.27,31.86,Barley
10,3,42,33.06,62,55.12,Ground Nuts
7,19,19,31.14,77.02,43.96,Wheat
16,12,15,20.91,53.57,35.19,Oil seeds
8,22,23,34.57,63.31,53.18,Millets
16,4,14,27.6,48.28,62.38,Ground Nuts
7,12,29,24.17,52.54,33.16,Wheat
14,0,12,28.28,46.26,50.83,Paddy
38,0,0,24.12,45.11,46.29,Barley
16,0,13,36.9,71.22,41.65,Paddy
13,0,40,29.28,63.52,20,Wheat
9,0,31,24.87,54.64,70,Wheat
6,10,26,31.79,50.54,69.15,Paddy
34,0,0,24.1,56.35,69.1,Wheat
26,0,24,34.29,70.43,40.37,Millets
16,3,41,39.21,64.25,56.31,Cotton
45,3,0,26.52,57.57,36.45,Tobacco
9,0,45,34.53,60.32,35.86,Wheat
20,4,18,29.51,53.95,38.65,Maize
36,3,0,40,80,50.64,Pulses
10,6,32,24.11,60.41,41.46,Barley
7,22,10,24.44,60.46,56.1,Wheat
9,13,33,29.34,45.2,20,Ground Nuts
14,4,34,31.05,53.19,63.73,Ground Nuts
43,0,0,23.13,55.8,33.99,Sugarcane
40,0,1,28.33,43.93,25.2,Tobacco
37,2,0,35.37,57.59,60.56,Cotton
11,10,15,30.74,66.87,53.32,Wheat
10,0,11,23.04,47.21,40.69,Barley
5,1,12,32.11,52.48,33.96,Pulses
12,12,30,27.52,61.83,53.46,Paddy
14,4,34,24.65,52.32,60.58,Paddy
14,0,6,29.71,47.01,64.16,Ground Nuts
22,0,20,34.15,71.52,33.6,Oil seeds
19,0,21,23.74,54.65,41.61,Sugarcane
38,0,0,24.58,45.65,30.81,Cotton
11,3,9,32.75,65.56,34.53,Sugarcane
11,13,34,30.4,61.28,25.58,Paddy
36,0,0,33.96,56.48,62.18,Pulses
8,6,32,37.09,60.97,41.55,Ground Nuts
19,0,18,23.11,52.75,34.6,Pulses
41,2,0,27.41,53.99,29.32,Paddy
28,2,13,25.08,60.16,44.64,Tobacco
35,0,3,21.99,47.5,60.36,Wheat
18,0,42,28.41,58.44,37.48,Oil seeds
40,0,4,31.21,64.21,39.12,Paddy
20,4,18,36.34,65.98,39.34,Ground Nuts
43,0,3,27.51,53.02,38.86,Wheat
42,4,0,36.5,66.66,48.43,Paddy
31,0,0,32.58,49.88,50.8,Oil seeds
18,0,18,22.66,52.77,39.99,Wheat
9,5,30,34.78,71.14,47.75,Millets
5,8,31,28.78,45.77,50.49,Ground Nuts
18,0,42,37.26,69.8,44.45,Sugarcane
17,0,15,31.02,71.81,28.02,Millets
7,16,22,26.05,54.67,33.13,Tobacco
12,0,38,36.85,64.33,49.71,Maize
8,8,27,27.4,63.02,52.99,Sugarcane
24,0,21,33.68,57.45,56.5,Ground Nuts
25,0,21,33.12,60.82,39.61,Ground Nuts
41,4,2,27.99,45.61,37.12,Maize
21,0,25,34.33,62.47,37.74,Tobacco
4,18,21,22.33,50.62,42.7,Tobacco
6,19,22,29.22,70.28,53.37,Tobacco
16,0,38,23.59,61.65,24.77,Paddy
10,0,32,33.15,75.63,42.38,Oil seeds
11,0,41,31.36,53.84,27.06,Ground Nuts
12,0,36,40,63.61,36.05,Wheat
13,3,43,38.04,56.36,50.4,Wheat
33,0,0,22.19,49.39,34.73,Cotton
11,1,14,30.09,63.52,37.48,Paddy
36,2,4,30.57,44.28,55.42,Cotton
26,4,21,29.46,57.44,57.58,Cotton
22,0,19,21.12,49.29,25.08,Millets
31,0,0,31.04,70.01,59.44,Tobacco
36,4,0,23.19,56.16,38.28,Oil seeds
12,0,37,30.91,63.67,38.76,Pulses
6,4,18,29.06,63.72,47.54,Ground Nuts
9,11,30,25.38,51.53,63.5,Ground Nuts
14,9,11,24.56,57.17,20,Maize
42,0,1,32.99,53.49,45.4,Tobacco
24,1,20,30.94,49.64,52.81,Wheat
10,13,12,21.84,58.1,32.37,Wheat
10,0,36,31.2,65.53,61.24,Ground Nuts
12,17,7,27.88,56.24,25.31,Tobacco
8,0,5,30.71,51.6,50.02,Oil seeds
13,0,38,35.35,50.2,38.74,Tobacco
39,3,3,27.77,60.44,28.67,Maize
27,0,21,36.38,69.84,28.62,Tobacco
34,0,0,28.58,59.41,34.2,Sugarcane
45,0,2,23.87,62.47,29.22,Sugarcane
35,0,1,28.72,42.07,47.05,Maize
12,14,7,23.68,41.79,27.14,Tobacco
5,17,21,27.77,59.49,32.14,Wheat
8,0,16,31.06,67.37,38.26,Millets
9,19,19,31.94,59.91,47.92,Sugarcane
20,4,29,35.86,55.82,52.48,Wheat
19,0,34,27.17,66.27,40.8,Maize
37,0,4,32.45,57.72,20.29,Paddy
40,0,3,30.79,55.86,51.44,Maize
42,4,1,32.83,55.5,42.51,Wheat
23,0,18,35.2,70.49,38.88,Wheat
37,0,0,30.64,51.42,38.91,Sugarcane
24,0,20,27.83,53.52,35.02,Wheat
8,14,16,34.85,58.22,40.91,Ground Nuts
15,11,15,27.3,49.21,20.19,Paddy
23,4,25,33.34,69.09,26.48,Sugarcane
43,2,2,35.9,54.1,36.4,Wheat
7,0,11,21.64,49.34,59.85,Ground Nuts
13,1,33,33.09,55.04,57.68,Wheat
17,3,42,27.43,53.4,34.5,Ground Nuts
11,0,39,25.14,52.47,52.19,Paddy
10,4,35,35.99,77.54,34.61,Tobacco
20,0,17,28.74,67.46,41.86,Tobacco
6,8,29,33.03,66.47,60.26,Cotton
33,0,1,23.14,56.97,42.97,Paddy
10,0,33,28.49,50.95,61.26,Oil seeds
10,15,16,24.44,51.85,42.54,Wheat
2,5,34,30.4,59.17,62.79,Ground Nuts
43,0,0,31.12,77.29,39.51,Paddy
3,7,32,30.64,63.54,56.5,Maize
37,0,2,30.29,72.81,52.72,Ground Nuts
6,14,25,30.73,69.57,52.05,Ground Nuts
36,0,0,36.18,60.7,35.67,Wheat
39,4,0,26.01,58.47,25.34,Cotton
12,7,29,31.6,67.29,67.06,Maize
35,0,1,36.17,72.76,41.81,Tobacco
14,2,32,33.49,67.08,35.44,Sugarcane
11,3,39,39.7,66.38,45.01,Ground Nuts
14,0,37,36.31,73.36,38.36,Oil seeds
38,0,0,31.62,57.89,39.02,Barley
7,6,32,31.73,54.97,64.26,Cotton
16,11,11,28.66,59.28,48.06,Maize
43,0,2,30.64,58.08,26.84,Tobacco
34,0,2,37.76,71.09,43.07,Ground Nuts
2,5,27,33.85,61.06,68.59,Pulses
33,0,3,34.95,62.41,33.09,Oil seeds
42,0,0,24.25,54.71,65.01,Sugarcane
6,15,19,27.1,62.84,62.37,Maize
8,7,30,28.94,57.14,30.57,Barley
5,12,9,31.81,70.43,57.66,Sugarcane
13,2,37,28.93,58.65,20,Sugarcane
12,16,15,20.41,46.34,20,Paddy
11,3,41,30.42,61.15,43.96,Oil seeds
41,0,3,30.24,71.18,28.39,Cotton
24,0,18,26.18,52.68,52.49,Maize
6,22,14,26.92,49.33,52.14,Pulses
20,1,31,31.43,58.06,40.83,Maize
12,0,5,37.46,67.14,36.94,Tobacco
8,4,42,34.35,55.08,28.84,Pulses
18,3,24,27.76,70.78,43.94,Wheat
8,0,12,33.2,61.27,28.29,Oil seeds
34,0,4,30.69,63.98,42.43,Sugarcane
14,0,40,30.14,64.68,59.96,Sugarcane
33,3,0,22.78,51.18,70,Ground Nuts
11,0,12,29.17,66.03,46.22,Oil seeds
10,7,28,33.24,68.84,58.57,Cotton
30,0,0,37.13,57.04,63.93,Oil seeds
14,0,35,28.43,54.4,36.47,Wheat
18,0,22,32.73,60.24,44.34,Wheat
14,4,34,35.64,65.52,26.3,Sugarcane
6,1,14,36.01,73.09,57.84,Millets
10,0,33,29.78,56.76,51.66,Tobacco
15,3,38,25.96,58.08,31.11,Sugarcane
5,9,32,29.97,66.26,65.15,Pulses
3,20,14,28.54,44.95,44.12,Pulses
9,0,6,25.75,44.84,61.62,Maize
13,5,24,30.71,62.97,46.49,Paddy
4,9,28,30.3,65.41,62.34,Millets
34,1,0,30.6,53.91,34.29,Millets
11,0,41,27.59,50.67,65.48,Oil seeds
9,4,28,36.18,77.72,29.51,Cotton
6,0,14,24.76,66.01,33.21,Paddy
16,0,6,33.83,53.28,46.07,Sugarcane
8,5,31,32.95,47.94,29.06,Maize
38,0,4,29.43,72.23,62.55,Sugarcane
12,8,14,24.91,47.76,39.44,Ground Nuts
40,0,0,35.11,64.06,54.89,Wheat
31,0,2,26.55,45.87,28.29,Sugarcane
34,0,3,24.91,52.61,26.29,Cotton
26,0,19,37.28,60.14,55.66,Oil seeds
41,4,1,33.86,58.35,43.35,Sugarcane
38,0,2,25.88,57.33,31.38,Oil seeds
41,0,2,31.8,58.18,56.23,Maize
31,0,0,32.57,74.55,66.3,Millets
7,0,17,30.45,58.6,50.65,Barley
13,13,13,38.32,66.46,54.06,Barley
14,0,41,27.94,53.62,29.48,Wheat
33,3,0,27.79,67.17,27,Ground Nuts
11,6,9,26.1,59.75,42.28,Paddy
9,2,12,22.3,49.05,68.42,Cotton
10,6,29,31.46,61.7,26,Ground Nuts
7,0,33,29.15,45.48,44.29,Wheat
20,4,15,31.89,58.53,38.83,Paddy
11,10,28,26.62,60.59,21.88,Barley
34,0,0,33.07,75.97,55.05,Ground Nuts
42,0,4,37.36,62.5,53.31,Wheat
10,6,10,21.51,50.09,32.94,Maize
5,0,13,33.64,72.94,60.39,Ground Nuts
31,4,1,29.71,61.87,54.45,Sugarcane
10,13,11,21.84,58.79,53.97,Maize
36,0,0,24.82,48.36,32.63,Paddy
26,0,14,23.69,51.88,45.1,Ground Nuts
26,0,16,29.45,57.06,52.39,Paddy
8,0,36,36.82,59.9,37.21,Paddy
19,1,16,21.82,45.06,32.09,Cotton
5,0,10,24.72,53.8,54.35,Ground Nuts
1,6,32,28.16,63.93,44.75,Tobacco
9,18,8,32.9,59.42,57.62,Millets
21,0,21,34.05,70.64,40.72,Cotton
11,4,37,28.19,64.77,65.2,Millets
11,6,31,26.97,65.25,21.35,Sugarcane
21,0,19,33.2,73.6,53.85,Sugarcane
13,0,36,34.76,73.32,59.45,Barley
12,0,41,35.09,61.52,60.88,Paddy
9,9,27,40,70.47,54.47,Pulses
9,12,26,33.24,58.1,55.98,Barley
17,3,44,33.77,62.95,47.13,Pulses
17,2,37,27.77,54.87,39.6,Ground Nuts
39,0,1,36.98,63.67,54.3,Millets
11,13,31,24.26,49.84,30.21,Barley
36,0,2,37.53,70.73,37.05,Sugarcane
5,0,18,29.47,55.77,44.27,Tobacco
42,0,2,27.32,63.12,22.92,Cotton
7,14,13,37.86,58.44,55.05,Oil seeds
8,17,15,27.18,65.88,42.06,Wheat
12,8,26,27.6,58.3,56.77,Ground Nuts
13,0,38,34.44,71,29.79,Sugarcane
33,2,0,35.13,56.04,35.97,Paddy
22,0,22,26.62,54.93,36.24,Sugarcane
7,4,39,35.15,68.47,44.92,Wheat
13,1,6,22.57,49.51,27.81,Ground Nuts
37,1,0,25.17,46.44,37.04,Barley
40,3,1,32.35,71.84,33.21,Millets
25,3,27,27.51,71.11,49.17,Paddy
20,4,24,23.8,61.91,42.75,Ground Nuts
30,2,1,38.66,73.97,66.46,Cotton
39,0,0,32.18,68.06,59.24,Wheat
12,12,19,30.31,61.48,37.51,Maize
3,0,17,29.18,54.42,35.54,Pulses
18,19,16,35.96,58.63,40.76,Pulses
16,3,42,39.45,64.39,43.62,Sugarcane
39,0,0,27.51,65.29,33.53,Millets
18,0,18,26.15,52.69,49.11,Ground Nuts
13,10,33,29.88,54.42,65.71,Ground Nuts
35,0,0,30.23,73.9,61.14,Ground Nuts
15,0,13,26.15,51.15,60.56,Sugarcane
12,0,39,37.54,62.31,37.71,Oil seeds
20,0,15,28.85,45.37,49.17,Cotton
6,0,33,35.64,58.51,30.22,Oil seeds
37,2,0,35.76,72.58,44.43,Oil seeds
7,18,22,31.51,68.14,52.98,Pulses
11,0,10,34.32,72.1,42.27,Ground Nuts
9,10,27,32.34,67.4,31.24,Wheat
4,12,23,28.94,44.59,41.6,Oil seeds
8,3,33,29.27,48.14,55.71,Paddy
26,1,18,25.21,65.01,49.34,Tobacco
11,0,38,36.39,57.79,35.1,Pulses
38,2,3,30.86,50.54,33.84,Oil seeds
8,0,36,32.73,73.02,33.9,Paddy
39,0,0,31.05,58.8,59.36,Ground Nuts
9,5,30,31.7,51.03,48.18,Paddy
39,0,0,27.44,55.75,27.49,Pulses
3,3,36,24.79,54.34,46.13,Oil seeds
25,2,20,34.05,74.82,66.24,Ground Nuts
5,7,31,30.87,55.7,69.78,Millets
20,3,22,32.12,61.45,49.19,Cotton
8,12,33,29.63,55.16,68.27,Paddy
38,1,0,24.08,47.59,39.13,Tobacco
34,0,2,31.51,64.47,59.18,Barley
8,3,28,31.78,53.53,40.68,Pulses
11,0,7,30.64,62.44,50.79,Millets
36,0,2,26.9,60.69,37.88,Millets
41,3,0,38.72,73.5,49.78,Barley
35,0,0,30.44,62.02,31.71,Millets
7,11,34,37.48,61.89,62.39,Cotton
9,0,10,34,62.86,45.13,Sugarcane
18,0,23,30.48,58.07,30.84,Paddy
12,0,36,37.98,68.23,38.81,Pulses
33,2,3,25.71,51.45,32.95,Maize
12,2,42,36.8,64.17,60.56,Pulses
13,9,25,32.03,62.83,20,Paddy
36,0,1,26.74,63.11,41.43,Maize
20,0,23,22.55,58.99,43.67,Oil seeds
23,2,19,35.78,52.73,32.13,Sugarcane
38,0,2,24.42,56.1,47.1,Wheat
19,12,15,28.15,40.67,31.16,Ground Nuts
34,0,2,32.45,62.93,49.56,Oil seeds
6,21,22,30.08,62.94,41.63,Tobacco
16,0,39,32.4,66.97,35.57,Cotton
14,13,17,24.56,57.15,43.97,Barley
9,12,31,31.1,61.27,51.17,Millets
9,3,31,31.96,60.96,58.97,Tobacco
8,21,14,25.05,55.58,39.01,Paddy
36,0,0,31.87,45.49,37.69,Millets
39,3,0,35.08,66.89,59.2,Maize
25,3,21,28.01,69.78,32.44,Barley
22,4,28,33.92,59.98,42.08,Ground Nuts
10,8,11,29.37,58.84,44.67,Millets
12,0,6,33.3,49.69,62.65,Pulses
39,1,3,35.12,62.3,40.87,Tobacco
41,0,0,33.85,69.07,48.24,Barley
16,2,18,22.16,44,35.75,Tobacco
16,0,43,36.97,75.86,59.72,Maize
19,0,37,31.11,62.66,29.66,Paddy
25,4,19,32.78,54.47,30.46,Pulses
13,3,39,40,65.82,37.56,Barley
37,4,3,31.87,58.09,42.53,Pulses
37,0,0,22.87,41.97,58.12,Cotton
22,0,23,28.87,50.36,35.49,Cotton
38,3,0,35.06,74.46,31.5,Millets
18,0,44,32.59,67.68,50.11,Oil seeds
3,1,13,27.49,65.54,39.21,Tobacco
8,17,18,32.29,63.71,48.26,Sugarcane
39,0,0,28.08,53.67,37.19,Paddy
17,0,10,26.48,55.64,33.13,Ground Nuts
4,19,19,23.4,59.41,54.77,Paddy
17,0,41,31.32,55.37,58.58,Barley
35,0,0,24.71,51.42,45.18,Pulses
11,0,38,34.86,53.49,36.67,Cotton
37,0,1,34.21,67.02,41.72,Barley
10,11,11,31.33,60.21,59.87,Maize
32,0,0,28.65,59.53,29.64,Millets
19,3,22,38.88,70.87,44.32,Ground Nuts
7,16,19,21.37,45.22,40.86,Pulses
22,4,16,28.63,44.44,45.65,Wheat
38,3,1,23.68,46.46,50.13,Oil seeds
37,3,3,23.41,60.75,42.1,Tobacco
35,4,0,37.22,66.08,50.07,Paddy
10,0,41,33.6,66.97,34.42,Barley
12,8,17,26.63,46.79,30.36,Millets
19,3,18,36.3,68.21,70,Barley
12,4,17,21.76,55.45,30.34,Ground Nuts
11,12,16,29.07,58.74,28.12,Oil seeds
25,0,24,24.29,50.63,39.13,Wheat
10,2,12,25.04,55.53,45.1,Tobacco
10,4,29,34.32,64.31,36.15,Maize
41,0,2,32.59,63.12,70,Tobacco
33,0,0,32.82,59.79,46.25,Wheat
21,4,16,32.48,57.76,51.82,Oil seeds
8,2,19,30.49,50.57,60.72,Pulses
10,1,37,39.67,70.21,40.71,Maize
10,13,18,22.13,57.13,50.74,Paddy
16,0,23,29.23,43.46,33.17,Ground Nuts
8,0,16,35.9,62.63,37.99,Pulses
8,18,16,31.97,58.76,35.33,Tobacco
12,0,35,30.52,70.95,33.52,Wheat
6,11,26,34.03,61.83,32.95,Tobacco
38,0,1,34.1,73.46,37.36,Ground Nuts
6,11,23,39.08,71.98,43.54,Maize
8,14,26,28.55,54.27,52.97,Cotton
7,13,18,29.07,55.27,45.77,Millets
22,0,20,34.07,57.14,68.4,Paddy
16,0,19,27.02,52.06,41.73,Oil seeds
8,15,11,33.45,48.18,38.02,Ground Nuts
12,3,33,31.9,69.5,42.17,Millets
14,0,11,31.14,60.35,52.46,Sugarcane
37,1,2,30.97,54.68,37.37,Paddy
37,4,0,30.31,51.6,31.75,Pulses
14,0,19,24.63,56.02,63.95,Maize
19,1,25,35.26,66.79,31.43,Tobacco
39,4,0,32.66,67.55,32.86,Pulses
9,4,8,25.98,46.81,32.02,Barley
12,9,31,29.36,69.37,67.13,Cotton
9,10,29,26.82,67.63,48.79,Oil seeds
26,0,17,27.68,45.34,27.54,Tobacco
14,2,34,32.35,50.94,60.56,Sugarcane
3,15,21,29.08,58.44,44.95,Oil seeds
17,4,42,38.73,64.24,58.22,Wheat
11,9,28,32.74,73.33,29.74,Pulses
16,0,20,27.48,51.08,47.43,Millets
10,14,24,30.98,57.31,46.71,Oil seeds
5,13,19,29.6,56.7,21.18,Paddy
17,0,40,32.08,66.03,52.81,Cotton
38,0,3,29.49,63.36,44.57,Millets
12,0,12,25.92,60.03,27.02,Oil seeds
37,2,0,26.18,68.33,41.63,Oil seeds
24,0,26,35.17,70.71,27.27,Maize
36,1,0,36.98,71.46,50.7,Maize
10,0,42,34.49,73.5,53.12,Tobacco
10,9,35,25.43,56.25,52.07,Oil seeds
13,0,9,27.65,43.04,45.86,Ground Nuts
16,3,7,25.68,59.99,51.16,Barley
17,2,15,38.07,59.39,38.63,Barley
2,4,27,29.69,64.81,55.18,Wheat
9,0,17,39.08,71.79,39.02,Cotton
8,14,22,33.96,69.47,57.06,Wheat
11,3,17,31.14,73.75,31.4,Sugarcane
11,3,41,36.11,75.99,23.4,Paddy
19,0,18,26.25,51.99,50.36,Oil seeds
12,2,34,29.89,60.28,35.37,Maize
14,4,38,40,71.12,37.22,Ground Nuts
11,2,38,28.13,51.6,58.09,Tobacco
23,3,20,28.67,68.13,40.26,Maize
17,0,30,26.71,54,55.47,Oil seeds
36,0,4,21.7,53.27,56.56,Maize
20,3,25,31.15,58.86,38.45,Wheat
23,0,25,25.55,68.17,51.97,Millets
42,0,1,33.79,71.99,49.54,Cotton
11,11,9,28.67,71.7,49.84,Tobacco
8,0,16,33.94,66.71,33.69,Pulses
15,4,14,24.03,58.77,40.78,Millets
9,2,42,31.27,51.12,66.51,Oil seeds
19,1,18,29.69,59.32,48.74,Pulses
19,0,20,32.59,60.47,55.36,Tobacco
4,10,32,39.38,58,21.52,Oil seeds
17,0,36,22.6,44.65,29.06,Barley
8,0,36,32.81,62.82,28.5,Ground Nuts
6,19,15,26.07,44.83,41.52,Paddy
44,0,3,23.78,50.25,44.26,Sugarcane
24,0,26,29.12,65.5,30.37,Pulses
14,0,38,24.26,61.26,47.06,Maize
38,0,4,35.41,68.17,53.47,Wheat
39,1,0,24.95,57.77,34.91,Maize
3,13,15,32.94,56.93,51.95,Tobacco
10,14,14,26.58,70.19,43.73,Ground Nuts
20,0,22,35.99,73.71,47.66,Tobacco
8,7,33,31.43,47.42,45.65,Oil seeds
16,0,37,24.04,43.72,22.01,Wheat
19,0,44,36.31,53.88,36.31,Cotton
14,13,13,28.16,47.49,29.78,Maize
3,22,22,37.94,58.24,42.79,Ground Nuts
9,16,18,24.42,48.89,41.63,Pulses
35,3,3,27.33,58.15,22.18,Paddy
35,0,0,31.02,44.25,41.7,Ground Nuts
4,18,22,24.63,60.8,31.01,Paddy
10,1,7,22.31,41.54,59.77,Pulses
22,2,25,28.56,63.57,40.1,Oil seeds
34,3,0,26.66,54.01,31.78,Oil seeds
8,11,31,35.53,75.2,29.57,Maize
16,14,15,26.26,67.11,38.22,Wheat
33,3,0,23.52,53.51,70,Paddy
10,12,20,24.25,58.48,37.87,Sugarcane
5,17,19,30.53,69.13,35.08,Wheat
14,1,37,28.54,60.27,31.15,Paddy
41,2,0,23.03,47.87,42.5,Ground Nuts
7,3,13,27.38,41.75,70,Millets
13,6,15,28.76,47.19,42.6,Cotton
10,0,44,32.94,56.15,39.04,Ground Nuts
1,22,16,30.95,51.06,49.29,Millets
20,0,22,38.62,70.77,25.82,Barley
11,11,21,23.99,47.13,39.12,Pulses
13,0,36,35.52,69.26,40.18,Tobacco
0,21,15,29.77,66.6,24.94,Ground Nuts
12,13,16,22.08,55.41,30.32,Tobacco
14,0,36,38.92,68.71,67.94,Paddy
22,3,20,21.59,47.89,48.19,Barley
7,10,33,30.53,71.63,58.35,Wheat
13,0,42,31.03,63.64,58.7,Ground Nuts
16,0,8,26.25,58.93,30.41,Tobacco
32,0,0,27.78,47.15,25.01,Oil seeds
6,8,29,33.17,71.81,25.25,Pulses
8,19,15,33.5,56.92,24.03,Tobacco
36,1,0,30.44,44.11,42.92,Millets
28,0,17,32.97,68.78,70,Paddy
7,14,15,27.06,40.83,46.05,Tobacco
10,2,16,31.04,58.13,57.29,Sugarcane
22,0,22,30.83,65.17,47.75,Cotton
24,2,32,31.21,63.59,39.81,Sugarcane
17,0,10,31.8,67.54,30.73,Tobacco
14,0,5,28.54,61.73,53.85,Sugarcane
12,0,30,25.17,52.14,60.08,Millets
10,9,25,32.28,59.29,33.73,Wheat
4,8,30,29.33,61.81,52.99,Pulses
23,0,20,26.82,47.7,36.38,Millets
11,15,11,20.79,58.13,63.78,Ground Nuts
39,0,0,23.46,51.39,66.66,Maize
24,0,28,24.18,44.13,35.86,Pulses
3,9,34,32.87,75.67,28.54,Sugarcane
7,14,12,25.45,46.24,30.1,Sugarcane
4,9,33,39.74,60.17,21.63,Oil seeds
12,18,14,32.08,59.3,58.06,Oil seeds
42,0,0,30.51,52.84,30.95,Barley
8,3,5,34.11,55.59,36.69,Ground Nuts
8,0,43,32.32,62.37,45.01,Barley
26,0,18,28.02,53.05,28.07,Ground Nuts
12,0,42,31.92,56.42,20.53,Pulses
32,0,0,29.87,54.64,41.07,Ground Nuts
14,2,44,25.04,44.26,24.93,Paddy
35,2,0,36.1,73.12,51.29,Barley
14,4,10,30.18,63.89,56.27,Millets
34,0,0,30.75,57.34,38.18,Sugarcane
13,0,44,26.99,58.1,39.21,Maize
41,2,0,31.22,62.28,43.12,Oil seeds
38,0,2,26.24,42.54,70,Sugarcane
33,3,2,30.16,73.4,62.27,Sugarcane
13,0,35,37.13,61.9,67.27,Oil seeds
18,0,15,30.61,60.97,28.66,Pulses
13,3,39,40,60.26,61.12,Oil seeds
11,2,34,39.7,65.03,33.95,Oil seeds
12,10,25,37.83,72.8,47.8,Cotton
41,1,0,34.87,52.87,24.26,Paddy
39,0,0,35.94,78.88,56.11,Barley
42,2,0,28.21,60.33,34.58,Ground Nuts
39,0,0,28.71,56.73,35.54,Tobacco
17,0,38,24.5,43.5,22.45,Ground Nuts
22,3,17,32.84,61.49,52.7,Wheat
43,3,1,28.98,57.19,43.18,Sugarcane
4,12,32,29.58,45.95,24.54,Millets
9,17,13,30.61,51.99,36.27,Wheat
20,0,27,23.16,48.77,42.61,Maize
13,3,9,32.57,69.05,45.35,Sugarcane
24,0,24,24.76,61.52,44.12,Millets
19,0,39,35.84,53.53,41.21,Wheat
11,14,15,23.47,59.67,53.64,Cotton
22,0,21,33.5,62.28,32.37,Sugarcane
7,3,32,27.97,53.64,28.44,Sugarcane
8,2,42,24.34,54.43,66.95,Sugarcane
14,4,16,31.09,59.6,33.1,Paddy
9,0,14,23.32,57.71,54.19,Ground Nuts
14,3,25,23.28,48.81,34.98,Tobacco
39,3,1,32.16,54.28,39.92,Barley
3,13,12,23.82,62.55,43.11,Sugarcane
31,0,4,30.33,57.26,50.77,Cotton
39,0,1,33.73,61.45,61.26,Maize
37,1,0,32.69,72.28,38.65,Tobacco
10,0,10,23.44,49.3,63.03,Sugarcane
11,11,11,35.71,57.85,44.78,Cotton
10,21,19,24.99,66.72,29.41,Barley
10,9,14,20.52,46.83,35.07,Barley
13,0,42,33.8,59.62,68.25,Cotton
11,13,11,33.49,54.83,41.26,Tobacco
8,0,8,29.67,55.61,51.15,Millets
13,0,40,30.68,59.47,45.25,Wheat
37,0,0,26.48,57.43,33.64,Paddy
7,16,16,32.94,64.13,60.88,Ground Nuts
12,4,40,40,64.34,28.36,Barley
10,0,38,36.13,73.48,70,Sugarcane
19,0,14,27.98,52.26,44.53,Oil seeds
18,0,33,31.98,58.87,58.24,Barley
32,0,0,31.47,58.3,39.96,Paddy
7,6,34,31.81,57.99,62.68,Ground Nuts
12,0,16,37.77,55.25,50.88,Millets
20,0,19,29.33,55.2,61.35,Ground Nuts
8,2,40,32.85,59.83,44.54,Oil seeds
43,0,0,28.72,45.24,39.24,Wheat
35,0,0,28.52,47.06,36.31,Oil seeds
11,0,14,25.47,57.84,58.11,Ground Nuts
12,0,13,26.15,68.06,41.5,Cotton
43,0,0,22.95,47.88,36.75,Pulses
36,4,4,34.85,71.71,50.57,Barley
31,0,0,27.69,58.19,70,Oil seeds
38,4,0,31.43,46.23,27.98,Wheat
13,2,14,34.41,58.34,39.5,Pulses
36,0,2,22.77,60.17,30.85,Wheat
6,13,29,32,63,26.06,Millets
7,9,26,35.34,64.93,31.98,Oil seeds
12,17,12,31.64,53.93,46.5,Pulses
8,5,25,40,73.42,42.79,Tobacco
11,0,33,30.67,61.79,70,Ground Nuts
0,16,20,31.15,58.01,20.55,Wheat
38,0,0,32.26,63.7,54.1,Oil seeds
24,0,20,32.94,65.59,37.37,Maize
9,4,30,31.06,53.58,33.37,Sugarcane
3,15,19,29.5,43.2,31.87,Maize
11,0,16,30.09,45.72,35.36,Oil seeds
41,0,0,31.13,52.49,40.63,Oil seeds
13,1,13,23.38,57.65,23.02,Ground Nuts
18,18,8,21.31,51.38,34.91,Paddy
17,19,12,34.52,64.07,41.38,Oil seeds
16,10,12,23.91,47.47,43.3,Maize
25,2,28,30.26,57.22,40.09,Pulses
13,0,13,35.47,67.7,66.68,Cotton
34,0,0,32.54,58.92,43.95,Sugarcane
38,1,0,34.02,68.57,47.58,Maize
17,0,14,30.79,48.95,45.28,Ground Nuts
39,3,4,22.43,56.08,31.03,Sugarcane
10,0,5,26.59,58.55,40.52,Millets
9,2,14,35.14,59.91,45.38,Oil seeds
25,0,28,26.62,46.12,36.96,Ground Nuts
12,0,39,36.62,60.89,31.29,Cotton
12,10,26,31.74,60.76,52.06,Pulses
36,0,2,27.3,53.57,30.09,Sugarcane
8,3,16,25.53,66.93,43.97,Wheat
10,0,39,33.49,68.47,41.93,Ground Nuts
4,5,33,29.44,67.64,34.34,Maize
8,2,32,31.4,53.31,38.96,Sugarcane
11,0,37,28.49,62.9,43.12,Paddy
20,0,26,28.16,51.2,43.04,Barley
5,12,32,25.01,68.47,20,Pulses
6,0,13,21.17,41.47,69.82,Wheat
37,2,0,37.67,57.53,46.72,Pulses
11,0,17,22.97,52.59,58.34,Maize
44,0,3,25.2,43.7,38.61,Paddy
37,4,0,35.88,78.27,46.3,Ground Nuts
19,1,37,33.19,66.17,37.08,Barley
20,0,16,30.68,66.84,47.59,Barley
26,0,21,28.56,61.95,35.05,Sugarcane
16,11,12,25.5,52.83,32.4,Maize
17,0,35,29.68,53.79,33.21,Wheat
27,2,20,31.23,59.48,40.81,Tobacco
43,0,0,25.13,54.49,68.4,Maize
12,0,33,33.11,64.58,70,Paddy
14,0,35,37.04,74.37,60.83,Maize
40,4,0,29.26,55.32,37.97,Millets
9,4,7,31.41,73.32,30,Pulses
38,2,1,29.66,51.34,33.38,Cotton
17,3,14,38.64,73.89,24.43,Ground Nuts
6,4,14,32.27,66.39,44.16,Oil seeds
30,0,2,31.98,71.09,57.24,Maize
4,11,25,32.2,67.65,34.68,Maize
13,0,36,34.86,63.91,28.03,Tobacco
14,0,11,35.2,59.92,34.79,Barley
11,4,12,27.29,43.87,59.55,Ground Nuts
37,0,0,31.65,62.43,44.31,Oil seeds
37,0,3,27.14,62.52,23.61,Paddy
8,8,29,34.29,62.31,59,Tobacco
38,0,0,34.1,73.57,58.27,Pulses
25,0,18,30.03,52.95,35.22,Barley
14,0,36,30.44,50.67,28.24,Barley
24,4,22,22.91,57.98,48.26,Ground Nuts
38,0,0,31.78,68.85,30.4,Barley
10,4,45,22.04,42.62,30.2,Wheat
4,14,22,21.17,53.65,26.09,Wheat
13,1,34,29.92,60.54,26.63,Tobacco
11,12,31,37.31,76.05,41.17,Sugarcane
9,18,24,27.21,59.57,29.83,Cotton
12,1,12,24.24,50.03,61.83,Oil seeds
14,15,14,24,45.62,24.15,Wheat
21,4,29,29.25,63.08,52.62,Sugarcane
13,3,35,38.84,59.76,40.13,Millets
9,8,32,27.56,57.7,65.07,Ground Nuts
7,0,37,28.68,67.29,22.56,Cotton
3,19,17,33.64,66.85,33.19,Barley
12,12,32,38.58,69.85,53.04,Tobacco
15,4,12,21.75,59.66,26.34,Wheat
30,0,2,29.28,50.3,33.27,Maize
24,0,22,26.86,59.65,38.45,Barley
7,11,31,30.57,62.75,27.2,Ground Nuts
6,15,12,33.25,61.57,24.83,Millets
21,0,21,24.62,48.57,46.69,Tobacco
15,0,38,34.81,52.08,24.15,Oil seeds
9,8,10,21.07,61.79,38.38,Ground Nuts
15,13,14,34.84,64.32,51.31,Barley
6,11,28,35.16,68.01,47.87,Barley
41,0,1,30.7,55.66,49.99,Millets
17,0,19,25.09,67.19,40.04,Barley
26,0,24,29.06,54.83,25.81,Barley
10,0,41,34.1,57.5,52.38,Sugarcane
10,1,36,31.75,69.81,26.93,Barley
8,0,11,27.94,51.24,67.82,Tobacco
4,4,26,36.3,61.96,55.25,Wheat
10,4,32,32.17,59.99,29.91,Oil seeds
10,11,25,32.6,55.24,25.85,Pulses
13,0,6,21.11,46.75,40.36,Paddy
8,0,8,27.76,48.25,32.92,Ground Nuts
38,1,0,24.97,56.24,31.96,Pulses
21,0,20,33.13,59.46,51.97,Ground Nuts
23,0,18,22.97,50.21,48.12,Millets
14,1,38,30.37,53.97,39.69,Sugarcane
11,14,16,22.99,40.85,53.03,Millets
20,0,22,33.79,70.29,36.68,Wheat
9,14,10,33.8,56.61,45.77,Pulses
23,4,26,35.21,60.24,45.82,Millets
16,0,12,21.68,57.54,26.22,Ground Nuts
27,0,21,25.54,55.47,43.59,Sugarcane
4,22,11,29.88,47.26,53.13,Wheat
8,20,19,28.2,67.68,36.91,Maize
39,4,2,31.52,62.57,31.45,Millets
22,0,20,33.21,57.68,38.86,Oil seeds
33,0,1,28.13,56.05,29.83,Cotton
13,4,8,24.11,47.61,64.23,Maize
42,1,3,35.31,70.81,53.98,Cotton
8,10,11,29.83,60.95,39.12,Pulses
32,3,3,26.17,50.41,34.14,Tobacco
10,0,43,33.95,67.71,34.77,Pulses
13,0,12,34.66,67.58,55.82,Sugarcane
39,1,0,33.61,51.43,21.75,Barley
41,2,0,21.95,50.68,43.79,Tobacco
19,3,15,29.67,60.39,41.65,Oil seeds
25,0,22,30.3,64.8,39.21,Oil seeds
13,1,8,24.96,55.02,37.99,Paddy
14,14,7,32.56,72.74,47.31,Ground Nuts
17,0,15,29.01,69.98,40.41,Wheat
17,0,34,36.18,57.1,69.39,Sugarcane
19,0,22,36.38,55.25,66.99,Paddy
18,0,40,35.93,62.65,54.57,Pulses
12,6,32,38.59,58.32,22.54,Cotton
25,0,19,35.4,71.15,68.71,Sugarcane
39,3,1,35.82,67.5,35.88,Pulses
19,0,29,26.32,57.24,34.69,Ground Nuts
19,0,21,20.87,52.12,44.25,Pulses
13,3,40,28.55,52.81,50.01,Oil seeds
17,0,12,23.55,44.85,38.3,Maize
36,2,0,27.9,56.05,35.89,Paddy
36,3,0,31.89,64.06,35.44,Oil seeds
4,5,30,38.18,64.93,44.1,Ground Nuts
5,13,24,33.68,55.49,34.75,Paddy
8,4,28,33.96,63.95,35.17,Wheat
39,4,2,27.22,60.5,39.08,Ground Nuts
16,4,7,28.88,55.9,30.64,Cotton
7,4,36,27.05,61.36,20,Barley
22,3,28,24.86,53.59,48.95,Tobacco
35,0,0,30.02,45.23,32.68,Sugarcane
36,0,1,34.35,63.85,55.26,Sugarcane
9,1,14,31.31,63.35,63.08,Maize
15,0,14,29.49,61.66,51.22,Maize
11,2,37,36.16,61.54,37.54,Wheat
36,0,0,30.06,50.33,41.32,Cotton
7,9,28,26.23,63.15,63.34,Barley
40,0,0,34.31,72.57,43.94,Wheat
19,0,34,32.15,57.38,34.34,Millets
10,8,33,31.4,63.38,33.1,Pulses
39,3,0,22.78,60.52,42.05,Maize
37,4,0,34.4,69.58,53.39,Millets
31,0,0,29.5,52.2,23.95,Pulses
7,13,10,38.09,64.63,48.69,Oil seeds
3,17,18,32.69,64.23,53.47,Sugarcane
8,12,10,31,69.87,70,Ground Nuts
8,18,10,26.94,56.72,39.94,Tobacco
8,0,33,34.54,69.83,51.36,Barley
11,0,16,27.54,61.58,33.57,Wheat
41,0,0,33.06,58.19,38.52,Cotton
7,15,14,31.85,60.43,55.57,Millets
40,0,0,30.72,58.92,37.12,Ground Nuts
12,0,30,30.93,51.93,59.3,Millets
12,4,15,32.82,51.28,43.6,Oil seeds
19,4,39,38.48,75.65,60.75,Tobacco
8,1,10,30.05,52.42,36.56,Ground Nuts
10,1,41,32.52,68.89,20.1,Maize
36,4,0,36.56,57.49,36.1,Tobacco
16,2,41,35.24,58.34,70,Oil seeds
32,0,2,36.62,59.89,60.47,Millets
8,9,26,36.55,74.21,57.63,Maize
9,2,10,28.24,54.65,34.37,Tobacco
9,8,19,34.81,71.07,65.13,Barley
11,4,36,33.96,61.85,38.37,Tobacco
26,0,17,38.66,57.13,38.41,Millets
36,0,0,31.6,44.66,29,Ground Nuts
41,0,1,29.13,60,59.01,Ground Nuts
11,1,5,27.19,41.27,67.57,Oil seeds
10,9,19,31.59,60.6,35.3,Millets
0,16,15,32.81,55.45,48.08,Millets
9,13,35,32.75,63.09,59.4,Maize
26,1,23,27.87,61.74,37,Millets
36,0,3,38.12,64.6,30.72,Millets
16,8,9,22.16,53.56,37.96,Barley
26,1,14,38.32,64.18,57.84,Oil seeds
17,0,32,33.42,63.69,60.05,Barley
11,16,22,25.72,54.34,33.33,Cotton
13,14,10,21.15,51.19,29.68,Sugarcane
15,0,43,34.09,70.6,61.54,Sugarcane
13,0,11,29.46,63.38,62.2,Sugarcane
40,0,2,25.92,43.31,64.77,Pulses
8,14,22,35.55,69.73,53.43,Ground Nuts
42,0,0,34.25,53.36,35.9,Oil seeds
13,0,36,30.97,57.22,43.37,Pulses
12,2,37,35.2,68.47,37.24,Sugarcane
41,0,1,38.71,73.81,59.76,Barley
28,0,19,27.71,60.06,36.77,Cotton
45,2,3,37.03,63.45,41.49,Pulses
35,0,0,27.23,58.51,45.98,Tobacco
14,4,27,26.97,48.53,43.66,Cotton
9,4,9,32.92,65.89,35.29,Paddy
14,3,37,34.48,69,39.73,Barley
22,1,18,33.94,63.51,41.89,Barley
6,0,18,24.62,49.8,42.81,Paddy
19,0,25,25.36,63.37,30.4,Ground Nuts
38,2,0,26.91,59.1,36.25,Maize
43,0,0,29,55.01,42.96,Pulses
16,0,8,23.18,55.93,31.73,Tobacco
7,3,13,25.19,58.09,62.65,Ground Nuts
26,4,20,30.44,67.97,37.89,Maize
5,11,32,31.66,60.47,54.89,Barley
27,0,21,32.64,64.3,55.06,Millets
9,14,16,35.96,77.25,46.31,Pulses
40,0,2,27.57,53.84,61.93,Paddy
10,0,45,35.24,70.01,41.45,Tobacco
9,4,39,32.01,75.48,46.92,Pulses
14,1,38,28.57,68.99,26.74,Cotton
15,13,12,29.65,74.25,48.5,Wheat
20,1,15,31.88,54.26,51.83,Millets
13,10,20,30.33,61.47,37.93,Tobacco
36,0,3,34.43,71.22,33.72,Ground Nuts
8,0,11,30.99,57.9,54.41,Millets
27,0,17,25.38,47.27,38.73,Sugarcane
10,20,20,29.31,42.8,34.07,Cotton
17,3,40,22.93,58.67,22,Wheat
23,0,20,32.33,62.09,28.28,Maize
11,0,7,23.94,52.75,22.5,Sugarcane
16,1,15,26.11,44.04,20.63,Maize
4,5,25,34.03,68.66,20,Paddy
13,0,43,28.66,50.21,39.99,Barley
35,0,0,29.25,57.38,56.74,Cotton
7,1,18,26.73,63.35,28.54,Maize
23,0,19,29.75,52.14,42.92,Pulses
9,22,21,34.74,69.51,46.51,Sugarcane
25,0,21,25.21,53.68,31.32,Sugarcane
36,4,0,26.97,51.24,63.49,Cotton
14,1,6,31.39,63.52,49.6,Millets
40,0,3,39.5,68.84,59.07,Oil seeds
12,8,18,34.34,68.17,58.41,Maize
11,0,43,32.1,63.35,34.52,Cotton
7,0,34,30.78,59.71,47.46,Wheat
37,0,0,27.6,61.78,39.37,Paddy
8,0,37,30.31,50.02,52.94,Tobacco
39,0,0,28.01,66.74,40.07,Oil seeds
15,12,15,29.01,49.29,48.79,Ground Nuts
14,0,37,34.92,71.93,35.76,Oil seeds
35,1,0,27.61,59.67,27.04,Maize
17,0,33,30.73,51.55,50.9,Tobacco
36,0,0,27.12,57.97,29.2,Barley
22,0,16,31.4,55.24,50.94,Paddy
26,0,19,32.58,72.75,56.62,Cotton
16,0,37,31.08,53.63,67.76,Pulses
7,14,24,22.92,58.85,40.66,Wheat
7,11,30,33.69,68.75,64.77,Cotton
8,0,34,38.32,63.67,32.08,Oil seeds
24,2,24,27,53.84,49.81,Cotton
8,17,14,31.16,64.16,61.68,Cotton
13,0,37,36.68,51.39,43.94,Sugarcane
27,0,25,29.88,69.91,32.28,Ground Nuts
45,3,4,28.79,61.44,38.2,Oil seeds
6,17,19,38.44,70.05,40.58,Wheat
7,17,9,33.82,74.87,62.48,Ground Nuts
38,0,0,31.87,58.58,44.74,Ground Nuts
15,7,12,35.06,66.92,66.68,Maize
16,0,10,31.51,53.12,38.43,Oil seeds
9,10,27,27.12,59.72,32.35,Oil seeds
5,6,30,30.3,53.26,50.53,Maize
40,2,3,30.39,50.71,35.06,Millets
41,0,0,30.46,61.98,38.7,Millets
34,3,0,32.91,59.28,65.83,Maize
26,1,16,36.53,68.28,24.67,Millets
5,13,27,31.2,63.41,20,Oil seeds
21,2,26,25.88,51.25,47.05,Oil seeds
10,14,17,25.16,49.77,36.67,Sugarcane
34,3,0,37.12,73.59,58.49,Barley
11,3,43,32.36,68.52,44.89,Oil seeds
10,2,33,33.07,59.3,29.82,Tobacco
8,4,38,33.7,54.7,46.14,Millets
39,4,0,27.23,66.64,23.67,Wheat
13,0,35,29.68,59.72,38.04,Paddy
14,0,5,26.52,49.31,24.53,Maize
26,2,21,28.59,68.77,43.37,Pulses
1,21,19,27.05,63.47,50.21,Pulses
16,0,14,26.85,55.04,32.87,Pulses
11,0,37,35.75,65.56,56.3,Sugarcane
3,10,37,30.32,57.25,49.76,Millets
9,8,11,25.58,44.88,44.58,Millets
16,4,18,36.84,69.25,34.94,Sugarcane
7,16,13,26.6,59.53,54.76,Maize
5,15,15,30.17,51.46,26.6,Tobacco
25,3,20,23.42,58.92,31.9,Cotton
9,14,11,34.71,70.96,45.56,Oil seeds
9,1,10,23.21,61.42,38.75,Sugarcane
13,0,11,28.66,55.38,60.99,Cotton
12,2,17,31.02,55.51,28.28,Wheat
10,3,36,31.18,61.94,25.48,Sugarcane
38,1,4,29.41,59.37,32.03,Barley
16,0,43,37.15,54.95,39.11,Ground Nuts
11,3,28,33.32,69.38,35.87,Paddy
11,0,36,24.37,53.17,55.48,Wheat
38,3,3,27.64,40.23,66.03,Sugarcane
37,0,4,25.47,54.39,36.46,Ground Nuts
5,15,21,35.97,56.77,47.57,Maize
25,3,25,29.73,55.37,43.18,Maize
6,11,33,30.34,70.27,32.51,Ground Nuts
19,0,21,24.16,62.88,41.92,Cotton
20,3,15,36.79,58.13,54.07,Ground Nuts
11,16,15,35.66,58,53.6,Tobacco
24,0,23,31.46,52.2,31.78,Barley
15,1,12,27.52,50.05,30.28,Sugarcane
37,0,0,31.72,56.61,58.53,Wheat
4,0,14,30.56,61.41,56.55,Ground Nuts
35,2,2,36.1,60.94,59,Ground Nuts
25,0,19,31.44,54.65,44.13,Pulses
3,11,31,35.97,67.11,42.9,Ground Nuts
32,2,1,24.32,56.99,61.02,Oil seeds
16,1,38,28.32,58.66,47.07,Tobacco
40,0,0,32.94,58.34,26.77,Tobacco
17,4,23,34.71,60.07,27.77,Maize
13,0,10,26.56,53.14,68.28,Millets
39,0,0,28.67,46.65,41.01,Maize
42,0,0,38.53,71.59,55.4,Tobacco
16,0,41,26.85,57.04,22.3,Cotton
7,2,8,37.69,56.38,57.45,Sugarcane
40,0,1,30.5,44.64,38.98,Maize
34,4,2,26.28,48.68,70,Sugarcane
12,4,13,25.57,62.06,37.05,Sugarcane
15,0,34,36.47,68.04,31.14,Barley
13,15,16,29.61,61.46,58.05,Maize
11,0,31,32.27,43.73,42.3,Barley
35,4,4,32.45,72.32,58.58,Sugarcane
36,2,3,31.45,59.69,21.84,Cotton
27,4,19,30.78,58.79,47.7,Sugarcane
14,0,42,34.17,50.98,30.6,Paddy
40,4,0,28.46,59.53,22.83,Oil seeds
5,4,34,31.84,70.47,33.25,Paddy
41,1,1,32.44,68.93,49.8,Millets
11,0,5,29.94,66.26,49.69,Wheat
10,15,12,31.34,71.35,48.67,Ground Nuts
20,0,22,25.63,62.91,41.61,Tobacco
33,1,0,34.35,55.97,36.25,Millets
6,5,27,30.51,65.48,56.53,Cotton
38,0,0,37.83,68.34,49.42,Millets
3,10,28,24.16,50.01,55.95,Sugarcane
26,0,14,30.37,56.03,56.06,Wheat
7,4,9,20.52,53.81,70,Sugarcane
9,0,31,30.38,62.75,49.15,Millets
37,0,0,26.95,66.15,29.7,Maize
17,0,13,30.91,45.69,26.52,Millets
3,12,33,28.2,65.07,29.22,Pulses
14,0,36,33.24,67.96,42.8,Barley
8,2,10,26.61,61.2,31.07,Sugarcane
23,0,24,30.87,49.79,47.29,Tobacco
19,2,22,29.27,66.25,31.4,Paddy
28,0,14,23.6,58.44,26.7,Oil seeds
36,3,0,36.42,67.17,50.44,Cotton
9,20,16,20,55.62,31.35,Barley
18,4,23,29.8,56.47,33.35,Wheat
38,0,0,29.62,47.21,39.21,Cotton
18,15,9,22.62,42.74,22.19,Sugarcane
9,14,10,25.29,46.46,44.88,Millets
37,0,1,32.55,48.07,47.11,Millets
13,1,9,32.87,61.85,40.26,Sugarcane
35,4,3,26.11,61.27,51.36,Barley
9,2,25,31.87,60.06,34.29,Barley
43,1,0,32.58,48.15,44.44,Paddy
14,0,37,29.57,61.98,37.31,Sugarcane
10,10,29,27.54,61.78,69.59,Oil seeds
19,2,24,35.8,70.42,24.42,Cotton
20,2,16,30.64,43.47,43.45,Ground Nuts
11,0,13,33.81,60.32,39.79,Millets
19,1,19,32.19,56.71,42.67,Barley
3,22,16,24.9,56.17,38.53,Pulses
12,0,13,30.68,53.52,44.75,Cotton
6,17,17,27.75,51.19,44.54,Ground Nuts
17,0,21,32.06,56.81,35.82,Sugarcane
14,16,10,32.21,61.12,67.23,Paddy
16,0,10,33.28,65.51,47.53,Tobacco
12,3,27,26.89,53.69,24.47,Cotton
22,0,14,31.99,66.28,51.34,Maize
37,0,0,40,75.62,45.82,Cotton
39,0,0,39.55,77.65,32.25,Paddy
26,0,17,31.1,54.3,49.85,Millets
10,11,33,30.71,50.67,62.58,Oil seeds
13,4,34,36.09,74.92,37.36,Maize
42,0,0,32.41,73.63,40.09,Sugarcane
9,0,12,20.41,47.39,70,Paddy
9,12,32,39.16,63.48,44.6,Millets
23,0,21,29.43,48.63,56.66,Wheat
35,0,1,25.23,48.9,32.37,Paddy
42,0,0,27.82,57.4,31.09,Oil seeds
13,10,29,26.28,53.62,61.96,Paddy
39,0,0,29.07,44.79,38.69,Paddy
21,0,22,29.07,56.85,52.96,Oil seeds
13,8,10,27.78,53.53,62.54,Wheat
6,4,29,31.27,64.6,62.52,Pulses
32,4,0,23.13,50.43,38.07,Paddy
36,3,0,30.36,62.15,33.85,Pulses
26,0,23,27.51,66.12,33.06,Ground Nuts
40,0,4,36.98,65.69,42.05,Oil seeds
8,1,5,24.77,53.31,26.82,Maize
40,3,0,29.73,65.86,46.73,Ground Nuts
14,0,18,28.3,50.98,67.77,Wheat
14,0,38,35.46,67.95,51.35,Paddy
14,3,39,38.51,72.13,44.07,Millets
24,1,15,26.83,56.77,54.59,Pulses
11,10,18,34.03,53.39,46.23,Ground Nuts
26,1,23,34.11,57.79,43.23,Sugarcane
1,13,12,23.16,58.93,47.74,Millets
10,0,8,22.4,57.86,63.99,Pulses
33,2,1,25.11,62.03,42.44,Tobacco
34,0,0,30.54,67.81,51.69,Maize
35,0,0,40,77.33,57.68,Pulses
20,0,18,29.77,67.26,46.16,Ground Nuts
17,0,39,28.57,63.78,31.25,Paddy
36,0,0,40,78.33,45.34,Maize
9,5,30,28.38,52.69,45.92,Ground Nuts
15,16,10,25.14,49.84,20,Maize
11,16,8,32.76,59.14,55.84,Oil seeds
10,4,4,28.16,54.87,44.86,Ground Nuts
38,0,3,32.63,54.58,41.18,Paddy
12,0,36,28.25,53.46,37.81,Oil seeds
9,1,16,27.1,58.81,28.94,Maize
19,0,18,31.7,56.91,48.75,Maize
7,14,16,33.32,59.59,41.45,Wheat
42,0,0,29.16,54.43,24.67,Oil seeds
13,1,9,33.63,64.13,34.63,Cotton
1,14,17,33.46,62.58,24.01,Oil seeds
10,1,37,29.49,61.99,38.54,Barley
5,6,23,37.73,78.44,43.81,Maize
10,0,43,32.28,57.19,36.23,Wheat
10,2,10,32.34,69.02,43.22,Barley
12,10,8,30.69,61.53,44.72,Barley
7,3,13,28.05,59.27,27.07,Tobacco
8,0,41,36.17,61.99,40.86,Pulses
9,5,27,26.77,64.03,57.33,Oil seeds
20,0,17,33.21,59.82,45.42,Cotton
40,0,1,30.82,55.95,70,Wheat
40,0,3,34.65,70.51,57,Ground Nuts
11,9,18,30.43,70.25,53.78,Maize
13,13,13,22.87,45.11,21.74,Sugarcane
6,0,12,22.79,48.84,56.1,Paddy
14,0,37,26.32,63.21,69.24,Maize
13,9,35,31.25,69,50.68,Maize
8,15,20,31.95,57.54,27.63,Millets
8,17,18,27.03,63,44.8,Maize
8,1,42,39.45,77.38,41.31,Ground Nuts
9,7,25,27.13,53.92,67.62,Ground Nuts
9,0,32,31.83,61.48,51.62,Barley
6,0,9,21.37,57.03,60.02,Millets
12,3,29,28.78,45.41,33.28,Millets
13,6,33,33.44,67.72,40.98,Maize
14,0,12,33.14,57.63,47.22,Tobacco
21,0,24,29.37,74.97,35.82,Pulses
21,1,17,28.65,63.42,42.26,Wheat
37,0,4,28.31,57.46,30.33,Millets
11,0,37,37.01,59.22,39.3,Cotton
36,0,0,24.68,49.73,57.68,Ground Nuts
18,0,21,23.48,47.26,34.88,Ground Nuts
38,0,0,34.27,69.31,41.01,Oil seeds
13,17,16,24.87,66.48,38.24,Barley
35,0,0,31.6,46.43,60.07,Tobacco
23,0,13,33.9,64.42,47.41,Millets
40,3,0,29.68,61.79,25.12,Wheat
35,1,0,36.07,67.14,27.42,Oil seeds
44,0,3,30.88,47.99,36.9,Ground Nuts
20,0,21,23.28,50.87,49.11,Paddy
23,4,14,25.46,51.66,35.48,Sugarcane
7,9,27,31.97,56.88,44.52,Ground Nuts
20,0,20,33.65,54.44,47.34,Pulses
42,0,0,29.41,52.2,37.85,Wheat
11,0,40,33.14,53.67,35.54,Wheat
7,12,25,34.04,51.83,35.12,Maize
45,4,2,29.59,69.84,47.02,Ground Nuts
9,17,15,21.86,61.37,27.44,Millets
7,10,23,25.15,53.19,39.29,Pulses
18,0,38,28.5,65.02,37.98,Tobacco
8,0,13,25.95,54.58,31.28,Cotton
9,0,35,28.8,55.76,35.61,Ground Nuts
10,0,13,28.73,63.67,33.14,Paddy
14,3,19,28.11,45.22,66.38,Maize
10,14,25,24.63,51.74,20,Paddy
38,0,1,24.23,60.39,25.34,Barley
8,0,36,35.44,59.69,21.57,Pulses
10,0,33,32.54,55.61,56.88,Oil seeds
24,2,25,29.74,50.15,30.71,Cotton
44,0,0,32.17,47.61,35.09,Tobacco
6,1,14,31.94,53.5,34.06,Wheat
10,0,4,32.9,54.1,49.07,Wheat
21,0,22,30.2,44.61,36.62,Pulses
43,0,0,28.07,71.72,34.22,Tobacco
7,2,36,33.42,53.47,50.87,Oil seeds
8,3,38,38.9,76.36,23.34,Ground Nuts
17,12,14,28.68,59.59,30.67,Oil seeds
23,3,23,30.71,61.75,42.85,Maize
11,1,36,29.26,46.67,40.59,Cotton
7,0,39,33.76,64.28,62.87,Millets
5,0,9,27.86,67.32,40.15,Sugarcane
10,0,6,28.44,56.96,55.12,Paddy
15,4,34,29.24,46.88,44.55,Barley
21,0,13,33.89,67.27,44.73,Sugarcane
15,11,13,29.21,48.17,26.09,Oil seeds
20,0,22,33.05,61.26,28.59,Millets
15,0,44,27.83,50.75,31.94,Paddy
15,4,31,25.88,42.06,48.59,Maize
17,0,36,37.68,64.53,62.03,Millets
36,0,2,35.76,52.2,41.09,Maize
38,1,4,30.46,58.56,39.96,Tobacco
7,4,33,34.07,61.18,26.06,Tobacco
26,0,18,34.33,54.12,42.26,Maize
36,0,0,22.92,51.28,23.58,Millets
11,0,12,35.58,65.91,30.27,Tobacco
42,2,2,31.27,50.14,42.65,Barley
27,2,17,26.24,60.66,48.23,Tobacco
16,0,36,33.36,49.37,28.54,Cotton
10,0,10,27,58.9,67.14,Paddy
41,0,0,34.61,56.25,58.99,Oil seeds
5,11,30,25.43,50.03,57.43,Pulses
21,0,28,28.68,68.2,43.9,Cotton
7,13,19,21.33,53.57,55.5,Millets
33,0,0,37.75,58.35,37.82,Wheat
8,4,13,35.21,73.16,48,Sugarcane
6,11,28,29.75,56.27,31.85,Barley
25,0,14,23.77,54.99,41.64,Maize
21,0,27,34.64,54.07,50.89,Maize
22,1,20,31.77,48.2,49.79,Millets
1,22,19,22.76,49.09,32.91,Pulses
26,0,24,32.98,66.5,41.35,Paddy
12,0,11,26.24,54.1,38.98,Millets
18,4,16,31.48,62.77,52.55,Tobacco
12,13,16,30.87,68.3,42.11,Cotton
8,10,15,33.65,56.18,56.49,Oil seeds
9,15,19,24.49,60.36,22.61,Millets
15,0,34,27.9,57.2,31.87,Pulses
42,4,0,25.3,58.41,32.96,Maize
18,0,19,33.84,59.65,46.92,Pulses
8,11,29,33.61,64,22.98,Oil seeds
13,3,37,32.61,72.07,32.62,Millets
9,0,14,26.98,44.04,66.35,Paddy
43,0,4,26.08,46.32,70,Paddy
15,4,38,23.46,44.89,36.24,Paddy
11,3,17,22.68,55.72,37.57,Tobacco
3,19,21,32.61,54.03,34.38,Wheat
20,4,24,22.73,57.96,38.9,Barley
13,0,37,33.53,69.87,62.59,Tobacco
25,1,20,29.59,61.69,42.35,Pulses
11,8,32,35.43,75.29,47.09,Barley
8,0,33,28.02,58.94,45.14,Pulses
41,0,0,28.71,50.83,38.48,Oil seeds
32,1,2,28.69,57.93,30.03,Sugarcane
11,0,10,31.97,74.57,25.98,Wheat
14,18,13,38.94,72.08,57.52,Maize
24,3,19,27.52,45.64,50.85,Wheat
7,17,12,27.02,50.44,41.89,Tobacco
9,0,41,35.55,67.27,37.82,Pulses
38,2,0,34.18,74.74,50.05,Maize
21,1,20,36.35,71.25,37.03,Millets
9,0,38,29.98,53.76,60.3,Millets
35,2,0,22.47,54.03,32.7,Ground Nuts
17,0,37,29.13,67.3,34.87,Paddy
17,0,11,30.91,69.94,41.75,Maize
18,4,28,28.89,56.51,48.61,Maize
16,0,40,28.99,60.36,45.61,Sugarcane
44,0,0,27.53,56.83,40.73,Pulses
13,3,37,38.55,59.74,67.6,Barley
10,22,19,33.73,65.97,52.77,Pulses
5,5,24,28.95,61,49.42,Paddy
32,2,0,29.44,60.05,37.08,Pulses
37,4,2,37.91,78.37,47.5,Tobacco
38,0,2,22.06,53.64,62.43,Millets
10,17,21,29.9,50.37,36.94,Maize
1,5,27,29.48,65.8,57.41,Cotton
40,0,4,40,69.31,59.57,Wheat
7,2,8,25.82,56.18,61.74,Tobacco
1,17,15,28.24,40.02,40.05,Pulses
31,2,0,32.76,51.56,45.73,Ground Nuts
8,3,28,36.77,64.73,55.77,Tobacco
21,0,18,20.58,55.92,31.05,Ground Nuts
22,1,18,21.55,53.17,35.77,Paddy
35,0,2,31.85,64.85,57.26,Pulses
16,0,36,27.38,50.41,31.84,Paddy
12,10,31,24.4,57.91,27.16,Millets
3,17,13,32.6,54.47,50.6,Sugarcane
10,16,12,30.3,52.93,55.68,Ground Nuts
4,9,33,36.87,57.57,45.09,Wheat
2,21,13,34.86,62.76,36.35,Wheat
44,0,0,35.65,71.86,53.99,Barley
25,0,22,30.31,50.43,35.53,Maize
9,0,6,25.23,48.47,57.13,Wheat
10,0,5,26.81,65.88,59.33,Millets
2,7,27,38.19,61.79,70,Sugarcane
6,9,36,33.87,62.52,61.81,Millets
5,8,33,28.87,57.72,46.25,Sugarcane
13,11,12,37.83,59.3,43.69,Cotton
9,0,42,29.8,59.07,54.15,Oil seeds
12,0,34,32.93,59.84,31.68,Pulses
37,0,0,26.86,48.06,41.76,Maize
17,3,35,35.24,56.8,37.98,Ground Nuts
17,13,16,35.85,63.92,50.71,Barley
12,0,9,29.78,70.86,33.51,Ground Nuts
17,18,10,21.61,58.34,25.13,Maize
8,12,13,27.69,65.61,48.22,Oil seeds
34,1,4,24.76,43.52,35.03,Ground Nuts
8,3,33,30.93,47.92,53.87,Tobacco
16,0,13,29.99,54.05,36.41,Pulses
10,0,17,28.32,51.25,38.83,Oil seeds
4,8,30,32.3,57.5,28.11,Ground Nuts
39,4,3,28.84,56.24,54.54,Maize
17,4,22,34.15,64.07,42.61,Barley
21,0,26,34.1,59.07,37.26,Paddy
42,3,1,29.23,57.13,41.46,Maize
11,5,25,32.1,61.91,33.02,Ground Nuts
39,0,0,29.11,56.7,40.85,Pulses
15,0,11,30.83,43.14,58.64,Wheat
21,0,19,29.28,64.36,38.44,Wheat
8,1,6,25.66,68.77,42.77,Tobacco
40,0,0,29.51,61.2,48.69,Wheat
16,6,11,29.72,51.46,39.97,Oil seeds
35,3,0,33.16,68.18,27.27,Maize
16,0,37,38.57,69.47,35.76,Ground Nuts
9,3,36,30.4,58.65,58.25,Tobacco
14,0,35,34.75,70.91,33.64,Maize
15,15,20,25.52,57.37,36.07,Paddy
14,2,12,27.58,60.64,42.28,Wheat
3,13,31,33.06,73.54,63.25,Sugarcane
35,3,0,30.98,60.43,34.78,Millets
33,0,3,38.1,74.1,66.48,Sugarcane
12,0,5,28.06,60.94,51.32,Cotton
10,0,14,25.92,63.87,37.41,Sugarcane
34,3,0,28.82,48.22,36.64,Tobacco
12,0,34,37.06,75.75,28.48,Oil seeds
25,0,27,32.73,68.98,46.02,Pulses
8,16,18,29.23,61.98,39.5,Sugarcane
24,0,21,31.37,64.37,50.13,Pulses
18,3,24,34,59.81,36.57,Wheat
12,10,11,31.81,58.06,49.03,Wheat
19,0,14,22.25,58.5,48.46,Pulses
10,4,6,31.1,60.2,37.11,Maize
20,0,21,35.42,57.14,39.62,Pulses
31,0,0,26.7,56.64,48.14,Barley
14,2,42,32.35,63.16,38.72,Barley
38,0,0,24.07,56.17,37.66,Pulses
41,1,3,36.03,64.38,52.82,Barley
27,0,25,33.45,73.71,34.17,Ground Nuts
13,17,14,34.69,66.52,43.91,Tobacco
15,1,31,26.83,55.99,70,Ground Nuts
38,1,3,37.23,57.81,35.92,Sugarcane
14,2,42,37.91,67.79,65.15,Ground Nuts
13,0,33,32.7,52.68,51.6,Oil seeds
39,0,0,30.57,51.83,41.43,Pulses
20,0,18,27.81,50.2,35.57,Oil seeds
13,7,13,28.53,48.81,31.53,Tobacco
45,1,0,32.33,66.18,32.51,Tobacco
10,5,25,34.3,69.48,20,Millets
10,0,43,26.61,57.1,26.11,Tobacco
38,0,3,30.74,57.16,66.9,Sugarcane
15,0,34,24.54,66.05,39.14,Paddy
15,4,42,34.76,60.13,44.36,Millets
13,11,28,25.47,55.49,58.13,Sugarcane
12,4,12,27.35,62.5,42.01,Ground Nuts
38,3,0,28.11,55.71,25.36,Maize
21,0,26,33.96,48.63,35.77,Ground Nuts
14,0,40,36.51,58.06,51.75,Pulses
4,0,16,33,54.95,39.38,Millets
44,2,0,24.16,49.21,39.12,Tobacco
15,0,13,32.06,61.93,57.19,Millets
38,1,2,31.63,59.15,26.89,Paddy
3,6,33,35.34,74.07,53.44,Ground Nuts
38,0,0,29.35,50.79,33.69,Cotton
19,0,16,33.25,55.48,47.7,Millets
14,0,36,30.75,58.05,65.23,Cotton
2,19,21,30.72,66.14,20,Millets
9,0,42,22.18,48.97,24.49,Maize
9,12,29,33.14,62.56,26.19,Oil seeds
34,2,0,21.2,48.29,57.03,Barley
10,12,11,28.41,58.76,58.06,Oil seeds
8,0,11,22.68,56.76,68.02,Cotton
42,2,4,37.59,56.26,44.68,Tobacco
5,19,24,30.81,47.67,38.48,Sugarcane
23,1,25,31.48,59.28,37.95,Pulses
41,1,2,29.47,59.62,31.33,Sugarcane
33,2,0,28.52,63.14,37.44,Paddy
34,0,0,37.46,62.66,42.24,Millets
38,0,0,24.64,58.38,63.27,Maize
15,0,40,40,77.27,38.47,Millets
17,0,17,22.31,49.61,31.26,Wheat
41,0,0,29.54,59.13,40.66,Sugarcane
6,10,13,35.59,59.08,70,Barley
6,14,17,33.9,62.16,47.51,Pulses
10,19,13,34.54,58.84,53.98,Tobacco
7,3,39,33.48,58.65,32.9,Sugarcane
19,0,42,34.99,75.44,53.77,Oil seeds
14,4,40,40,66.7,69.57,Ground Nuts
17,4,44,26.37,52.2,36.71,Cotton
15,0,8,30.89,58.66,49.31,Ground Nuts
8,0,35,28.31,43.74,42.46,Ground Nuts
7,4,27,24.14,51.65,39.68,Sugarcane
35,1,2,24.67,47.76,26.37,Millets
16,2,21,23.6,55.67,40.76,Pulses
13,0,36,27.74,65.66,67.85,Millets
15,16,7,27.83,41.06,29.89,Sugarcane
13,15,11,28.66,64.42,38.34,Oil seeds
21,0,19,27.57,47.43,38.87,Sugarcane
14,0,10,32.25,51.79,35.69,Millets
22,0,15,33.02,48.8,52.02,Ground Nuts
19,0,13,30.68,54.7,40.85,Maize
16,1,40,30.56,60.51,28.79,Wheat
7,12,27,25.84,60.68,34.82,Cotton
43,0,0,34.57,55.7,53.44,Oil seeds
24,0,22,26.71,55.16,44.94,Cotton
11,0,13,22.88,46.03,22.86,Oil seeds
12,7,36,33.69,55.35,60.53,Oil seeds
35,0,0,29.22,49.26,33.55,Wheat
5,7,27,32.64,67.85,32.04,Maize
6,22,13,25.17,47,37.3,Tobacco
16,0,7,30.7,57.61,50.29,Oil seeds
18,1,40,29.75,58.55,65.87,Barley
11,14,10,27.58,64.9,58.56,Ground Nuts
35,0,4,30.12,64.91,33.26,Millets
1,21,19,28.43,63.69,37.41,Millets
31,0,0,26.62,61.65,36.08,Paddy
10,2,41,33.94,57.36,51.49,Millets
12,3,37,33.34,65.67,58.35,Millets
6,0,16,31.03,54.07,57.8,Cotton
2,6,25,32.8,73.72,52.98,Pulses
13,0,36,33.37,65.55,45.17,Paddy
13,0,5,26.13,55.73,53.35,Oil seeds
10,14,24,29.21,57.9,34.9,Barley
11,16,15,33.39,63.67,59.26,Maize
42,0,1,30.47,61.98,21.87,Millets
12,0,12,24.6,59.94,58.54,Barley
1,18,14,32.18,53.01,45.88,Barley
9,3,16,26.48,61.28,57.82,Sugarcane
23,0,28,33.16,63.11,53.91,Pulses
38,0,2,37.39,69.61,67.14,Millets
14,3,16,38.64,74.69,33.53,Sugarcane
11,0,38,22.93,59.18,36.33,Pulses
45,0,0,31.44,62.56,39.08,Paddy
9,6,29,25.6,66.44,64.99,Tobacco
6,12,14,33.19,59.66,56.19,Paddy
38,0,0,27.12,47.82,58.64,Sugarcane
24,0,16,28.19,51.2,44.38,Cotton
6,11,32,31.97,58.34,59.73,Cotton
41,0,3,34.13,65.02,35.68,Cotton
27,0,20,26.4,65.58,44.9,Maize
39,3,0,37.03,63.45,39.53,Cotton
20,2,26,21.34,54.69,39.42,Pulses
16,0,42,30.34,57.74,34.86,Millets
23,0,24,27.05,53.84,37.54,Maize
13,6,14,28.09,53.58,27.41,Ground Nuts
19,3,24,36.19,70.05,26.41,Wheat
13,0,16,27.86,44.14,58.37,Barley
31,0,2,26.41,56.89,37.25,Oil seeds
5,0,14,28.03,42.81,70,Sugarcane
17,13,14,29.21,57.22,49.29,Paddy
15,0,39,37.56,66.53,37.17,Sugarcane
26,0,17,35.57,69.22,38.56,Tobacco
17,2,42,34.43,59.77,62.97,Cotton
35,0,3,31.27,43.49,37.61,Barley
6,20,16,25.82,61.11,39.24,Barley
36,0,0,26.5,45.75,61.25,Millets
10,0,6,34.03,60.39,43.18,Sugarcane
6,2,11,28.01,50.4,61.19,Millets
14,3,35,28.67,55.39,64.88,Oil seeds
39,0,0,30.47,67.64,60.18,Cotton
8,9,11,29.93,66.3,55.91,Cotton
7,9,32,30.69,60.36,64.89,Barley
13,0,37,30.92,49.97,58.06,Tobacco
18,13,13,28.21,57.45,20,Pulses
15,17,18,27.18,64.47,30.84,Paddy
11,15,11,21.63,57.62,34.24,Maize
12,3,36,30.78,61.89,28.42,Millets
10,4,11,27.05,50.42,42.32,Paddy
13,12,25,31.18,47.51,35.51,Wheat
9,0,12,31.88,56.55,43.06,Cotton
17,2,28,31.35,62.93,34.02,Barley
13,0,14,30.99,59.97,63.35,Wheat
42,0,0,32.83,55.64,40.91,Tobacco
7,19,12,33.9,50.25,20,Millets
13,3,33,24.38,50.13,34.67,Cotton
44,0,0,31.49,58.29,37.49,Millets
31,1,4,31.93,53.26,30.3,Wheat
25,0,16,33.75,70.86,30.19,Tobacco
9,13,23,36.49,72.03,52.71,Wheat
5,3,32,33.91,50.88,53.37,Paddy
10,19,18,40,76.4,57.23,Sugarcane
4,3,33,32.12,76.73,34.45,Wheat
23,0,24,24.06,53.06,37.08,Sugarcane
5,10,31,25.5,53.43,42.85,Tobacco
13,0,41,34,59.76,27.52,Maize
10,4,12,22.5,58.83,39.36,Oil seeds
38,0,3,38.66,60.15,57.58,Millets
9,7,28,33.03,59.23,50.06,Cotton
10,1,10,27.05,53.34,70,Ground Nuts
16,0,5,27.27,62.47,57.15,Millets
5,14,11,29.07,56.52,53.78,Cotton
37,4,0,38.17,66.45,68.55,Cotton
18,3,20,28.13,55.71,50.38,Cotton
11,0,40,32.56,62.62,56.5,Maize
34,2,1,30.84,47.62,28.08,Millets
6,11,32,30.98,64.17,26.26,Ground Nuts
15,0,36,25.27,52.33,20.33,Tobacco
1,14,12,29.51,47.21,49.01,Wheat
41,0,4,38.59,68.57,31.88,Paddy
38,0,4,33.01,56.62,38.75,Pulses
20,2,20,29.94,54.58,36.36,Cotton
35,1,1,28.42,68.97,38.11,Barley
17,0,8,31.81,62.69,55.11,Barley
21,0,26,28.06,49.09,36,Ground Nuts
25,0,18,32.09,67.57,37.6,Sugarcane
11,2,37,30.4,73.93,50.87,Cotton
12,0,33,31.37,61.56,36.38,Oil seeds
9,8,30,28.4,64.69,20,Wheat
7,3,32,35.46,68.5,33.83,Paddy
9,0,36,33.36,48.62,48.04,Paddy
35,2,0,30.09,51.69,31.75,Sugarcane
38,0,0,31.62,53.17,41.08,Maize
41,0,0,35.85,65.73,46.71,Wheat
19,2,18,28.23,59.71,40.91,Oil seeds
36,0,0,22.91,52.89,43.54,Ground Nuts
32,0,3,31.57,59,29.74,Millets
41,0,0,33.33,68.93,44.04,Wheat
8,14,10,26.1,56.4,70,Maize
10,4,8,23.85,54.74,31.15,Maize
4,5,28,33.93,68.08,68.4,Barley
11,3,5,24.14,50.03,56.4,Oil seeds
13,0,6,30.9,61.42,48.45,Barley
10,1,14,38.27,61.02,39.38,Tobacco
14,0,37,30.53,72.94,69.94,Pulses
9,4,30,36.91,57.36,46.79,Barley
37,0,1,27.89,58.78,32.12,Millets
37,0,0,25.91,61.37,35.85,Ground Nuts
37,0,0,26.89,45.93,34.24,Ground Nuts
41,0,0,26.9,54.22,37.63,Oil seeds
9,11,17,33.83,56.33,40.46,Cotton
13,0,11,32.23,65.73,36.41,Pulses
13,0,13,33.56,69.13,30.78,Oil seeds
25,1,21,22.37,59.31,53.4,Millets
40,0,0,40,66.19,57.22,Paddy
38,0,0,26.38,58.32,37.72,Pulses
15,0,39,25.09,55.29,28.94,Ground Nuts
12,3,41,34.6,52.97,41.6,Wheat
14,0,11,30.08,55.2,40.09,Paddy
7,16,12,29.16,50.81,20,Millets
27,3,27,23.32,50.4,46.44,Tobacco
33,0,0,27.41,54.55,26.1,Cotton
42,3,0,29.23,70.7,54.12,Maize
17,0,40,35.92,63.54,54.99,Sugarcane
20,0,16,24.33,52.3,46.6,Cotton
42,0,3,33.99,62.02,24.13,Cotton
11,2,33,33.8,69.65,29.13,Sugarcane
42,0,0,29.19,67.99,28.27,Pulses
2,14,21,32.92,56.58,28.5,Barley
11,19,22,29.7,50.47,41.56,Ground Nuts
21,0,24,22.82,48.25,49.55,Maize
31,4,0,24.87,53.41,36.47,Oil seeds
17,12,11,29.25,54.77,56.41,Oil seeds
39,3,0,28.88,54.57,38.98,Paddy
14,4,35,36.11,61.24,27.61,Cotton
37,0,0,27.91,48.69,33.26,Ground Nuts
40,0,0,32,59.17,32.35,Cotton
17,0,37,31.12,56.27,40.65,Paddy
18,0,35,38.03,60.56,64.39,Millets
13,2,39,40,78.63,39.77,Tobacco
32,1,4,21.56,48.99,38.37,Wheat
3,12,29,34.16,57.77,64.71,Cotton
41,3,4,29.74,67.3,55.7,Barley
40,0,0,24.02,52.18,41.72,Paddy
35,0,2,31.44,57.6,49.09,Tobacco
23,3,13,27.82,58.21,39.11,Pulses
4,0,10,28.68,48.05,70,Sugarcane
16,2,42,37.79,65.38,42.1,Pulses
18,0,36,30.84,62.89,31.1,Pulses
12,19,10,32.08,69.28,53.59,Pulses
23,0,22,30.53,54.66,40.76,Wheat
9,6,30,27.28,67,60.31,Ground Nuts
8,11,32,30.52,52.92,33.2,Oil seeds
4,12,33,25.51,63.32,68.32,Maize
10,0,35,30.28,76.59,30.6,Ground Nuts
9,3,32,31.27,76.13,35.28,Cotton
21,0,19,26.52,59.29,37.89,Sugarcane
5,10,28,37.78,70.33,64.11,Wheat
12,11,11,30.49,58.21,39.3,Ground Nuts
42,1,0,29.18,54.17,23.3,Ground Nuts
44,2,0,25.21,46.78,31.12,Oil seeds
9,4,12,22.64,49.3,30.33,Paddy
8,15,13,30.2,64.88,52.82,Oil seeds
37,0,0,24.84,49.58,47.64,Barley
35,4,2,30.49,58.83,54.73,Paddy
15,0,10,30.73,49.9,32.48,Pulses
26,4,17,29.82,58.66,44.21,Millets
9,7,25,23.92,47.26,38.11,Maize
11,11,14,27.8,66.49,56.09,Ground Nuts
15,0,40,40,75.55,28.97,Ground Nuts
14,17,8,31.12,72.97,50.32,Pulses
7,6,32,24.8,61.32,54.78,Cotton
4,0,10,32.45,67.58,55.57,Cotton
7,6,18,31.61,66.27,33.06,Pulses
14,0,36,40,65.43,64.34,Pulses
42,0,1,34.46,78.03,54.74,Millets
23,0,14,20.26,41.18,47.6,Millets
37,0,0,36.22,77.81,51.95,Pulses
38,2,1,30.24,56.13,30.91,Barley
14,10,11,35.54,62.73,42.81,Paddy
9,0,8,29.73,58.45,60.67,Cotton
14,1,34,27.58,64.59,62.12,Cotton
9,0,39,26.09,69.65,41.82,Cotton
22,0,15,30.48,61.31,44.39,Millets
39,0,2,29.86,48.43,47.14,Maize
8,2,32,25.2,65.72,54.26,Sugarcane
13,0,36,31.81,70.13,21.18,Ground Nuts
15,0,38,22.32,56.11,24.06,Maize
25,0,17,25.7,67.81,42.7,Tobacco
5,7,25,30.23,55.76,53.54,Barley
18,0,32,32.37,55.24,33.67,Tobacco
16,2,26,26.08,44.39,42.34,Sugarcane
44,3,0,39.89,76,32.46,Ground Nuts
13,0,38,38.92,57.75,34.28,Tobacco
20,1,27,26.41,55.23,43.13,Barley
16,0,42,35.85,62.3,36.56,Millets
3,8,31,33,59.14,48.43,Tobacco
11,6,26,35.84,73.34,56.27,Barley
40,2,0,32.85,53.21,37.96,Barley
20,0,19,36.16,64,43.68,Millets
10,3,11,28.03,51.46,40.88,Tobacco
9,4,35,38.77,73.1,64.83,Paddy
9,1,38,39.61,74.2,29.32,Cotton
10,4,39,40,65.97,61.68,Cotton
36,0,0,31.66,68.88,64.94,Paddy
32,0,0,25.79,47.25,45.73,Millets
15,14,13,37.12,73.45,56.53,Wheat
40,0,0,27.79,54.72,69.39,Maize
12,7,24,27.84,50.3,41.85,Paddy
32,0,2,23.68,57.9,28.78,Maize
36,0,0,32.02,47.68,43.98,Sugarcane
15,13,15,34.91,53.17,64.9,Paddy
40,2,0,31.87,56.38,39.33,Barley
39,0,0,33.5,61.54,58.09,Pulses
13,2,6,21.34,47.91,23.25,Barley
25,4,24,27.75,48.05,35.2,Oil seeds
20,4,14,27.41,57.31,54.62,Tobacco
39,0,0,36.6,74.72,50.92,Oil seeds
21,2,20,21.52,56.82,37.02,Tobacco
13,0,36,39.1,77.95,44.22,Cotton
14,10,33,30.22,56.38,60.39,Maize
26,0,16,24.32,66.77,37.7,Ground Nuts
10,4,4,31.78,51.44,58.82,Barley
3,5,35,27.73,59.27,54.2,Tobacco
8,0,15,25.66,45.25,65.07,Barley
21,4,22,37.17,70.91,67.53,Ground Nuts
31,0,0,27.41,53.44,36.65,Sugarcane
7,3,41,32.37,61.99,20.42,Oil seeds
22,0,21,29.68,74.89,47.11,Barley
12,5,24,29.9,53.17,58.98,Ground Nuts
14,1,14,31.08,56.03,45.64,Millets
15,3,39,31.95,59.95,41.17,Maize
1,14,14,28.83,59.74,35.13,Ground Nuts
38,1,1,28.67,59.49,43.85,Pulses
9,20,17,32.76,50.9,22,Cotton
10,0,43,40,52.95,43.51,Wheat
30,0,0,28.17,50.93,37.01,Sugarcane
45,0,0,28.66,62.69,52.78,Tobacco
17,3,28,32.76,57.8,53.21,Cotton
14,1,36,33.29,71.48,55.06,Wheat
27,0,18,22.61,60.89,53.36,Ground Nuts
1,15,15,24.55,59.45,47.37,Barley
13,15,13,28.72,58.94,59.53,Ground Nuts
42,2,2,36.49,58.68,47.81,Cotton
15,0,38,27.77,61.89,27.29,Wheat
17,0,41,27.09,45.13,20.39,Wheat
10,5,35,30.34,65.26,61.34,Pulses
10,16,19,28.74,60.87,37.06,Maize
15,2,9,38.12,66.69,33.67,Sugarcane
22,0,16,37.98,66.3,70,Paddy
22,0,25,30.61,58.28,51.6,Ground Nuts
8,17,12,30,42.84,46.81,Barley
14,3,39,39.4,75.28,52.3,Maize
19,0,21,27.74,60.46,44.85,Wheat
24,0,20,27.37,52.05,37.96,Maize
7,7,11,32.5,71.1,69.62,Wheat
12,0,13,26.46,43.65,36.14,Maize
45,1,0,30.31,69.86,46.3,Cotton
7,8,37,32.02,50.79,61.39,Oil seeds
16,0,44,36.4,70.69,31.58,Ground Nuts
16,0,10,31.51,54.73,65.9,Pulses
6,4,34,39.77,60.41,50.77,Wheat
39,0,0,33.93,62.94,38.71,Millets
13,0,35,32.13,65.75,52.1,Pulses
34,3,0,29.99,54.89,41.47,Cotton
36,0,3,38.38,71.17,56.45,Wheat
39,4,0,30.43,59.04,40.61,Pulses
19,11,6,28.65,49.55,30.12,Cotton
2,20,18,25.07,45.11,36.38,Maize
13,2,41,26.73,51.88,26.29,Tobacco
14,14,13,35.68,63.89,46.79,Oil seeds
13,2,40,33.56,59.78,61.64,Pulses
43,0,3,28.48,60.34,33.57,Millets
43,0,1,34.31,58.35,30.92,Millets
34,1,0,28.81,49.93,33.75,Tobacco
27,2,17,24.11,57.89,23.7,Sugarcane
41,0,0,31.21,55.32,38.91,Oil seeds
8,9,19,28.66,41.97,62.44,Barley
9,0,42,22.83,46.9,34.09,Wheat
10,13,29,25.54,65.51,26.75,Paddy
14,0,32,30.02,68.96,35.81,Sugarcane
26,4,18,29.98,73.22,48.77,Millets
41,2,0,34.95,71.28,53.19,Millets
8,0,5,27.38,57.61,57.88,Maize
2,18,24,35.64,66.88,38.75,Oil seeds
39,0,0,39.23,71.01,31.63,Cotton
20,0,26,26.84,54.27,49.61,Paddy
38,2,1,34.38,70.03,23.96,Oil seeds
3,5,31,37.38,61.81,32.73,Cotton
9,17,19,36.92,62.66,58.76,Tobacco
11,13,27,31.54,66.48,66.12,Wheat
14,0,33,30.38,67.91,57.24,Sugarcane
15,1,32,33.13,61.63,41.66,Paddy
10,2,44,40,61.51,32.66,Paddy
18,2,21,37.05,61.02,32.03,Oil seeds
10,4,28,29.45,60,64.63,Maize
16,3,17,20.82,42.97,44.06,Tobacco
7,10,27,34.04,60.33,70,Oil seeds
5,3,10,25.22,62.81,49.09,Paddy
6,11,31,25.96,53.04,46.11,Barley
12,4,9,34.01,50.12,30.27,Tobacco
16,4,17,40,71.27,25.24,Maize
37,3,0,35.95,70.71,37.39,Cotton
7,3,27,29.41,52.65,48.35,Barley
37,0,0,33.88,55.46,26.2,Millets
11,0,6,33.99,68.26,39.64,Barley
39,1,0,24.47,57.6,70,Tobacco
5,20,24,25.83,44.55,44.99,Paddy
5,3,17,24.74,60.74,60.98,Pulses
9,17,16,27.19,59.49,56.18,Maize
7,3,24,31.1,50.28,40.57,Cotton
8,0,31,26.73,44.52,40.8,Paddy
0,7,28,30.46,71.86,41.95,Wheat
11,2,39,28.7,59.26,46.42,Pulses
14,16,23,32.49,61.52,47.27,Wheat
13,0,9,25.28,55.11,38.36,Pulses
27,2,23,23.54,50.26,50.16,Millets
15,2,36,28.53,62.54,61.11,Maize
14,9,27,26.45,56.63,64.39,Pulses
8,9,15,27.71,67.71,47.17,Pulses
15,12,6,24.98,47,20.99,Sugarcane
14,13,14,35.07,59.79,61.83,Tobacco
1,7,33,36.94,58.84,55.16,Sugarcane
13,6,11,30.26,50.57,43.21,Pulses
43,0,0,32.12,69.24,36.58,Cotton
27,1,14,22.33,46.53,40.1,Cotton
11,0,17,27.36,61.34,43.04,Wheat
10,0,34,29.03,53.72,43.41,Wheat
16,0,10,32.8,55.77,44.43,Barley
8,1,10,32.28,58.89,29.28,Pulses
12,0,41,37.53,58.75,51.59,Paddy
19,0,26,22.55,56.57,51.93,Oil seeds
17,15,14,22.07,52.72,24.22,Millets
44,1,0,28.92,44.74,44.89,Millets
38,0,0,26.05,48.76,45.26,Barley
34,0,0,24.84,58.91,43.15,Cotton
1,21,17,30.62,70.7,46.64,Oil seeds
7,11,17,26.56,59.44,32.72,Maize
14,0,36,31.15,55.59,35.09,Barley
2,20,16,25.6,57.71,30.94,Millets
13,0,35,26.71,55.75,70,Ground Nuts
20,0,17,29.67,63.41,36.42,Millets
13,4,36,33.3,61.13,64.91,Oil seeds
41,1,2,32.01,57.23,32.85,Sugarcane
33,2,0,30.59,54.91,43.28,Barley
15,1,18,37.88,74.88,27.06,Tobacco
40,2,0,30.48,47.8,70,Paddy
11,1,8,30.3,69.31,52.01,Barley
4,6,34,34.08,55.54,59.21,Millets
6,2,8,38.45,63.15,58.06,Barley
17,16,20,24.76,55.27,34.69,Sugarcane
10,4,26,25.73,68.57,70,Millets
34,0,0,20.56,55.98,65.55,Barley
42,0,0,38.77,68.24,57.2,Wheat
14,0,5,30.56,55.9,40.77,Oil seeds
8,0,39,26.93,51.37,50.87,Oil seeds
2,14,18,26.67,42.74,30.17,Maize
38,0,0,31.42,63.61,32.38,Wheat
10,16,13,26.7,43.08,32.35,Ground Nuts
10,18,10,26.05,51.11,35.27,Wheat
25,1,20,25.12,46.17,43.74,Oil seeds
12,0,6,32.41,67.07,32.33,Barley
32,0,0,27.81,63.26,43.38,Wheat
40,0,2,23.36,50.24,34.4,Sugarcane
12,0,16,33,57.63,37.28,Cotton
10,2,12,26.02,55.23,47.78,Oil seeds
23,4,22,26.74,56.43,41.86,Maize
17,0,32,33.17,68.4,25.54,Barley
16,0,35,33.5,69.8,35.8,Ground Nuts
16,3,13,28.32,55.53,39.8,Barley
13,12,16,29.54,71.68,57.48,Tobacco
36,1,0,25.68,50.13,50.92,Sugarcane
37,0,0,28.77,63.48,49.52,Barley
37,0,0,23.17,44.36,26.03,Tobacco
12,4,39,27.12,63.03,28.6,Paddy
36,0,0,31.38,57.13,37.26,Ground Nuts
41,0,0,27.91,58.99,64.03,Oil seeds
27,1,20,36.99,70.45,29.04,Sugarcane
25,0,32,35.01,69.3,40.11,Sugarcane
8,13,28,30.71,67.85,56.82,Oil seeds
24,0,19,38.22,70.27,63.95,Ground Nuts
38,2,4,30.23,47.44,55.39,Barley
22,0,27,33.72,52.61,37.01,Millets
37,0,0,29.14,58.06,43.94,Paddy
23,3,19,34.18,69.67,48.66,Cotton
35,0,0,28.32,59.85,58.07,Pulses
6,0,7,28.16,57.48,62.2,Cotton
19,0,44,40,52.02,45.67,Maize
18,0,40,30.08,57.14,37.49,Cotton
34,2,4,27.61,61.04,41.97,Barley
38,4,1,23.74,62.35,31.53,Ground Nuts
18,0,19,22.26,52.88,34.12,Cotton
14,4,41,34.77,66.85,35.35,Ground Nuts
5,12,31,26.63,45.47,29.06,Pulses
30,4,3,24.69,52.7,23.05,Wheat
18,0,22,24.7,48.88,41.18,Pulses
16,6,14,28.79,61.59,40.95,Millets
9,0,34,25.37,56.61,56.98,Millets
18,4,22,35.56,61.27,33.78,Barley
10,15,11,29.95,59.77,47.09,Oil seeds
24,0,24,28.85,45.97,49.62,Wheat
38,2,4,22.68,53.23,44.85,Oil seeds
16,0,45,33.94,57.41,48.69,Paddy
11,13,26,34.02,63.05,32.44,Sugarcane
17,0,8,26.44,51.89,42.5,Sugarcane
15,0,44,27.43,65.87,20,Sugarcane
13,0,13,26.23,55.01,32.74,Tobacco
27,0,20,30.45,68.48,46.14,Pulses
33,2,0,25.4,50.75,42.4,Barley
15,1,39,27.56,58.15,53,Cotton
11,2,37,37.29,61.83,31.91,Cotton
35,4,0,25.22,56.62,37.89,Millets
10,0,33,26.88,58.54,70,Pulses
27,0,19,21.46,49.42,45.96,Cotton
11,9,33,28.14,68.89,31.96,Cotton
11,0,45,32.55,64.64,43.51,Pulses
20,2,22,24.15,40.44,44.93,Ground Nuts
12,3,37,36.93,71.6,35.49,Maize
12,0,44,32.73,62.28,57.46,Barley
45,1,4,29.55,66.21,41.21,Millets
6,21,15,25.75,59.79,24.64,Paddy
41,1,0,35.85,54.97,32.94,Ground Nuts
35,0,0,31.4,69.24,29.06,Millets
11,4,40,34.9,71.05,59.48,Wheat
13,0,6,30.98,59.93,30.97,Wheat
9,4,13,24.15,51.72,31.91,Sugarcane
10,18,18,27.35,47.36,48.45,Oil seeds
11,0,9,30.03,48.19,41.44,Pulses
22,0,26,28.44,52.45,34.64,Millets
19,0,23,24.69,45,34.65,Ground Nuts
8,0,10,34.34,54.99,47.61,Sugarcane
6,13,26,28.13,53.68,52.13,Cotton
23,0,20,27.41,51.23,46.31,Tobacco
13,0,11,32.89,60.09,59.65,Wheat
18,0,36,31.34,59.69,60.78,Millets
6,5,27,27.79,58.46,20,Tobacco
11,0,15,22.44,58.98,31.46,Oil seeds
17,11,11,20.09,49.43,29.64,Pulses
15,18,16,32.2,67.18,28.11,Barley
10,0,19,31.51,67.28,31.19,Paddy
20,2,14,33.68,55.21,53.32,Ground Nuts
8,3,31,30.94,46.3,42.29,Sugarcane
10,8,33,30.93,52.97,59.12,Pulses
45,0,0,27.81,60,25.06,Barley
8,0,9,31.36,56.32,45.45,Barley
2,14,18,27.52,59.49,43.56,Maize
10,1,41,32.97,57.21,28.8,Barley
42,0,3,30.13,57.87,62.23,Oil seeds
9,15,19,29.13,72.87,40.38,Sugarcane
38,0,3,29.47,68.26,30.54,Oil seeds
8,17,16,27.2,52.83,31.04,Paddy
25,0,23,29.52,70.13,55.59,Millets
22,1,15,26.58,49.05,23.6,Barley
8,0,8,32.39,69.83,53.98,Cotton
14,2,18,27.86,58.24,49.66,Barley
8,0,34,27.87,59.72,43.57,Barley
20,1,23,31.12,59.5,48.49,Maize
6,13,26,29.45,60.16,56.75,Millets
18,0,18,25.45,59.9,50.43,Maize
4,18,17,27.06,61.03,44.75,Pulses
5,11,26,25.44,59.38,44.01,Paddy
37,3,3,26.27,47.12,39.19,Paddy
41,0,0,30.57,48.3,44.43,Pulses
11,1,19,27.27,66.44,34.85,Oil seeds
4,20,19,21.07,43.97,40.04,Tobacco
17,14,15,33.6,59.48,46.26,Sugarcane
10,2,10,30.34,54.73,62.24,Cotton
14,3,10,28.43,66.03,44.05,Millets
15,0,31,25.5,56.26,56.35,Barley
22,2,21,33.23,61.09,39.74,Oil seeds
34,0,1,27.83,45.02,52.22,Oil seeds
9,2,11,21.81,55.61,64.1,Sugarcane
30,4,0,37.5,70.28,65.23,Wheat
37,0,0,25.64,52.31,36.33,Maize
11,12,32,32.72,65.66,45.12,Oil seeds
18,0,16,27.83,51.16,44.2,Tobacco
36,1,0,29.8,49.21,70,Wheat
11,0,7,27.94,55.06,48.07,Millets
11,0,11,33.38,69.64,47.26,Millets
6,1,13,33.15,56.8,52.58,Maize
25,0,18,20.27,48.38,26.05,Cotton
16,0,36,25.8,68.86,28.28,Paddy
12,8,28,24.18,49.22,58.28,Barley
4,10,25,27.34,64.09,45.24,Paddy
22,0,26,33.33,61.68,36.85,Paddy
12,0,36,37.84,71.33,37.32,Oil seeds
7,12,17,29.4,59.77,36.99,Ground Nuts
17,21,18,26.96,53.75,21.67,Ground Nuts
42,0,0,29.02,54.06,21.84,Millets
34,0,1,25.28,48.89,31.22,Paddy
26,3,21,26.16,67.1,44.73,Tobacco
12,3,32,32.81,49.4,37.62,Barley
7,0,4,25.24,59.52,65.55,Sugarcane
7,2,44,36.1,74.43,33.26,Millets
19,2,20,30.99,68.56,42.89,Barley
7,0,46,34.66,61.82,45.18,Tobacco
11,0,39,31.8,59.13,20,Paddy
11,6,19,28.69,65.85,51.02,Barley
9,12,15,21.55,59.81,42.69,Wheat
26,0,23,29.05,44.58,47.92,Paddy
45,2,0,25.08,46.33,34.66,Sugarcane
9,0,44,39.1,61.36,46.18,Cotton
12,13,15,31.15,63.79,67.79,Ground Nuts
20,3,25,26.49,52.95,43.97,Millets
8,0,30,33.41,65.63,33.09,Pulses
37,0,0,36.63,63.13,35.97,Ground Nuts
7,0,38,36.12,70.69,43.66,Tobacco
4,6,25,40,67.3,47.09,Paddy
7,8,11,27.05,46.43,54.7,Ground Nuts
20,0,21,33.43,57.05,40.58,Millets
37,3,0,38.27,63.64,34.87,Barley
35,2,0,24.67,58.06,36.05,Pulses
16,10,7,23.88,50.11,28.85,Wheat
17,4,16,25.87,52.61,51.85,Maize
4,7,33,30.82,64.35,50.99,Barley
11,12,12,26.97,52.44,68.26,Millets
18,0,14,27.44,57.21,44.21,Cotton
25,0,15,28.67,57.85,35.03,Sugarcane
7,3,4,32.67,62.29,40.3,Ground Nuts
20,0,20,27.76,53.93,55.61,Cotton
39,0,0,31.99,70,65.07,Wheat
10,0,14,26.59,61.53,38.46,Tobacco
41,0,1,36.79,65,25.87,Wheat
13,11,27,30.99,49.27,20,Barley
43,0,1,32.87,73.43,28.8,Sugarcane
37,3,3,27.71,43.77,39.93,Paddy
26,0,27,30.04,71.83,37.85,Cotton
32,0,4,25.45,43.45,27,Tobacco
10,18,15,38.42,58.28,58.78,Ground Nuts
26,4,17,24.38,43.06,57.85,Cotton
11,0,37,29.03,55.07,21.85,Wheat
10,2,41,25.8,52.64,23.15,Cotton
10,0,14,29.63,52.15,29.15,Sugarcane
15,18,20,29.02,56.54,25.46,Pulses
8,8,31,30.19,50.07,55.28,Millets
10,3,27,31.02,57.58,20,Barley
20,0,21,27.75,53.08,32.46,Oil seeds
6,0,13,30.13,67.09,45.6,Pulses
42,3,0,38.71,69.52,49.63,Tobacco
5,8,28,31.68,50.27,50.06,Ground Nuts
10,0,41,34.14,78.24,27.47,Pulses
35,3,1,29.59,52.76,46.61,Tobacco
38,0,1,23.14,53.52,59.52,Barley
38,4,0,26.88,63.51,45.65,Ground Nuts
8,15,17,31.84,68.04,40.76,Cotton
9,0,36,29.83,49.84,47.91,Sugarcane
9,0,36,31.49,60.18,54.84,Cotton
8,5,25,25.78,46.81,28.23,Cotton
10,17,18,20.09,57.36,36.23,Sugarcane
15,0,33,25.48,53.37,67.14,Tobacco
12,14,13,22.11,50.94,33.26,Millets
8,11,11,30.8,50.26,34.44,Paddy
0,13,32,33.95,66.85,45.81,Oil seeds
3,4,32,35.04,68.15,32.62,Barley
11,0,11,26.46,54.2,60.37,Maize
35,0,4,29.54,70.83,36.15,Tobacco
24,4,25,29.84,56.17,52.61,Sugarcane
4,14,31,29.53,57.3,28.3,Maize
10,22,13,22.59,58.51,42.18,Millets
32,0,0,23.48,58.68,33.71,Sugarcane
31,0,3,21.23,56.98,70,Cotton
8,4,16,22.9,52.41,37.35,Maize
21,4,22,38.33,73.15,39.17,Oil seeds
10,2,10,36.38,71.89,48.76,Ground Nuts
12,10,28,32.37,71.46,24.3,Barley
19,0,35,27.4,59.99,27.39,Paddy
16,1,6,33.21,56.71,52.11,Millets
38,2,0,23.73,47.43,43.98,Tobacco
42,0,0,25.27,46.34,30.37,Wheat
38,2,0,29.25,55.35,49.89,Barley
14,0,13,29.28,54.61,62.26,Barley
12,7,33,31.57,56.03,49.4,Millets
11,10,9,23.31,47.22,25.84,Sugarcane
15,4,39,23.77,59.04,33.31,Tobacco
10,4,15,40,67.48,41.87,Pulses
8,14,10,35.78,56.41,50.19,Oil seeds
8,19,22,23.83,60.51,31.59,Cotton
24,0,22,22.79,55.32,40.35,Maize
9,8,8,26.91,47.11,41.41,Cotton
11,12,29,30.24,53.59,54.41,Paddy
10,0,32,35.62,59.35,43.06,Paddy
45,0,4,28.35,52.08,20.51,Paddy
12,12,31,30.66,48.43,53.73,Millets
10,5,28,28.5,60.14,60.87,Tobacco
7,4,28,37.5,65.89,45.19,Paddy
13,0,38,37.32,62.83,35.2,Paddy
2,19,21,23.99,57.62,43.9,Pulses
3,4,33,31.38,58.81,20.99,Maize
36,0,2,26.97,61.39,69.28,Tobacco
45,0,0,24.87,53.77,41.62,Barley
7,8,31,27.57,52.6,61.71,Pulses
18,3,27,34.1,65.21,40.7,Pulses
42,0,2,35.45,66.58,36.72,Barley
26,0,14,31.24,51.41,41.09,Cotton
26,1,20,28.27,64.54,36.26,Paddy
44,3,0,27.03,62.23,28.65,Maize
8,4,43,32.46,68.48,31.3,Sugarcane
14,0,36,26.35,63.69,58.47,Tobacco
16,1,31,32.76,50.34,37.94,Sugarcane
21,0,23,21.71,44.2,43.22,Sugarcane
12,17,11,30.04,62.08,62.67,Ground Nuts
6,7,28,28.1,69.82,63,Maize
3,4,29,33.02,78.74,48.74,Ground Nuts
15,0,45,21.89,49.75,40.89,Paddy
5,21,18,25.29,40.62,42.74,Sugarcane
21,0,19,36.93,61.19,29.29,Paddy
22,0,21,30.92,64.22,55.34,Maize
18,0,27,32.53,71.92,37.71,Tobacco
23,0,21,28.68,61.24,31.87,Tobacco
13,3,35,36.1,66.96,25.72,Barley
35,0,0,21.7,40.45,64.17,Maize
12,6,33,30.5,62.99,36.07,Ground Nuts
21,2,19,30.43,59.8,49.02,Ground Nuts
7,7,35,32.33,67.75,59.96,Millets
40,0,0,29.44,57.46,38.52,Barley
13,0,13,29.3,51.86,65.79,Sugarcane
16,11,13,38.47,62.47,48.62,Ground Nuts
11,0,16,29.46,59.85,38.35,Paddy
5,11,25,37.38,74.63,60.35,Ground Nuts
26,3,19,26.59,49.71,34.99,Paddy
18,1,16,25.41,49.09,44.03,Barley
7,0,38,33.39,71.13,49.02,Millets
8,8,31,28.36,50.91,33.57,Paddy
35,2,0,37.54,71.73,49.13,Ground Nuts
8,7,29,31.38,68.77,66.23,Wheat
10,8,29,28.27,66.94,52.35,Oil seeds
10,2,12,29.52,60.02,61.06,Sugarcane
22,0,20,29.49,43.74,32.44,Sugarcane
7,12,28,37.19,61.38,49.57,Maize
33,0,0,32.37,54.35,50.09,Maize
26,0,22,28.71,45.53,37.59,Barley
15,0,37,26.9,56.65,22.83,Sugarcane
9,0,12,33.04,52.52,30.56,Pulses
16,1,45,32.48,52.45,43.5,Barley
8,10,9,38.58,57.38,60.1,Barley
9,0,33,30.12,59.49,45.57,Ground Nuts
10,3,12,27.4,53.38,24.91,Barley
19,0,23,21.17,57.9,50.89,Cotton
12,14,30,24.69,63.39,20.45,Oil seeds
37,0,0,25.36,62.86,41.08,Wheat
22,3,26,28.21,50.33,47.6,Cotton
2,18,16,34.64,71.11,52.82,Tobacco
16,0,42,40,66.64,40.47,Paddy
16,3,41,32.28,51.88,30.19,Barley
13,14,17,28.38,63.35,70,Maize
34,0,0,30.7,55.96,30,Millets
9,1,43,32.35,78.2,31.24,Sugarcane
36,2,2,37.76,62.35,32.1,Cotton
7,0,9,34.96,60.68,50.5,Pulses
13,0,9,27.58,45.82,20.23,Cotton
3,8,27,36.11,66.33,59.78,Sugarcane
22,0,16,27.16,55.97,40.95,Maize
7,0,46,32.5,63.91,50.78,Barley
14,0,38,30.48,50.15,24.47,Sugarcane
5,0,11,32.65,65.68,43.35,Tobacco
13,9,30,23.99,45.86,44.6,Cotton
36,0,0,28.8,52.94,23.76,Oil seeds
35,0,0,25.01,46.13,30.97,Sugarcane
11,2,39,29.47,48.68,39.05,Paddy
18,2,14,22.78,54.73,52.62,Tobacco
34,3,2,27.13,59.68,68.56,Pulses
28,0,23,29.27,71.38,65.51,Sugarcane
13,0,36,26.23,46.01,35.38,Wheat
27,0,24,27.54,57.8,49.7,Wheat
4,23,16,30.96,61.45,35.37,Cotton
5,7,29,30.12,58.37,64.67,Pulses
11,1,38,38.3,69.75,41.31,Tobacco
8,6,24,33.32,78.29,41.09,Sugarcane
43,0,1,30.27,58.64,44.46,Paddy
14,4,28,33.39,62.88,58.59,Oil seeds
13,0,36,24.28,64.47,50.66,Pulses
42,1,0,35.01,65.35,36.5,Sugarcane
20,0,22,21.18,47.08,48.85,Paddy
15,0,7,29.17,44.69,36.86,Tobacco
36,0,0,25.94,50.12,26.04,Sugarcane
20,1,31,34.91,62.53,49.22,Wheat
19,0,25,25.25,48,35.09,Tobacco
39,0,0,30.14,59.84,37.42,Sugarcane
6,7,27,35.58,69.81,22.72,Ground Nuts
42,0,0,33.29,67.12,25,Paddy
8,5,24,28.3,52.68,34.22,Ground Nuts
10,3,31,26.46,63.95,63.21,Maize
14,1,42,40,68.33,30.9,Wheat
22,0,15,29.23,54.78,49.49,Cotton
13,12,7,21.48,40.33,24.3,Maize
30,0,0,38.55,72.39,57.25,Paddy
27,0,23,30.88,57.35,42.86,Maize
16,0,11,30.49,59.07,27.14,Barley
5,8,35,38.27,75.46,26.71,Cotton
5,6,30,27.49,55.27,67.27,Barley
33,0,0,32.66,65.59,24.12,Maize
42,0,0,30.36,52.15,32.78,Cotton
41,2,1,32.86,56.84,32.25,Sugarcane
8,4,9,29.32,58.03,38.43,Tobacco
12,7,25,34.51,77,52.89,Paddy
12,2,42,35.64,77.44,40.68,Paddy
8,1,10,28.93,59.75,28.26,Paddy
8,1,38,24.21,66.11,50.17,Ground Nuts
27,0,18,26.55,58.11,35.01,Barley
23,3,20,30.89,47.99,44.37,Wheat
26,2,16,23.95,49.46,54.47,Millets
11,4,43,35.62,59.9,40.62,Cotton
16,0,24,33.16,59.69,35.13,Paddy
23,2,18,29.53,61.71,30.58,Cotton
9,2,45,25.22,47.33,25.94,Cotton
25,4,26,27.47,54.96,42.17,Wheat
8,14,22,39.55,69.54,58.19,Wheat
12,0,13,25.43,54.6,33.36,Paddy
41,0,0,23.19,55.23,47.98,Millets
24,0,19,31.18,62.75,47.87,Wheat
14,0,36,30.2,50.46,46.49,Pulses
22,0,16,21.31,45.08,52.48,Paddy
13,0,30,32.65,51.77,59.46,Millets
20,3,20,33.18,58.37,27.03,Cotton
6,2,11,29.51,60.72,49.86,Maize
12,0,14,36.65,65.21,44.67,Barley
5,6,27,24.53,62.02,27.22,Paddy
3,4,27,28.61,67.47,32.42,Cotton
8,0,34,36.23,68.79,36.18,Sugarcane
14,13,14,29.19,54.34,53.34,Oil seeds
42,1,1,34.02,52.63,32.14,Barley
21,2,19,36.98,56.82,31.16,Ground Nuts
19,4,18,30.71,51.25,37.24,Millets
9,0,6,25.81,54.02,45.2,Ground Nuts
31,4,0,30.95,63.54,47.11,Pulses
43,0,0,29.95,54.6,57.41,Maize
36,0,0,30.03,55.83,47.14,Sugarcane
13,6,14,27.43,45.22,27.13,Pulses
35,4,0,30.12,53.39,40.75,Sugarcane
42,0,0,26.72,58.18,37.93,Barley
23,4,22,25.76,51.35,43.13,Oil seeds
14,12,11,23.48,50.19,29.91,Pulses
10,0,45,27.07,58.87,54.62,Ground Nuts
25,0,23,27.05,44.28,45.68,Ground Nuts
13,0,36,30.9,45.86,40.74,Cotton
23,4,15,24.52,49.32,48.19,Pulses
11,0,15,26.25,63.56,28.04,Ground Nuts
25,4,25,31.16,56.43,43.16,Barley
13,10,31,32.63,62.91,55.52,Maize
34,0,2,30.64,57.11,28.44,Cotton
12,4,38,39.82,76.99,27.78,Wheat
38,1,4,32.97,61.72,42.69,Ground Nuts
7,7,32,33.32,56.56,52.81,Cotton
14,0,42,26.42,62.53,32.01,Wheat
25,0,22,29.65,58.55,49.47,Oil seeds
14,12,19,24.08,62.89,34.44,Cotton
16,18,13,26.5,61.3,48.77,Sugarcane
8,15,14,29.8,60.5,33.18,Ground Nuts
14,0,16,26.76,56.88,39.03,Wheat
11,5,36,25.63,57.48,54.3,Wheat
42,0,0,37.23,59,42.16,Oil seeds
13,0,8,28.29,57,48.81,Oil seeds
22,2,23,26.29,43.92,34.22,Cotton
31,0,4,25.42,48.77,35.86,Barley
22,0,27,31.04,66.34,43.48,Pulses
11,9,30,34.2,73.24,20,Maize
10,15,12,32.9,66.64,37.72,Paddy
20,0,17,38.13,68.23,38.15,Oil seeds
11,0,45,23.61,51.8,35.39,Millets
27,3,24,25.03,48.11,40.57,Barley
38,0,0,36.62,58.47,20.56,Sugarcane
7,0,42,33.99,61.71,25.59,Millets
24,0,17,38.27,63.88,33.14,Cotton
16,0,12,29.18,45.72,43.85,Cotton
11,3,8,26.71,56.27,30.9,Ground Nuts
11,17,10,31.01,65.29,49.37,Tobacco
13,8,19,29.75,62.25,68.76,Tobacco
8,15,13,31.73,69.1,20,Oil seeds
13,0,8,28.28,43.5,35.37,Maize
15,0,40,37.13,53.26,35.49,Cotton
45,1,3,24.17,51.74,42.57,Millets
8,7,32,30.86,67.34,54.97,Maize
41,1,0,32.79,56.76,45.12,Millets
8,4,25,34.72,65.09,62.52,Millets
5,11,24,28.06,66.55,38.84,Tobacco
9,8,16,29.7,49.26,41.74,Barley
20,1,16,30.13,69.07,35.42,Sugarcane
37,0,0,38.32,71.66,50.39,Sugarcane
26,0,14,24.21,45.53,53.62,Sugarcane
25,0,21,20.18,41.05,47.98,Sugarcane
25,4,23,29,49.39,43.1,Maize
6,4,15,27.9,50.42,39.03,Barley
41,0,0,35.18,65.15,45.91,Sugarcane
4,0,16,26.22,64.73,37.01,Wheat
10,0,4,29.03,55.12,58.72,Wheat
10,1,11,30.81,62.99,28.49,Ground Nuts
17,4,9,37.83,76.34,37.18,Oil seeds
11,7,33,36.31,55.62,57.54,Paddy
5,9,31,33.54,59.23,58.43,Sugarcane
6,4,39,33.31,65.26,39.74,Pulses
8,5,25,31.29,60.71,20,Maize
10,0,37,36.3,70.42,33.17,Wheat
16,0,35,33.76,65.35,25.86,Millets
8,15,14,34.48,65.7,36.95,Maize
11,0,18,34.67,58.7,28.33,Barley
39,0,0,24.79,58.23,28.99,Wheat
37,3,0,36.68,73.77,45.6,Oil seeds
7,14,20,31.02,64.62,47.95,Ground Nuts
19,0,20,29.67,72.9,65.59,Sugarcane
17,2,6,31.57,72.17,42.63,Millets
41,0,0,25.49,51.92,39.46,Barley
35,0,2,34.19,63.19,35.94,Tobacco
5,7,30,33.91,55.65,61.22,Tobacco
25,4,22,30.54,55.89,36.73,Paddy
2,13,25,32.73,70.57,49.45,Paddy
17,0,21,28.14,67.92,37.97,Millets
33,0,4,30.04,49.89,37.17,Millets
17,0,26,31.07,64.86,38.05,Wheat
12,0,17,26.74,47.39,22.87,Millets
11,7,26,35.64,58.1,59.75,Cotton
14,0,33,25.01,65.74,69.58,Cotton
10,3,13,28.87,60.59,53.34,Barley
17,3,41,38.8,64.99,64.53,Maize
23,2,19,33.25,71.64,34.87,Wheat
9,18,20,29.93,59.1,20.39,Wheat
5,19,24,33.48,64.7,53.11,Oil seeds
4,0,10,30.43,60.58,58.52,Barley
26,0,18,25.45,56.04,38.95,Millets
10,13,12,27.23,57.63,49.84,Oil seeds
12,13,16,32.92,70.05,54.36,Barley
20,0,20,31.72,59.51,43.1,Millets
9,20,22,29.39,55.08,28.55,Cotton
9,6,22,30.42,60.17,36.66,Cotton
20,0,18,27.41,56.92,32.34,Wheat
9,8,14,29.23,56.14,56.12,Oil seeds
17,4,41,36.26,61.51,37.35,Pulses
17,0,32,32.47,62.87,51.2,Maize
16,0,21,21.48,45.7,31.28,Tobacco
14,4,37,37.27,71.63,41.84,Wheat
8,4,9,29.99,60.53,36.8,Maize
36,0,4,25.22,59.57,27.19,Paddy
4,13,24,32.59,60.71,42.68,Wheat
19,2,18,30.48,64.68,49.42,Oil seeds
37,0,4,31.93,51.17,33.65,Ground Nuts
5,0,17,24.11,49.64,57.81,Sugarcane
13,16,19,28.1,43.56,59.25,Barley
15,2,14,28.93,57.66,36.39,Tobacco
13,15,13,23.2,45.91,20.31,Oil seeds
35,0,4,28.63,59.57,61.32,Tobacco
12,15,15,28.61,55.85,32.75,Oil seeds
9,0,36,35.08,73.75,41.25,Sugarcane
5,20,20,37.21,74.62,54.03,Maize
8,0,10,33.7,54.88,33.13,Paddy
17,0,40,40,60.17,50.97,Oil seeds
28,1,18,31.68,59.06,58.41,Paddy
20,4,13,28.21,62.05,41.51,Cotton
8,13,12,27.46,49.73,63.09,Oil seeds
25,1,17,26.53,48.55,38.35,Wheat
11,12,15,25.12,52.88,28.43,Pulses
9,6,29,26.99,51.1,58.93,Tobacco
27,0,16,29.21,49.47,38.79,Barley
23,0,20,29.68,55.95,57.79,Cotton
10,0,9,23.57,58.87,21.5,Tobacco
25,2,17,30.91,74.59,49.46,Tobacco
39,0,0,35.72,60.2,69.54,Oil seeds
3,14,16,36.07,59.69,47.38,Paddy
5,12,30,31.07,73.26,40.82,Pulses
22,0,27,32.42,61.41,50.99,Maize
17,1,6,31.6,59.09,53.55,Maize
11,4,27,30.67,66.01,56.75,Paddy
18,0,37,28.88,61.25,55.41,Maize
15,4,40,30.88,44.1,40.76,Paddy
9,11,33,24.05,63.35,53.76,Maize
26,1,19,35.29,66.87,60.63,Wheat
12,4,31,29.9,45.53,38.85,Ground Nuts
10,12,9,28.07,71.21,43.64,Tobacco
10,11,27,26.11,51.45,56.76,Tobacco
15,0,35,32.58,64.48,27.8,Paddy
18,2,41,34.71,60.96,64.7,Pulses
10,0,7,23.98,44.87,26.59,Cotton
32,2,0,27.51,61.71,32.46,Wheat
18,11,8,25.06,57.65,23.39,Maize
12,2,37,34.62,59.62,38.08,Barley
13,10,8,30.36,53.27,34.87,Pulses
38,0,4,31.06,59.13,25.08,Maize
15,0,11,22.27,53.03,30,Sugarcane
7,2,14,29.46,52.15,55.43,Maize
37,0,0,25.64,47.63,28.53,Tobacco
42,0,0,36.95,68.98,59.88,Barley
20,0,23,31.22,51.09,49.75,Wheat
12,0,12,26.85,55.82,64.93,Pulses
10,8,31,31.8,57.45,70,Tobacco
17,3,12,27.57,59.56,44.62,Barley
13,2,33,32.19,46.35,37.41,Pulses
14,13,12,28.21,47.64,32.29,Oil seeds
24,3,25,33.41,68.66,38.82,Wheat
31,0,0,25.47,47.11,37.01,Wheat
34,3,0,28.59,69.18,24.11,Ground Nuts
17,0,14,29.51,49.94,37.36,Wheat
4,13,28,29.77,58.83,57.38,Paddy
8,2,14,29.38,70.63,46.25,Paddy
17,4,37,40,65.67,41.26,Oil seeds
12,1,40,31.42,63.91,37.37,Maize
10,6,27,37.45,68.76,43.94,Maize
26,3,17,35.61,56.91,36.81,Wheat
40,2,2,37.21,61.02,41.51,Millets
9,3,36,39.4,75.91,44.57,Paddy
13,1,37,26.19,63.25,43.84,Tobacco
26,3,21,25.53,66.09,52.38,Barley
37,3,0,31.27,51.8,65.63,Pulses
8,18,20,26.52,47.97,33.66,Barley
25,2,21,24.39,44.49,39.38,Millets
8,6,18,28.15,66.16,50.58,Oil seeds
9,0,10,32.41,55.04,32.15,Oil seeds
24,3,25,28.9,59.58,29.63,Cotton
2,4,30,36.37,63.99,35.94,Sugarcane
11,11,24,24.44,55.77,43.83,Oil seeds
6,4,30,40,77.75,43.9,Tobacco
14,4,10,24.08,63.58,64.23,Barley
42,2,4,32.14,56.56,42.3,Tobacco
19,0,18,32.42,69.43,36.08,Pulses
11,0,31,29.65,62.11,56.95,Sugarcane
11,1,14,26.93,66.16,40.64,Paddy
14,7,16,31.03,57.03,64.22,Pulses
35,2,0,26.8,46.32,34.25,Sugarcane
18,0,20,35.22,68.71,29.33,Millets
9,5,28,37.5,69.33,41.28,Ground Nuts
10,10,31,39.68,68.29,34.23,Paddy
14,10,13,21.56,46.27,50.02,Barley
15,0,41,28.32,59.01,41.83,Ground Nuts
11,0,40,40,70.96,32.81,Wheat
38,1,0,31.8,57.24,24,Maize
15,0,10,22.07,46.52,31.3,Pulses
9,14,10,34.58,67.63,40.3,Ground Nuts
10,3,14,25.86,40.37,58.67,Tobacco
4,9,33,27.26,64.73,20,Wheat
8,4,28,39.23,60.7,42.78,Ground Nuts
6,0,36,39.7,77.68,34.34,Cotton
5,0,18,30.8,59.59,37.12,Paddy
15,0,14,27.29,48.55,37.91,Oil seeds
45,2,0,30.65,53.52,30.5,Wheat
39,0,0,33.21,63.32,33.71,Sugarcane
15,4,40,27.5,62.57,26.79,Cotton
37,1,0,32.83,74.4,30.31,Oil seeds
4,13,20,32.76,55.14,45.93,Oil seeds
13,13,27,27.07,68.95,70,Paddy
14,9,7,20.88,56.47,35.14,Pulses
12,0,42,29.98,56.74,53.98,Sugarcane
45,0,0,26.13,69.56,48.25,Sugarcane
20,0,19,29.07,43.85,43.37,Barley
8,3,11,33.38,53.41,50.46,Oil seeds
15,0,38,39.96,60.73,27.3,Millets
23,0,19,34.76,54.23,27.93,Paddy
23,0,15,33.02,72.76,53.2,Sugarcane
37,4,0,31.06,55.41,33.8,Sugarcane
18,0,42,35.72,71.86,70,Millets
41,0,0,24.16,49.19,63.53,Tobacco
10,2,36,25.98,58.32,32.53,Wheat
11,0,31,35.65,76.12,51.26,Sugarcane
13,0,40,28.08,60.76,31.53,Wheat
15,0,12,30.86,69.7,44.53,Barley
39,0,0,34.94,62.17,41.64,Maize
9,3,10,21.84,57.85,61.44,Millets
7,16,21,33.57,60.51,54.06,Paddy
22,2,18,38.47,62.64,70,Cotton
11,0,11,30.78,50.81,50.14,Millets
39,0,0,30.11,67.55,44.5,Millets
39,0,0,30.35,71.4,59.98,Oil seeds
10,14,16,29.51,69.53,46.92,Ground Nuts
26,0,16,30.77,56.66,41.53,Wheat
19,13,15,20.13,47.52,24.87,Pulses
7,17,15,38.44,55.47,52.25,Maize
17,3,23,29.43,47.7,32.19,Millets
24,4,15,29.12,54.86,42.44,Maize
7,0,36,28.32,57.91,50.54,Maize
25,0,19,37.84,56.94,64.38,Paddy
31,0,0,30.01,49.19,47.72,Millets
7,21,15,30.04,69.57,35.71,Oil seeds
15,11,13,29.99,62.52,49.88,Pulses
15,17,10,26.13,70.36,48.2,Millets
34,2,2,31.54,54.73,67.46,Millets
26,0,17,29.9,68.09,59.57,Maize
22,0,20,28.33,50.65,46.64,Paddy
7,4,34,35.66,75.53,32.79,Cotton
22,0,17,30.67,51.22,42.2,Millets
10,19,15,25.63,54.83,28.66,Wheat
7,0,12,21.2,52.42,32.81,Barley
4,0,10,29.25,61.4,40.97,Pulses
9,12,31,33.1,74.93,42.35,Maize
8,12,35,34.67,59.78,60.8,Oil seeds
33,0,0,38.83,74.56,58.73,Wheat
8,4,13,27.44,46.83,66.17,Ground Nuts
8,9,24,23.99,52.5,37.24,Tobacco
39,4,2,29.28,59.31,63.34,Millets
31,0,0,29.39,46.86,25.84,Pulses
17,1,24,25.76,61.07,36.18,Tobacco
37,0,0,27.34,44.53,56.06,Barley
13,8,29,24.43,56.39,20,Oil seeds
14,17,17,39.71,58.79,49.81,Maize
8,22,16,35.53,77.13,47.67,Oil seeds
10,22,19,23.95,56.98,37.03,Wheat
22,0,24,29.29,58.57,34.06,Ground Nuts
19,0,37,40,51.64,34.96,Sugarcane
13,11,8,37.8,71.38,52.18,Oil seeds
12,7,12,29.63,54.63,30.88,Oil seeds
8,3,9,33.37,66.5,35.42,Pulses
8,7,33,26,53.96,57.52,Cotton
14,0,35,38.59,59.04,34.17,Paddy
20,4,18,23.76,60.46,36.53,Barley
13,0,14,27.92,65.12,62.24,Barley
28,0,13,28.49,66.42,33.78,Cotton
38,2,3,28.48,53.77,70,Ground Nuts
4,0,17,34.53,55.88,61.89,Ground Nuts
45,0,0,34.57,54.87,55,Oil seeds
13,14,16,34.21,52.63,68.72,Millets
11,3,10,36.79,67.93,54.96,Oil seeds
6,4,30,25.4,48.06,45.63,Wheat
21,0,19,28.97,52.75,22.49,Barley
24,2,19,32.71,58.03,46.16,Maize
26,0,20,26.07,49.06,34.31,Ground Nuts
16,3,14,29.55,47.75,32.77,Paddy
38,4,3,33.33,65.8,44.88,Sugarcane
19,0,19,32.16,62.99,54.53,Tobacco
8,0,38,38.67,61.25,25.97,Tobacco
28,0,21,20.82,46.55,35.51,Cotton
9,2,18,23.11,55.69,59.61,Maize
9,0,37,27.53,48.15,30.5,Sugarcane
5,3,5,23.16,45.03,54.29,Paddy
14,17,21,36.48,66.57,54.5,Ground Nuts
42,0,0,31.16,71.91,34.91,Ground Nuts
13,1,17,23.9,52.77,55.7,Oil seeds
16,17,13,36.87,63.49,43.02,Pulses
15,21,14,34.63,66.78,45.11,Maize
11,19,18,26.38,62.82,27.4,Barley
6,8,31,40,61.8,50.44,Millets
6,8,17,28.97,52.94,43.27,Barley
40,0,3,36.54,71.5,43.04,Oil seeds
8,17,14,24.73,56.02,64.26,Barley
9,0,39,33.65,56.09,54.8,Ground Nuts
13,7,28,29.26,45.2,34.99,Millets
16,1,34,36.19,73.76,41.52,Cotton
24,0,32,28.88,69.96,49.96,Millets
15,0,34,30.81,55.65,36.46,Wheat
11,21,15,24.51,59.05,23.15,Cotton
10,2,39,32.61,67.03,58.43,Barley
26,0,15,35.54,65.54,44.63,Barley
8,19,15,34.36,73.45,40.11,Pulses
12,0,40,32.09,72.63,35.16,Ground Nuts
12,0,35,31.53,66.76,34.6,Tobacco
11,3,38,36.42,76.31,27.13,Maize
3,15,17,29.6,55.26,34.14,Tobacco
10,0,10,33,62.92,41.61,Barley
43,4,3,33.61,64.94,49.22,Ground Nuts
37,0,0,25.9,44.58,27.68,Ground Nuts
13,11,10,33.59,64.47,43.47,Millets
14,0,12,22.18,60.13,31.3,Maize
25,4,25,29.59,63.02,50.53,Tobacco
13,17,12,24.52,56.28,56.79,Barley
22,2,17,22.02,60.75,52.93,Barley
13,0,17,22.64,48.24,38.55,Maize
28,0,19,24.78,52.54,31.64,Cotton
3,5,32,30.82,66.76,47.22,Millets
3,8,26,27.02,69.59,26.75,Wheat
16,0,15,36.63,73.67,39.48,Wheat
10,7,30,31.18,48.63,40.61,Ground Nuts
11,1,38,31.36,65.7,21.95,Wheat
35,0,0,26.51,45.42,54.34,Ground Nuts
10,0,40,25.96,60.55,33.07,Tobacco
13,1,36,25.85,60.73,64.54,Tobacco
3,10,35,36.13,74.73,24.29,Wheat
13,2,40,29.64,58.86,34.58,Ground Nuts
13,5,29,30.14,51.19,20.2,Pulses
8,0,15,33.62,72.93,27.1,Maize
8,15,19,24.7,51.98,27.12,Tobacco
15,0,13,26.69,44.45,20.92,Oil seeds
37,1,0,23.44,61.62,33.17,Wheat
11,16,17,40,63.42,58.35,Maize
37,0,0,30.71,63.43,36.57,Millets
42,0,3,34.77,68.46,22.78,Millets
12,0,36,29.82,71.87,24.39,Wheat
42,0,0,34.31,57.72,46.52,Maize
8,3,30,36.71,69.72,41.43,Oil seeds
10,15,15,29.41,59.27,43.92,Wheat
36,2,1,21.78,46.74,29.02,Barley
38,2,0,34.96,55.78,24.64,Maize
25,0,29,34.48,67.12,37.64,Sugarcane
25,0,17,30.39,67.13,49.2,Barley
17,0,36,32.2,69.66,64.67,Ground Nuts
14,11,9,21.28,52.32,20,Tobacco
45,4,4,40,64.56,32.4,Pulses
26,3,13,26.2,51.04,51.58,Oil seeds
10,1,11,26.91,53.87,31.06,Ground Nuts
5,4,38,37.67,66.85,43.22,Oil seeds
21,0,16,33.28,69.6,60.82,Tobacco
27,2,26,29.55,59.06,46.69,Cotton
10,1,13,28.12,66.34,32.71,Millets
28,3,20,36.27,67.64,67.95,Wheat
45,3,4,35.15,72.72,54.71,Sugarcane
16,4,35,29.04,51,20,Sugarcane
45,0,0,34.65,64.75,49.95,Cotton
18,0,21,28.6,45.82,36.28,Oil seeds
45,0,2,35.78,60.37,32.47,Millets
35,2,4,28.04,63.56,31.44,Ground Nuts
12,2,17,29.72,60.95,45.86,Millets
16,0,15,34.7,67.73,39.02,Wheat
11,3,10,32.49,51.43,57.77,Pulses
10,2,29,34.76,52.47,56.36,Tobacco
12,0,38,25.71,56.23,55.63,Paddy
9,7,32,30.14,65.05,25.07,Tobacco
2,9,29,31.4,56.72,59.17,Barley
11,0,17,22.39,55.39,53.07,Barley
15,4,34,29.41,62.79,53.03,Paddy
10,8,15,24.1,40.84,47.94,Pulses
32,0,0,22.58,58.31,38.97,Paddy
15,2,39,36.24,62.61,31.65,Millets
36,2,2,25.37,58.87,29.4,Wheat
13,0,12,29.31,49.02,36.23,Millets
14,3,38,22.46,61.78,36.74,Cotton
22,0,25,30.41,68.43,43.25,Millets
9,4,35,29.37,51.15,57.25,Cotton
38,0,1,30.94,55.52,28.18,Paddy
15,0,42,32.76,64.78,54.27,Maize
11,3,11,25.4,41.92,64.16,Cotton
37,0,0,28.76,53.09,41.85,Cotton
19,0,36,33.07,62.54,30.79,Wheat
39,0,4,32.17,68.71,37.43,Millets
37,0,0,31.51,53.32,48.71,Pulses
37,1,2,29.42,67.16,30.27,Pulses
9,0,15,28.03,64.04,30.17,Maize
42,2,4,32.03,51.88,48.24,Ground Nuts
3,14,25,29.51,64.95,54.1,Millets
19,3,19,25.38,61.15,38.97,Cotton
10,0,36,32.99,56.52,62.76,Wheat
14,0,42,28.57,59.47,45.47,Paddy
7,13,30,27.21,64.76,57.04,Millets
14,0,11,27.63,47.97,28.92,Millets
13,0,43,31.92,68.89,39.95,Sugarcane
5,7,36,26.63,65.47,59.26,Pulses
11,0,34,30.51,70.2,39.78,Oil seeds
18,1,41,31.31,57.34,45,Barley
40,3,2,40,73.81,56.47,Wheat
42,0,0,23.12,63.07,41.38,Wheat
4,14,22,28.88,54.81,33.23,Maize
35,3,3,33.41,62.74,23.04,Wheat
11,3,29,29.17,54.85,46.06,Sugarcane
23,0,17,25.55,68.75,42,Oil seeds
24,0,20,35.71,60.95,42.29,Pulses
22,3,24,33.17,67.66,38.33,Oil seeds
13,3,34,28.11,64.09,65.53,Pulses
25,0,18,35.98,58.7,38.42,Paddy
13,0,11,30.11,63.21,39.22,Barley
39,2,2,26.87,52.98,57.88,Millets
38,4,2,26.54,52.69,42.71,Pulses
40,0,0,30.91,56.85,36.26,Wheat
19,0,25,28.9,62.92,54.55,Ground Nuts
14,0,40,31.5,67.6,46.4,Paddy
13,2,6,33.15,70.41,44.83,Cotton
15,0,11,22.97,45.2,30.14,Wheat
22,4,22,21.36,54.65,26.45,Tobacco
11,4,37,39.07,62.71,59.38,Tobacco
18,1,18,24.98,52.39,50.79,Wheat
18,0,18,23.29,56.74,34.52,Paddy
9,0,8,26.68,44.49,63.42,Barley
11,0,37,29.61,60.38,42.91,Paddy
16,16,18,28.78,59.46,29.35,Oil seeds
18,0,36,34.75,73.8,64.76,Pulses
11,3,40,33.78,63.37,63.85,Oil seeds
9,4,6,25.63,53.63,52.84,Barley
8,2,10,23.36,53.46,54.46,Pulses
9,2,8,33.73,54.32,35.7,Barley
13,2,36,33.98,67.38,24.08,Oil seeds
26,1,26,27.03,56.26,35.68,Oil seeds
12,15,21,32.32,65.32,46.1,Barley
24,1,17,31.14,58.05,62.54,Cotton
30,0,4,24.26,58.02,21.61,Tobacco
17,2,33,26.91,49.5,70,Tobacco
5,21,19,38.06,56.01,39.45,Wheat
31,0,0,26.57,57,70,Oil seeds
42,1,3,28.47,53.91,38.25,Tobacco
18,0,26,29.61,70.69,43.81,Barley
14,4,8,24.06,57.92,53.93,Cotton
12,2,6,27.25,57.13,50.89,Oil seeds
6,13,23,24.51,56.51,46.82,Wheat
16,0,32,33.77,59.19,26.58,Wheat
24,1,14,31.03,50.89,42.16,Cotton
8,8,19,24.9,48.01,55.16,Maize
31,1,0,26.17,55.76,35.47,Oil seeds
18,0,42,32.85,62.84,33.74,Ground Nuts
24,0,22,24.07,66.32,34.51,Maize
19,1,21,25.75,52.9,37.84,Oil seeds
8,9,32,37.62,72.75,64.33,Sugarcane
9,0,11,27.06,60.94,22.59,Millets
37,0,0,27.75,58.01,48.09,Millets
38,1,3,35.15,63.35,48.88,Wheat
20,2,23,28.63,50.27,50.74,Wheat
15,4,37,40,65.06,37.28,Sugarcane
15,0,8,33.17,50.88,48.64,Sugarcane
36,3,0,29.26,70.35,57.68,Tobacco
19,0,19,25.92,52.79,48.84,Oil seeds
19,0,21,26,46.7,35.76,Wheat
10,9,18,30.5,66.53,58.15,Wheat
25,0,19,21.24,55.11,31.97,Oil seeds
18,18,9,25.99,59.49,20,Paddy
16,4,40,32.55,63.72,35.8,Barley
4,11,23,40,67.6,43.19,Cotton
24,0,24,24.29,53.4,46.77,Tobacco
16,2,6,27.72,64.68,48.14,Paddy
3,6,30,38.25,62.67,37.09,Sugarcane
5,3,35,37.6,71.97,34.16,Oil seeds
31,0,0,33.24,70.39,67.47,Wheat
18,3,23,27.26,48.41,29.66,Pulses
32,0,0,31.88,48.43,27.23,Sugarcane
40,3,4,29.58,65.6,37.56,Millets
7,9,15,31.78,74.98,58.44,Maize
15,0,41,30.59,68.8,42.49,Barley
11,0,5,33.21,70.05,32.61,Pulses
10,11,27,29.16,73.34,64.41,Oil seeds
40,4,3,28.38,67.05,48.86,Maize
11,3,41,34.39,61.44,35.91,Tobacco
36,0,0,30.09,67.61,23.23,Paddy
16,0,37,36.76,66.87,45.44,Pulses
15,2,7,33,62.17,58,Millets
12,0,11,27.43,49.52,64.39,Paddy
10,7,31,29.57,65.03,65.81,Paddy
5,10,13,31.48,53.13,56.5,Maize
4,9,26,29.23,48.37,38.04,Paddy
15,0,32,24.38,63.53,45.36,Millets
22,0,19,36.39,62.67,51.48,Tobacco
33,0,0,29.16,59.51,35.27,Pulses
22,0,16,31.91,66.59,25.55,Ground Nuts
39,0,3,34.22,59.9,61.55,Oil seeds
8,0,39,33.79,75.53,36.75,Paddy
36,0,1,28.1,47.62,47.44,Pulses
15,6,12,30.46,56.64,41.97,Cotton
5,11,27,31.38,55.65,27.51,Wheat
15,3,17,32.35,65.72,27.49,Paddy
1,16,15,31.64,57.85,50.17,Wheat
16,9,9,33.83,66.84,61.1,Millets
14,11,13,23.54,56.34,60.76,Millets
6,19,22,31.25,74.07,43.43,Oil seeds
4,0,17,30.06,73.57,53.83,Wheat
6,10,32,31.79,64.7,58.61,Maize
5,0,16,26.85,50.76,39.26,Millets
10,0,32,27.29,65.23,33.7,Millets
18,4,15,25.38,48.03,36.22,Tobacco
6,0,14,28.25,55.18,45.6,Ground Nuts
17,2,43,34.04,57.38,35.71,Oil seeds
10,18,11,27.14,59.37,28.55,Tobacco
12,10,26,28.41,61.6,40.29,Oil seeds
7,0,43,29.49,66.27,41.53,Millets
12,13,19,40,64.45,56.16,Paddy
9,1,11,30.23,54.69,65.94,Millets
46,0,3,27.75,53.82,39.79,Tobacco
5,0,12,33.72,63.4,33.83,Wheat
21,0,17,32.25,56.33,41.25,Cotton
10,9,17,30.92,61.79,43.07,Oil seeds
14,2,36,30.17,62.48,30.31,Ground Nuts
9,5,13,21.82,52.68,30.79,Oil seeds
11,0,36,25.88,63.35,70,Tobacco
13,2,10,27.95,67.23,46.01,Cotton
5,12,32,32.02,57.6,52.26,Millets
38,2,0,31.91,46.77,42.39,Tobacco
24,2,19,25.96,48.42,38.06,Wheat
11,0,36,38.05,77.16,42.34,Paddy
10,4,24,28.92,59.44,57.18,Barley
9,12,15,26.17,51.49,20.6,Sugarcane
41,2,0,25.25,64.81,47.16,Pulses
42,0,3,35.72,63.95,56.88,Barley
26,1,16,33.04,65.19,50.69,Maize
8,0,32,26.49,56.63,42.97,Oil seeds
20,4,17,23.26,52.39,43.65,Tobacco
17,3,10,37.23,70.55,31.71,Cotton
24,3,20,33.24,63.1,37.34,Ground Nuts
25,4,18,28.63,51.26,41.71,Maize
5,8,34,34.46,52.14,68.6,Wheat
24,0,22,27.37,53.95,42.58,Maize
26,0,17,30.81,58.48,41.17,Tobacco
33,4,0,30.94,55.34,55.13,Barley
11,9,34,31.5,66.45,61.75,Paddy
15,2,44,33.73,51.23,29.59,Pulses
9,11,22,25.06,58.7,42.9,Ground Nuts
10,0,37,26.01,59.51,30.26,Paddy
24,0,17,29.68,66.64,52.87,Maize
21,0,15,31.57,67.5,47.83,Millets
21,0,20,35.81,62.93,39.2,Oil seeds
14,0,35,35.73,66.71,33.31,Barley
16,1,39,22.05,60.6,39.49,Barley
13,18,16,33.07,56.67,54.06,Ground Nuts
11,0,9,31.84,59.38,45.32,Tobacco
10,2,39,23.15,45.26,35.54,Pulses
9,0,9,24.58,62.8,66.11,Sugarcane
37,2,0,36.94,59.73,52.98,Paddy
24,0,30,35.54,60.01,48.23,Pulses
25,0,18,32.86,61.27,49.02,Tobacco
6,13,19,28.01,52.18,34.37,Ground Nuts
12,0,43,32.68,54.45,37.7,Tobacco
12,0,9,25.12,53.46,25.03,Tobacco
40,0,0,35.29,58.77,57.56,Oil seeds
8,17,20,31.49,66.15,41.32,Oil seeds
23,0,17,32.47,66.84,39.56,Pulses
18,2,26,23.21,48.43,30.35,Pulses
14,2,7,25.28,67.21,40.42,Millets
7,22,23,32.73,63.31,57.72,Wheat
4,7,18,32.43,67.82,51.52,Tobacco
14,4,41,30.73,71.62,36.35,Wheat
23,0,19,30.75,56.09,51.19,Cotton
12,0,37,37.38,63.08,42.58,Barley
44,0,0,23.56,50.55,43.22,Cotton
13,0,42,34.73,57.31,52.2,Millets
10,7,31,36.1,63.8,38.39,Maize
8,0,36,38.4,70.12,44.15,Paddy
30,1,4,29.8,66.92,55.34,Wheat
6,15,18,35.73,63.26,50.02,Cotton
10,15,18,33.02,55.73,60.55,Maize
17,0,39,29.68,65.45,68.73,Paddy
36,2,2,30.16,47.07,29.44,Ground Nuts
7,4,39,25.93,48.16,64.92,Cotton
7,0,11,34.66,55.05,59.87,Oil seeds
14,2,34,35.52,59.79,33.11,Tobacco
25,0,20,32.83,63.93,34.94,Maize
36,4,4,38.7,76.26,57,Sugarcane
9,0,38,37.05,73.86,31.98,Millets
27,0,17,27.22,49.22,52.2,Cotton
7,8,25,37.44,65.48,63.18,Millets
7,1,42,39,77.37,43.11,Oil seeds
10,20,24,22.98,47.12,45.24,Millets
44,2,4,35.47,65.11,44.62,Oil seeds
13,3,18,40,75.94,27.02,Oil seeds
22,1,25,32.48,57.15,47.72,Oil seeds
21,3,13,27.08,53.24,47.64,Barley
3,9,33,30.4,56.1,55.02,Wheat
24,0,22,35.38,64.71,38.74,Paddy
19,1,21,34.63,64,53.06,Cotton
16,0,38,34.77,61.67,59.77,Barley
35,4,0,34.38,57.6,52.94,Barley
1,14,17,36.78,74.99,46.32,Ground Nuts
6,12,19,31.68,60.87,25.77,Millets
7,0,44,27.74,52.16,28.11,Pulses
41,0,0,29.46,66.27,38.77,Barley
12,0,6,30.7,59.76,39.31,Tobacco
6,4,9,25.62,54.23,41.6,Sugarcane
19,2,26,35.51,62.48,43.95,Oil seeds
14,0,41,36.52,53.74,43.45,Ground Nuts
10,0,33,32.85,50.77,44,Oil seeds
5,6,35,33.54,50.61,56.46,Paddy
8,17,20,37.67,74.24,42.28,Tobacco
6,4,32,31.12,49.68,47.94,Sugarcane
27,4,21,38.34,57.32,38.09,Sugarcane
13,0,38,39.41,69.09,40.35,Cotton
12,0,33,28.84,59.87,28.08,Oil seeds
21,1,20,26.92,46.79,31.62,Millets
10,8,31,32.42,61.47,38.76,Cotton
11,2,12,30.47,54.41,29.6,Wheat
11,8,26,37.6,58.72,21.63,Barley
8,19,16,31.24,72.13,48.81,Wheat
9,0,12,32.33,55.31,47.97,Maize
6,9,18,30.03,64.18,49.35,Millets
21,0,16,32.93,53.71,31,Tobacco
5,4,34,24.52,56.92,52.98,Paddy
9,4,41,40,73.3,27.24,Pulses
14,4,27,27.3,58.11,36.28,Paddy
44,0,0,30.99,59.11,24.93,Paddy
25,0,20,31.32,51.5,37.24,Millets
17,19,16,26.93,60.8,53.51,Pulses
9,0,12,30.43,50.53,39.32,Maize
12,8,17,33.46,55.92,47.57,Ground Nuts
45,4,0,27.6,63.87,38.04,Oil seeds
14,4,14,31.3,62.39,42.41,Tobacco
36,0,0,28.53,50.65,49.69,Millets
11,0,31,35.85,71,37.57,Millets
8,0,40,35.98,70.52,33.59,Ground Nuts
13,15,16,30.51,55.65,37.31,Barley
12,3,30,30.17,60.47,32.13,Maize
10,4,11,33.08,73.39,45.19,Oil seeds
45,2,0,29.3,58.88,50.39,Sugarcane
16,0,23,20.34,48.15,42.35,Millets
4,21,16,26.22,48.44,52.01,Paddy
13,0,42,37.85,71.37,60.91,Barley
27,0,20,33.77,69.64,40.51,Oil seeds
45,1,3,31.36,55.67,41.78,Millets
21,0,24,31.61,72.2,23.07,Pulses
26,0,25,23.07,47.07,38.29,Cotton
8,14,13,34.44,59.55,55.47,Tobacco
12,0,9,24.54,49.35,57.77,Barley
21,0,21,21.33,49.11,41.38,Tobacco
5,8,31,24.18,61.7,52.14,Barley
24,4,24,25.59,52.32,38.18,Pulses
10,3,42,37.61,59.21,38.16,Wheat
6,0,12,33.21,50.19,41.78,Ground Nuts
41,0,0,34.64,70.76,23.74,Millets
38,4,0,25.02,54.12,31.81,Wheat
39,0,0,25.95,54.26,48.46,Barley
11,0,5,25.82,44.19,69.01,Maize
7,4,8,27.03,52.2,44.35,Maize
23,2,16,27.05,43.07,25.9,Millets
38,0,4,29.42,68,27.65,Sugarcane
9,0,40,30.26,62.97,59.02,Sugarcane
5,18,15,26.05,58.44,44.87,Oil seeds
33,0,4,27.85,61.62,28.3,Paddy
36,1,0,23.5,49.68,31.29,Maize
3,5,29,38.04,68.81,65.02,Cotton
1,13,33,30.44,56.07,54.61,Tobacco
32,3,0,30.75,52.39,38.96,Pulses
41,2,3,31.1,60.84,40.17,Pulses
10,2,34,30.17,53.45,51.01,Maize
12,6,34,34.51,58.59,67.96,Tobacco
8,12,31,25.41,57.63,63.48,Paddy
19,11,7,24.85,58.23,20,Sugarcane
34,0,0,23.44,56.26,55.04,Paddy
11,7,32,26.05,60.98,50.96,Barley
9,6,26,31.44,68.47,53.03,Wheat
10,0,33,29.54,60.54,46.5,Cotton
19,0,38,34.16,59.81,60.87,Pulses
37,4,3,30.6,58.23,53.69,Millets
11,0,38,29.93,43.29,48.86,Barley
18,1,34,28.89,66.42,61.74,Wheat
12,12,26,32.61,60.48,27.75,Pulses
15,0,37,35.03,70.21,37.03,Ground Nuts
15,0,38,33.96,75.43,62.88,Wheat
15,0,38,28.75,65.49,48.78,Millets
45,2,2,31.4,66.88,51.44,Pulses
6,3,33,31.45,66.67,69.18,Pulses
40,0,1,22.68,61.46,42.62,Pulses
33,0,0,33.84,60.21,41.86,Cotton
23,1,22,38.28,68.8,45.67,Cotton
21,0,17,28.09,63.83,24.31,Tobacco
8,5,25,35.6,73.58,37.94,Barley
41,4,0,33.49,68.43,31.16,Sugarcane
4,0,14,31.19,58.58,64.38,Wheat
12,0,35,29.51,56.71,43.38,Cotton
30,4,3,25.12,63.88,55.6,Paddy
7,10,32,32.53,58.37,39.02,Maize
6,5,28,36.31,57.23,60.02,Wheat
13,2,28,25.23,55.97,62.08,Millets
15,0,31,27.38,62.54,70,Ground Nuts
26,0,22,29.02,47.24,42.83,Wheat
11,10,36,26.62,62.07,54.61,Cotton
19,0,28,28.1,67.83,28.1,Ground Nuts
7,0,7,25.12,42.78,50.96,Oil seeds
11,1,39,25.41,54.6,67.69,Pulses
15,0,14,27.9,46.88,39.77,Barley
42,1,4,33.78,62.92,50.96,Wheat
12,15,7,21.57,52.34,32.89,Sugarcane
7,10,13,31.18,55.09,52.03,Oil seeds
36,4,4,29.71,52.56,42.93,Cotton
22,0,19,22.59,47.12,34.78,Ground Nuts
9,1,45,25.87,44.22,38.29,Maize
15,2,35,22.4,49.31,34.05,Cotton
10,12,15,27.73,59.28,49.49,Wheat
8,0,13,36.68,60.6,31.3,Oil seeds
15,2,36,22.12,53.06,40.13,Pulses
10,6,29,24.96,51.91,53.37,Millets
19,2,18,30.09,65.32,32.53,Ground Nuts
41,0,0,32.69,53.61,28.97,Ground Nuts
26,0,19,31.35,56.17,45.42,Barley
22,0,23,35.47,68.72,41.38,Ground Nuts
23,0,25,31.98,60.89,49.49,Pulses
15,0,43,40,79.17,31.45,Millets
8,4,7,23.92,57.89,54.22,Pulses
16,15,22,36.24,66.36,48.77,Oil seeds
26,0,16,32.54,71.53,51.69,Tobacco
8,0,5,25.15,57.65,58.66,Sugarcane
45,1,0,22.94,46.81,28.94,Oil seeds
43,0,0,25.82,59.76,35.34,Paddy
24,1,23,32.71,63.88,37.18,Cotton
37,0,1,36.75,66.48,55.62,Tobacco
20,0,19,30.21,58.61,33.56,Tobacco
27,0,15,22.1,58.03,39.29,Pulses
7,11,29,31.31,58.34,38.88,Oil seeds
44,0,1,31.61,64.2,32.23,Tobacco
5,5,34,26.41,63.86,29.03,Wheat
37,0,0,33.8,58.49,50.02,Wheat
5,22,25,31.53,71.99,36.06,Wheat
13,0,42,35.71,55.39,49.56,Sugarcane
11,0,9,24.27,59.31,66.91,Oil seeds
12,0,40,29.37,65.27,42.64,Paddy
35,0,0,28.08,52.1,36.43,Millets
10,20,20,33.79,68.09,43.83,Maize
40,0,2,27.4,42.62,64.2,Ground Nuts
8,4,37,33.99,48.08,50.86,Sugarcane
37,4,0,30.03,69.45,36.59,Cotton
35,0,0,30.72,52.17,46.14,Maize
5,13,18,29.01,55.24,41.94,Ground Nuts
37,0,0,30.07,65.17,41.29,Sugarcane
38,0,0,26.27,55.86,36.93,Ground Nuts
3,17,19,26.09,62.79,22.09,Millets
18,2,14,36.44,73.6,38.38,Wheat
40,0,3,25.12,66.38,22.29,Millets
39,0,1,22.68,57.34,70,Oil seeds
11,11,31,40,75.29,47.3,Wheat
13,1,5,29.31,65.92,49.87,Sugarcane
23,0,20,36.49,59.74,55.86,Millets
15,4,3,23.03,42.54,37.14,Cotton
8,0,5,25.29,58.68,47.03,Maize
18,0,18,33.37,63.15,52.75,Cotton
11,7,28,31.18,49.61,28.76,Wheat
16,1,38,30.5,52.65,63.66,Maize
19,0,18,26.03,65.26,38.25,Barley
9,20,15,23.66,47.39,28.98,Pulses
13,8,31,30.3,54.43,45.38,Oil seeds
9,0,8,21.2,56.27,68.64,Oil seeds
10,3,34,37.49,77.6,36.44,Pulses
38,2,0,36.47,68.69,55.78,Paddy
38,1,1,22.28,40.57,65.74,Maize
25,2,22,27.63,45.29,45.88,Maize
35,0,0,35.3,72.7,49.12,Wheat
38,0,3,35.28,65.1,40.67,Ground Nuts
23,0,29,26.57,60.91,47.87,Oil seeds
21,0,24,30.44,57.3,35.77,Barley
41,2,1,34.9,61.99,31.18,Tobacco
15,3,12,31.02,58.1,37.46,Paddy
5,22,15,25.06,44.32,54.22,Tobacco
41,0,0,30.82,44.16,30.56,Cotton
10,12,16,35.94,66.23,55.11,Cotton
12,0,39,34.02,52.63,26.43,Oil seeds
35,0,0,30.91,62.52,32.61,Sugarcane
14,0,4,34.28,57.44,41.72,Barley
19,1,40,30.51,62.57,26.45,Oil seeds
26,0,23,25.3,57.41,43.63,Oil seeds
12,2,46,32.45,50.4,49.3,Pulses
37,0,1,32.81,60.28,33.66,Ground Nuts
10,13,15,34.39,70.57,50.22,Sugarcane
7,16,18,31.78,67.11,48.68,Tobacco
14,3,32,35.36,60.71,43.64,Maize
1,19,20,38.96,67.63,36.17,Paddy
13,2,8,33.04,52.36,53.11,Oil seeds
37,0,4,23.43,54.88,29.61,Ground Nuts
17,0,27,27.39,58.97,34.28,Oil seeds
10,0,38,29.72,63.99,28.27,Millets
9,0,38,38.9,67.16,64.49,Paddy
18,0,39,32.06,49.68,60.32,Pulses
5,10,31,34.79,58.37,48.33,Oil seeds
39,4,0,36.02,70.21,46.72,Wheat
22,0,18,28.96,45.85,38.46,Pulses
9,11,10,28.35,53.72,56.15,Ground Nuts
39,0,4,33.86,68.65,22.84,Wheat
3,8,33,36.59,67.13,61.03,Wheat
6,10,36,33.72,67.04,60.71,Pulses
11,10,13,28.19,58.68,38.45,Pulses
25,2,25,28.97,47.91,47.29,Millets
34,1,0,34.68,63.25,51.92,Ground Nuts
39,2,3,31.26,53.46,60.24,Maize
24,1,32,31.04,69.96,53.87,Sugarcane
33,3,0,30.17,61.17,53.11,Maize
37,2,3,26.88,52.66,37.94,Cotton
34,0,0,28.91,55.03,35.94,Barley
21,0,25,25.28,42.03,34.12,Tobacco
12,0,35,32.71,55.63,37.14,Oil seeds
2,18,19,34.07,61.51,36.87,Sugarcane
19,0,26,30.74,55.94,48.96,Cotton
5,2,28,26.4,59.16,66.66,Wheat
11,0,10,31.02,66.2,60.1,Maize
8,0,15,31.29,58.97,28.89,Paddy
9,3,16,29.03,53.03,27.5,Pulses
10,3,29,34.84,66.8,31.4,Wheat
37,0,0,23.48,63.5,56.68,Wheat
1,14,11,25.93,61.01,45.93,Barley
21,0,27,34.53,67.09,29.68,Pulses
12,16,16,27.43,58.71,58.37,Paddy
8,14,14,23.96,50.84,54.62,Tobacco
13,10,33,30.03,44.92,39.54,Millets
8,0,10,26.19,59.96,28.29,Barley
15,1,14,25.12,54.93,25.4,Pulses
6,3,8,21.11,49.36,65.09,Oil seeds
11,3,41,40,75.3,35.46,Ground Nuts
16,0,21,24.85,59.37,45.95,Oil seeds
14,2,39,32.99,63.72,50.3,Pulses
7,0,14,23.66,48.48,70,Wheat
36,4,0,35.16,53.95,31.14,Maize
12,7,30,31.52,68.51,29.7,Millets
11,12,30,28.49,50.47,70,Sugarcane
6,12,25,40,64.71,57.07,Pulses
15,0,39,33.54,66.83,39.59,Oil seeds
12,0,8,28.07,61.55,53.65,Millets
11,1,14,27.47,55.26,45.89,Millets
21,0,26,25.52,45.73,48.04,Paddy
41,0,0,31.99,67.57,54.82,Ground Nuts
37,0,2,32.18,59.36,26.84,Ground Nuts
21,0,19,24.2,49.32,38.13,Maize
8,13,17,35.23,57.62,49.82,Paddy
13,10,9,30.41,66.28,57.05,Millets
11,13,7,30.33,66.06,44.53,Maize
14,12,15,34.77,57.87,70,Ground Nuts
19,2,18,36.47,56.72,31.13,Tobacco
11,3,39,29.01,66.48,43.89,Oil seeds
18,0,19,29.95,58.03,46.12,Tobacco
10,3,35,36.26,65.71,67.99,Tobacco
38,0,1,28.37,47.22,31.59,Ground Nuts
24,0,23,33.42,61.58,56.87,Maize
11,0,6,28.42,51.12,27.41,Cotton
24,1,21,30.44,56.94,36.23,Maize
37,0,1,32.65,62.07,47.91,Wheat
15,2,37,40,77.83,40.75,Tobacco
11,14,20,30.96,67.1,48.43,Cotton
10,3,35,38.42,61.78,34.65,Millets
11,13,17,30.14,57.67,49.19,Barley
5,11,27,23.31,62.72,32.33,Paddy
10,0,6,31.77,65.98,47.18,Tobacco
10,0,38,33.42,67.09,45.04,Wheat
18,2,9,28.97,42.16,45.5,Tobacco
19,0,15,25.61,46.7,28.16,Cotton
22,1,15,27.31,50.92,46.77,Cotton
11,0,15,27.74,59.78,39.31,Pulses
38,2,0,36.41,65.44,34.56,Maize
35,0,1,24.11,43.34,38.58,Maize
20,1,19,27.1,57.17,39.17,Maize
8,2,8,25.68,50.02,55.22,Millets
10,14,21,33.95,67.15,51.1,Paddy
9,0,33,27.14,67.86,70,Tobacco
14,10,16,37.39,61.21,53.57,Barley
11,0,18,30.37,48.11,52.79,Pulses
9,3,27,31.81,50.57,52.14,Barley
13,17,16,31.86,65.87,48.75,Sugarcane
7,3,10,24.71,56.84,68.61,Ground Nuts
8,5,17,21.15,56.41,40.51,Millets
2,5,31,33.21,64.6,57.98,Sugarcane
38,1,0,29.8,61.21,33.62,Sugarcane
14,3,41,25.31,65.68,54.26,Pulses
41,2,0,31.94,61.2,41.82,Ground Nuts
7,16,16,30.91,46.55,39.78,Cotton
17,0,6,34.8,68.57,39.03,Pulses
41,3,2,32.06,61.19,38.55,Cotton
12,3,26,29.79,62.18,39.21,Tobacco
6,0,33,34.38,64.34,40.91,Millets
3,18,12,27.18,51.26,37.13,Pulses
37,3,0,25.69,59.34,37.43,Cotton
16,0,41,24.68,55.24,24.69,Millets
9,2,34,26.89,60.79,58.5,Oil seeds
10,19,8,34.2,66.08,42.67,Maize
14,0,43,31.92,55.47,48.31,Cotton
16,0,40,29.82,52.4,40.42,Maize
13,15,13,21.1,46.31,20,Cotton
5,7,29,25.5,62.18,34.93,Oil seeds
11,0,40,40,65.47,42.28,Barley
9,1,15,26.4,44.98,59.52,Tobacco
7,12,25,29.18,66.43,60.41,Cotton
26,2,18,32.91,66.66,40.05,Ground Nuts
8,0,11,24.29,67.06,44.48,Wheat
20,1,20,34.93,61.43,44.65,Sugarcane
36,0,2,23.71,63.86,35.37,Paddy
15,1,43,37.64,61.51,27.73,Maize
31,0,0,27.39,60.39,45.71,Millets
11,3,36,40,79.33,33.3,Millets
31,2,0,22.18,52.62,21.23,Pulses
5,20,18,34.69,53.03,34.57,Millets
43,0,0,33.65,72.61,52.87,Ground Nuts
1,5,27,36.25,61.04,42.94,Pulses
33,0,0,31.48,63.06,31.47,Tobacco
3,3,30,30.64,67.36,57.07,Paddy
16,13,14,31.25,55.15,60.25,Cotton
12,0,34,30.66,55.71,61.87,Tobacco
17,0,22,32.34,55.71,38.14,Paddy
22,4,19,36.52,66.41,59.41,Cotton
43,0,0,31.91,60.93,39.31,Oil seeds
34,4,2,36.7,63.11,43.54,Oil seeds
5,15,21,25.42,65.93,20,Pulses
34,0,0,30.06,47.8,60.33,Barley
37,0,0,28.62,51.19,33.7,Maize
16,0,8,33.45,58.88,44.67,Maize
37,2,0,22.92,43.75,24.45,Oil seeds
13,0,41,39.47,66.89,26.46,Barley
11,12,30,34.2,64.13,36.5,Millets
16,4,5,24.2,46.77,25.96,Oil seeds
11,4,10,29.06,48.7,52.49,Millets
12,4,24,23.29,59.4,40.01,Wheat
17,1,29,34.89,53.59,52.87,Ground Nuts
15,0,37,31.11,61.64,58.52,Sugarcane
21,0,27,33.58,66.11,42.35,Ground Nuts
38,3,2,29.84,55.15,70,Oil seeds
2,15,16,25.63,49.76,37.15,Wheat
40,0,0,25.14,46.89,37.74,Oil seeds
12,3,41,27.14,56.05,30.48,Wheat
17,0,9,35.61,60.02,37.93,Paddy
42,1,1,27.68,56.09,31.09,Pulses
36,0,2,24.25,40.87,70,Ground Nuts
14,11,15,30.86,61.47,38.53,Oil seeds
8,11,28,25.68,57.8,28.43,Cotton
12,13,32,32.28,53.91,52.3,Wheat
5,3,33,27.4,59.45,64.61,Maize
36,1,0,31.83,65.84,45.46,Maize
35,0,3,34.39,71.63,25.99,Tobacco
10,9,14,34.42,71.01,48.66,Sugarcane
18,0,36,34.54,66.58,57.85,Maize
18,0,42,33.08,70.92,63.58,Cotton
11,0,9,29.19,56.47,54.69,Cotton
45,0,0,25.8,66.1,30.14,Wheat
9,0,10,29.81,66.55,42.65,Wheat
33,0,0,26.89,61.88,49.27,Cotton
40,2,1,34.59,64.16,61.6,Ground Nuts
35,1,0,35.73,62.22,25.88,Millets
12,0,42,28.58,68.36,20,Pulses
15,21,22,34.68,75.2,45.71,Tobacco
25,0,27,30.32,52.18,48.73,Cotton
14,4,38,36.01,58.15,49.54,Pulses
5,10,33,29.78,63.87,61.27,Cotton
13,1,7,31.35,48.36,47.04,Tobacco
11,3,36,22.62,60.09,38.4,Sugarcane
5,4,27,34.58,68.3,42.15,Sugarcane
35,1,0,40,72.81,54.19,Wheat
16,0,33,34.53,58.81,26.06,Maize
23,0,24,35.63,64.09,70,Ground Nuts
6,10,17,27.95,55.69,57.99,Tobacco
32,0,1,24.38,56.96,39.27,Barley
22,1,22,30.99,56.13,38.39,Maize
26,0,22,38.39,72.48,62.16,Tobacco
17,1,41,23.6,54.54,23.53,Paddy
43,4,0,40,80,43.34,Barley
6,0,11,25.42,58.84,61.98,Pulses
34,2,0,33.49,54.24,25.15,Pulses
12,1,11,33.92,55.94,43.63,Ground Nuts
24,2,16,26.83,46.99,40.08,Sugarcane
10,7,27,25.6,58.84,34.42,Cotton
39,0,1,29.04,67.21,35.35,Millets
10,19,25,36.08,64.21,51.97,Ground Nuts
8,0,37,32.37,67.42,54.33,Wheat
8,3,35,34.53,50.02,31.27,Oil seeds
7,0,7,30.79,61.55,57.57,Sugarcane
34,0,2,24.35,44.79,34.94,Oil seeds
34,3,3,25.32,47.36,28.39,Tobacco
15,13,15,25.51,59.65,53.61,Sugarcane
19,2,16,27.11,57.8,49.87,Pulses
3,0,10,31.69,56.25,40.99,Barley
13,15,11,33.3,63.72,45.46,Millets
17,0,9,27.44,56.5,34.3,Millets
9,0,41,33.42,59.5,24.78,Cotton
11,6,27,39.42,64.09,20.97,Sugarcane
14,12,7,31.52,61.75,49.9,Maize
11,11,12,29.16,49.45,20.83,Sugarcane
45,3,1,34.99,54.73,45.64,Oil seeds
24,0,26,30.56,66.52,39.1,Cotton
15,4,11,24.33,46.07,28.21,Wheat
10,0,10,27.21,46.35,35.11,Millets
32,0,2,30.96,56.48,38.62,Paddy
39,2,3,25.46,55.52,34.53,Ground Nuts
14,0,4,31.13,57.22,49.42,Barley
9,11,16,25.05,44.34,25.92,Maize
6,2,14,33.05,50.5,39.37,Oil seeds
7,23,21,38.39,61.8,54.73,Paddy
16,2,9,29.46,60.17,40.6,Millets
21,0,20,23.78,50.2,41.1,Wheat
22,0,28,34.85,58.96,40.06,Oil seeds
15,0,5,34.81,60.62,53.89,Barley
7,21,16,29.41,46.25,48.06,Cotton
13,3,38,34.5,66.51,62.55,Cotton
26,1,20,30.78,58.39,37.15,Ground Nuts
15,0,43,35.65,68.27,36.65,Cotton
10,0,37,29,66.29,61.94,Maize
18,1,17,23.69,44.73,48.52,Pulses
12,4,33,29.39,57.26,57.53,Sugarcane
16,1,7,27,52.82,49.08,Paddy
37,2,2,26.6,45.91,28.97,Pulses
24,0,25,31.57,53.08,43.02,Sugarcane
11,2,34,30.48,67.9,25.48,Sugarcane
11,4,7,27.39,50.86,56.33,Ground Nuts
10,7,33,31.26,68.13,23.88,Cotton
38,3,2,30.52,70.57,59.93,Sugarcane
37,0,0,30.17,67.92,56.37,Paddy
3,13,18,30.79,52.36,42.22,Sugarcane
8,3,37,33.68,51.62,48.57,Oil seeds
5,10,26,30.1,62.4,52.64,Maize
8,11,31,38.72,58.9,38.91,Barley
13,0,39,37.78,62.74,38.56,Tobacco
42,0,1,35.93,77.82,40.02,Sugarcane
11,0,45,36.65,73.12,32.65,Millets
28,0,16,31.53,62.71,63.53,Ground Nuts
14,0,41,25.47,51.22,21.2,Barley
25,2,15,21.26,57.97,22.22,Maize
36,4,0,30.89,61.12,43.19,Pulses
38,2,0,28.96,46.48,40.37,Cotton
20,0,23,31.51,55.1,30.6,Tobacco
36,0,1,37.18,67.2,44.25,Ground Nuts
3,2,29,33.11,72.21,25.55,Cotton
10,7,29,32.28,51.98,66.27,Barley
5,13,21,34.19,57.37,20,Wheat
8,3,31,35.41,63.84,41.24,Paddy
12,0,41,24.11,45.89,33.2,Pulses
11,0,39,30.14,55.8,53.62,Millets
9,0,10,26.12,54.01,24.44,Tobacco
7,3,33,31.19,49.02,53.05,Oil seeds
16,0,34,32.4,60.04,70,Maize
9,5,24,31.7,56.56,58.11,Barley
25,1,20,34.39,56,39.22,Cotton
22,1,23,25.77,48.22,37.18,Pulses
25,0,19,28.91,54,43.35,Paddy
39,0,4,27.59,46.47,42.99,Millets
7,0,39,38.75,59.06,26.59,Pulses
36,4,0,22.57,45.63,25.22,Pulses
36,0,3,31.88,55.48,48.99,Sugarcane
16,4,40,22.37,54.2,28.21,Pulses
10,12,13,35.64,58.25,43.11,Barley
11,0,17,37.92,63.52,57.65,Barley
28,4,25,34.96,62.17,32.1,Barley
6,4,29,35.87,67.72,56.45,Pulses
14,2,29,30.72,58.49,48.86,Millets
7,1,14,27.1,54.31,64.72,Ground Nuts
13,0,34,31.63,59.3,36.89,Pulses
9,10,32,31.94,49.09,33.57,Sugarcane
22,0,24,36.29,66.45,28.19,Tobacco
5,6,31,25.13,65.26,63.03,Millets
9,0,11,33.23,54.63,32.08,Maize
12,4,38,30.1,76.55,35.94,Maize
13,3,13,33.57,71.2,44.05,Barley
21,0,25,25.63,62.5,43.69,Sugarcane
9,6,26,37.36,57.89,32.72,Millets
14,0,31,36.23,62.8,42.68,Maize
13,0,42,33.26,56.71,62.07,Paddy
11,0,16,26.65,60.53,40.45,Barley
10,2,37,27.97,63.97,29.3,Oil seeds
1,19,19,36.16,66.29,49.05,Barley
15,0,44,32.12,77.29,69.64,Tobacco
7,0,11,28.77,55.31,61.58,Tobacco
26,0,14,36.4,55.65,42.68,Wheat
13,0,10,31.39,55.54,33.3,Wheat
35,3,4,29.26,52.37,64.7,Wheat
36,2,0,31.07,66.31,35.37,Tobacco
10,4,32,31.2,67.76,37.33,Barley
1,20,19,20.79,49.45,31.93,Oil seeds
10,0,36,35.08,64.76,34.93,Paddy
10,3,37,31.09,53.5,30.38,Oil seeds
22,0,28,36.48,63.8,37.03,Paddy
11,7,31,27.47,63.37,35.75,Paddy
16,0,14,29.7,47.21,42.8,Millets
41,0,0,34.31,64.07,56.1,Ground Nuts
14,15,18,35.48,77.07,59.6,Millets
5,19,19,35.01,60.31,41.09,Cotton
11,13,19,26.86,64.6,67.51,Pulses
41,0,0,37.76,69.09,42.99,Tobacco
6,6,28,30.43,52.13,20,Paddy
2,7,27,36.99,61.66,67.74,Sugarcane
21,3,25,32.06,71.03,52.21,Wheat
13,11,27,25.99,48.98,52.04,Ground Nuts
18,4,40,36.61,59.51,61.5,Maize
15,3,44,32.43,61.18,35.98,Oil seeds
6,14,12,32.76,64.72,70,Cotton
15,2,38,27.35,57.23,20,Paddy
9,8,12,27.35,70.98,53.73,Pulses
15,1,13,32.86,69.27,40.03,Cotton
42,0,1,39.57,71.95,48.79,Sugarcane
8,11,27,31.94,67.97,36.56,Cotton
1,17,16,36.37,55.52,51.42,Ground Nuts
41,0,0,29.41,64.67,26.84,Ground Nuts
40,2,0,23.65,51.65,42.94,Tobacco
5,9,31,27.69,66.82,69.38,Millets
12,12,33,27.83,53.18,51.26,Maize
5,2,11,34.25,59.46,35.3,Cotton
4,0,6,29.01,58.63,70,Tobacco
15,1,35,28.44,61.71,20,Oil seeds
26,0,19,35.82,70.09,65.76,Cotton
35,0,0,23.74,59.52,37.9,Millets
37,0,3,26.4,61.18,44.59,Cotton
34,1,4,30.59,51.1,29.61,Tobacco
33,0,0,24.26,47.47,41.47,Barley
15,0,35,37.07,65.57,29.2,Millets
43,2,0,31.17,47.4,35.26,Barley
11,4,5,26.04,57.17,58.73,Maize
5,3,30,32.02,49.9,34.01,Barley
8,3,9,37.64,71,34.45,Paddy
10,4,37,40,51.91,51.48,Pulses
9,9,29,40,64.82,34.91,Millets
7,0,37,34.52,54.84,20.39,Millets
5,0,13,24.19,52.78,62.25,Paddy
45,0,0,28.3,44.16,37.12,Millets
40,0,0,28.56,50.73,40.11,Ground Nuts
33,0,0,25.84,48.25,28.97,Maize
16,2,35,32.82,72.68,67.27,Cotton
15,9,11,29.11,41.5,57.5,Tobacco
11,5,31,40,79.27,54.52,Oil seeds
20,4,17,32.51,74.08,30.77,Wheat
7,11,18,34.34,64.59,64.54,Maize
8,4,25,31.72,46.57,33.12,Maize
41,0,0,26.61,46.44,31.61,Tobacco
37,0,0,34.99,61.26,46.53,Oil seeds
34,0,0,28.46,47.43,43.66,Maize
9,0,9,29.07,61.08,27.49,Pulses
8,4,10,31.91,56.92,56.68,Wheat
9,1,33,27.05,67.65,49.4,Pulses
40,1,3,27.35,60.19,38.46,Paddy
35,3,0,30.24,57.27,33.81,Cotton
11,1,10,27.47,50.13,43.95,Maize
17,0,24,29.17,56.11,33.33,Sugarcane
9,2,6,28.47,43.34,70,Ground Nuts
15,20,12,26.53,54.66,31.33,Wheat
13,4,36,25.42,59.82,44.93,Barley
20,0,18,33.41,51.2,45.61,Maize
4,4,29,30.22,54.1,24.22,Cotton
41,3,2,24.58,46.1,28.15,Paddy
12,3,9,24.28,65.84,55.13,Ground Nuts
36,1,0,37.55,64.6,43.06,Millets
18,4,41,24.94,59.33,39.15,Barley
25,0,15,31.22,71.21,39.47,Pulses
11,0,17,29.92,70.82,61.95,Pulses
14,2,40,29.22,57.62,50.47,Oil seeds
43,2,0,29.23,69.81,40.31,Oil seeds
8,1,11,23.9,45.41,23.75,Oil seeds
11,0,11,21.36,44.67,49.8,Oil seeds
11,9,32,25.73,50.6,20,Pulses
5,12,29,24.48,49.05,33.85,Tobacco
13,17,9,36.65,55.69,61.93,Ground Nuts
25,0,28,35.8,52.09,38.81,Tobacco
23,4,17,30.7,65.78,39.17,Barley
9,12,33,26.47,52.63,37.92,Pulses
17,3,9,28.61,63.87,29.29,Cotton
19,2,40,33.19,51.22,31.92,Tobacco
8,14,14,34.34,59.1,53.66,Pulses
13,11,10,31.92,64.08,56.9,Barley
13,5,24,24.19,48.21,44.34,Paddy
9,12,28,32.55,64.38,28.02,Oil seeds
17,0,38,30.08,65.89,54.29,Sugarcane
19,2,14,31.67,50.73,39.1,Wheat
14,2,34,30.61,57.26,56.71,Oil seeds
40,0,2,29.32,47.61,44.18,Wheat
34,0,2,40,77.37,53.95,Sugarcane
8,0,32,33.43,54.28,50.93,Ground Nuts
9,4,31,33.69,65.59,44.33,Sugarcane
6,0,10,22.93,58.97,53.96,Sugarcane
44,4,0,22.07,43.99,24.58,Sugarcane
9,17,17,30.94,49.05,21.4,Paddy
10,0,8,22.15,48.66,61,Oil seeds
14,3,33,35.01,61.43,53.19,Wheat
8,12,33,27.47,49.35,52.45,Wheat
35,3,0,30.34,71.91,39.7,Oil seeds
10,0,42,26.1,47.87,27.14,Wheat
6,23,18,37.5,61.09,54.31,Wheat
19,1,18,31.12,67.16,45.77,Barley
13,1,31,38.12,68.6,34.16,Oil seeds
4,11,25,33.08,69.06,68.37,Oil seeds
35,0,3,37.86,56.43,47.62,Tobacco
4,10,37,32.29,49.94,49.05,Cotton
17,4,40,29.64,66.03,65.05,Tobacco
11,1,31,31.15,52.04,47.36,Paddy
16,0,10,32.31,64.95,55.13,Cotton
20,0,20,31.39,65.28,55.06,Sugarcane
16,1,43,31.23,47.26,33.63,Wheat
37,0,0,33.15,56.83,29.47,Millets
22,3,19,28.74,45.6,40.97,Maize
10,9,31,36.5,63.95,29.3,Sugarcane
13,1,40,31.25,65.16,61.75,Barley
15,9,12,31.34,65.3,45.94,Cotton
17,0,14,39.17,60.87,33.65,Sugarcane
20,0,17,22.03,55.73,44.87,Wheat
11,0,11,29.57,61.19,62.88,Paddy
41,3,1,37.28,59.54,42.77,Oil seeds
35,0,0,30.44,73.8,29.62,Maize
16,0,9,28.69,53,41.72,Pulses
7,10,17,27.38,58.03,33.27,Barley
8,9,13,32.77,69.64,45.76,Wheat
7,10,28,36.41,64.96,59.81,Sugarcane
19,1,28,33.79,66.5,37.64,Wheat
17,0,31,30.15,60.11,44.88,Maize
18,4,21,35.75,72.31,48.51,Sugarcane
41,0,3,32.08,58.58,35.11,Millets
15,12,16,26.02,63.08,29.67,Oil seeds
37,2,0,29.95,45.82,45.65,Ground Nuts
21,0,19,29.26,50.69,34.13,Ground Nuts
5,16,17,28.69,51.59,39.81,Barley
13,3,6,24.47,41.96,66.66,Ground Nuts
13,15,9,37.73,63.94,57.35,Oil seeds
43,0,0,32.67,56.69,27.33,Cotton
13,13,20,27.86,60.04,35.19,Ground Nuts
39,0,2,29.87,53.12,36.23,Barley
27,0,17,33.95,67.07,62.06,Tobacco
21,0,19,22.85,48.3,34.63,Tobacco
5,0,8,28.65,55.95,65.2,Wheat
17,18,18,29.16,60.54,23.72,Maize
7,8,30,40,67.52,54.89,Sugarcane
3,12,29,25.43,65.1,28.58,Wheat
13,0,36,31.04,55.09,20,Cotton
9,11,26,39.18,63.25,53.62,Wheat
24,0,19,27.84,60.23,45.59,Paddy
5,6,31,27.65,53.31,61.72,Millets
14,4,39,40,66.91,30.02,Millets
7,0,46,26.64,56.92,41.8,Oil seeds
42,0,2,33.92,70.15,30.72,Oil seeds
39,0,0,30.11,59.1,51.32,Maize
10,13,19,27.9,64.75,32.03,Pulses
12,0,15,25.22,53.73,30.89,Sugarcane
3,14,15,29.14,53.05,39.37,Millets
38,3,0,32.25,57.98,33.41,Barley
15,0,37,25.26,57.8,26.57,Sugarcane
21,0,23,30.43,47.52,45.72,Oil seeds
41,4,0,27.7,45.51,25.68,Oil seeds
15,3,8,22.92,45.66,20.23,Maize
16,0,34,35.68,58.08,28.71,Paddy
18,4,17,22.5,42.27,32.46,Maize
13,0,18,28.63,54.93,54.17,Oil seeds
10,0,33,33.93,53.66,42.21,Tobacco
10,3,31,31.52,60.7,46.13,Millets
43,0,0,27.84,69.92,32.53,Paddy
13,0,40,30.09,63.88,29.57,Barley
41,0,4,30.66,73.88,52.09,Barley
42,0,0,30.75,60.98,45.39,Pulses
12,3,25,24.83,53.1,42.24,Maize
3,19,14,29.26,43.57,38.57,Wheat
10,3,13,33.46,60.05,38.08,Maize
16,0,41,37.04,64.29,36.18,Barley
10,7,26,38.74,57.13,29.33,Maize
12,0,44,30.89,51.81,22.19,Millets
14,0,41,32.42,64.25,35.46,Wheat
19,4,20,24.94,59.04,40.73,Paddy
13,4,37,24.57,56.6,34.73,Pulses
2,10,32,34.8,58.49,45.25,Oil seeds
7,0,37,25.54,65.98,69.67,Sugarcane
11,0,42,33.34,55.85,23.34,Sugarcane
40,0,4,29.55,56.78,47.37,Wheat
21,3,16,27.34,51.79,44.97,Tobacco
17,0,34,27.57,60.98,50.89,Tobacco
16,2,16,35.14,67.73,25.02,Pulses
26,0,20,33.45,62.3,57.89,Oil seeds
38,0,1,34.73,60.41,49.08,Millets
4,0,15,34.28,68.72,56.54,Tobacco
10,3,28,30.2,54.14,39.71,Maize
39,0,0,38.61,75.37,60.29,Millets
2,9,32,32.47,65.43,40.33,Sugarcane
42,0,0,31.28,72.17,31.32,Pulses
3,20,21,36.14,63.2,37.97,Sugarcane
21,0,23,27.09,52.83,49.64,Barley
26,0,15,28.62,51.24,41.5,Paddy
18,0,28,29.46,59.83,48.05,Millets
37,0,2,35.21,61.64,45.77,Maize
26,3,21,35.02,64.12,70,Millets
13,6,24,33.34,59.29,44.65,Oil seeds
13,15,15,33.5,58.47,55.58,Oil seeds
9,2,38,25.03,57.3,62.78,Paddy
24,3,23,32.43,70.44,32.33,Tobacco
20,0,14,29.68,59.53,42.04,Maize
36,4,0,30.83,69.5,31.71,Oil seeds
36,3,0,29.84,46.49,36.19,Barley
38,4,0,31.89,47.95,33.53,Paddy
25,4,22,30.41,53.73,52.34,Millets
31,0,1,29.82,58.39,34.31,Oil seeds
13,0,11,29.69,68.57,47.16,Wheat
11,0,34,31.03,67.49,41.49,Oil seeds
17,0,25,30.98,62.94,45.32,Pulses
40,3,0,23.66,48.21,29.87,Tobacco
22,1,17,25.86,56.56,25.32,Oil seeds
12,8,34,24.37,52.52,35.28,Maize
16,0,41,35.64,78.63,32.96,Ground Nuts
21,0,18,34.27,53.73,40.07,Millets
10,0,11,28.27,53.31,44.56,Maize
15,0,37,36.59,60.09,43.56,Sugarcane
9,4,36,21.74,43.12,38.4,Oil seeds
6,14,9,26.44,66.54,46.85,Tobacco
8,0,18,28.84,67.18,30.09,Maize
12,0,40,36,66.76,66.18,Tobacco
37,0,1,35.56,58.03,40.89,Paddy
15,0,14,35.35,55.95,45.52,Paddy
20,0,19,26.74,52.72,36.02,Wheat
9,0,37,37.23,75.19,30.93,Ground Nuts
5,6,30,28.35,64.21,60.8,Tobacco
17,0,21,21.54,44.06,29.56,Maize
10,0,13,33.42,58.66,41.67,Tobacco
13,1,34,32.22,54.87,69.52,Cotton
36,0,3,32.39,62.04,43.21,Paddy
33,0,0,27.02,45.11,48.36,Tobacco
7,0,3,24.06,61.27,35.5,Barley
13,14,8,21.63,46.14,40.71,Cotton
8,5,28,23.77,56.55,20,Barley
36,2,0,21.54,46.95,31.7,Paddy
41,4,0,23.2,50.07,39.24,Maize
9,13,26,36.02,60.38,61.57,Pulses
19,0,23,34.17,61.19,52.4,Oil seeds
39,0,0,22.6,55.01,40.3,Cotton
26,2,16,27.44,57.01,28.59,Wheat
4,11,20,25.8,48.06,42.13,Cotton
11,3,39,39.49,59.18,34.57,Cotton
13,11,18,26.64,53.53,43.92,Oil seeds
13,0,17,32.09,75.71,34.53,Barley
39,1,0,25.79,48.09,58.09,Pulses
24,4,15,24.8,52.55,31.96,Barley
14,4,36,33.69,70.29,30.14,Pulses
11,0,38,29.34,50.88,56.44,Cotton
11,3,40,37.46,66.33,49.74,Pulses
30,0,2,33,70.78,53.38,Maize
8,3,35,25.32,60.92,27.45,Cotton
11,0,39,30.49,62.68,54.33,Sugarcane
6,0,34,30.32,74.54,28.58,Pulses
12,0,6,32,69.46,51.38,Cotton
12,0,36,30.09,50.47,63.24,Barley
7,14,14,32.55,61.3,70,Tobacco
25,0,22,29.27,44.77,37.58,Maize
16,0,36,28.93,67.15,49.11,Pulses
13,0,33,27.16,59.89,53.85,Millets
34,4,4,33.73,70.72,33.03,Maize
15,0,41,39.43,54.27,49.34,Maize
6,8,14,26.07,69.48,54.33,Oil seeds
17,0,25,32.35,60.72,43.59,Millets
10,5,32,34.2,76.61,35.31,Sugarcane
37,2,0,34.55,55.64,37.76,Barley
25,0,22,20.22,58.88,39.39,Sugarcane
40,3,1,33.17,52.85,22.87,Cotton
38,0,0,37.79,67,32.71,Paddy
13,3,34,27.98,60.54,46.23,Maize
10,14,21,27.24,51.2,39.43,Millets
34,0,0,34.9,57.7,66.08,Wheat
7,0,10,31.77,61.86,29.83,Millets
21,0,26,27.38,63.54,38.63,Ground Nuts
34,0,0,30.85,61.14,54.1,Sugarcane
12,13,31,34.43,53.83,67.15,Maize
14,6,27,32.02,55.71,67.83,Maize
41,0,3,30.87,48.15,28.62,Oil seeds
15,19,14,30.34,65.67,31.36,Barley
7,10,25,39.88,61.95,47.99,Ground Nuts
7,18,17,25.91,49.54,54.66,Oil seeds
8,17,19,26.43,46.63,42.08,Maize
16,2,40,30.48,65.53,69.54,Oil seeds
35,0,0,36.97,55.81,41.5,Ground Nuts
7,3,39,27.63,60.94,44.64,Paddy
3,16,11,24.24,45.83,31.62,Paddy
38,0,4,36.09,59.96,40.07,Wheat
26,0,19,29.1,73.96,55.31,Oil seeds
8,18,21,31.11,59.97,37.7,Tobacco
9,17,15,22.24,53.86,57.32,Ground Nuts
20,0,23,27.82,55.13,42.05,Tobacco
7,0,42,39.12,70.65,46.22,Maize
27,0,17,25.31,51.79,51.38,Tobacco
39,0,1,31.03,60.24,49.2,Sugarcane
11,0,10,34.83,50.31,46.32,Millets
8,0,43,37.71,79.73,38.27,Paddy
16,18,13,24.45,67.55,32.45,Ground Nuts
11,0,37,37.69,72,68.84,Oil seeds
39,0,0,29.54,53.63,58.72,Paddy
35,0,3,29.25,48.93,39.46,Paddy
11,10,9,26.75,59.07,20,Barley
13,2,40,22.76,48.63,20.61,Sugarcane
14,8,19,24.26,46.73,63.59,Millets
12,7,32,31.35,50.33,31.43,Tobacco
8,12,27,35.06,63.37,43.28,Cotton
34,0,0,35.85,66.05,54.54,Paddy
42,4,0,35.75,63.33,35.33,Oil seeds
22,0,16,24.06,50.18,49.03,Millets
19,0,27,35.64,52.08,40.4,Wheat
27,1,23,30.3,48.94,35.02,Ground Nuts
21,0,20,30.14,73.6,67.33,Tobacco
10,8,26,33.84,63.74,29.44,Cotton
11,0,44,31.5,63.37,26.54,Wheat
5,11,28,31.37,66,54.39,Millets
38,0,0,24.09,56.99,25.25,Sugarcane
5,6,35,28.75,58.24,64.26,Cotton
8,14,23,29.46,54.26,34.31,Paddy
21,1,15,32.22,54.1,33.62,Ground Nuts
10,22,12,29.28,59.35,30.16,Cotton
9,0,38,25.75,50.81,43.31,Barley
43,0,0,29.84,52.93,40.42,Oil seeds
11,0,15,31.58,72.67,27.01,Maize
26,0,27,35.52,53.01,36.3,Sugarcane
10,14,31,24.01,50.76,23.95,Sugarcane
12,0,35,28.52,53.93,37.44,Oil seeds
6,11,35,27.56,69.63,55.59,Barley
13,7,19,34.13,60.59,68.17,Tobacco
11,12,28,35.28,59.92,52.55,Oil seeds
5,4,33,34.8,59.38,24.81,Paddy
35,3,0,39.55,79.33,53.87,Tobacco
21,0,22,27.27,70.2,48,Sugarcane
11,0,18,40,60.57,39.92,Pulses
13,4,39,35,71.76,41.14,Tobacco
41,4,0,32.67,72.64,62.88,Millets
14,0,16,30.88,57.26,21.02,Cotton
7,22,21,35.06,71.81,44.59,Paddy
37,0,3,27.2,53.22,65.54,Millets
11,14,16,31.64,57.41,46.37,Oil seeds
3,13,11,23.83,54.44,52.12,Cotton
6,12,33,34.53,50.56,59.52,Millets
37,4,0,32.26,46.78,65.84,Oil seeds
9,0,36,33.72,54.76,55.49,Millets
37,0,0,31.51,61.78,30,Cotton
11,4,36,39.52,68.5,46.86,Maize
25,0,18,29.04,69.4,35.7,Paddy
12,0,40,29.36,57.52,28.75,Barley
9,15,10,31.55,55.2,56.98,Millets
11,0,6,30.73,58.57,39.43,Paddy
24,0,17,21.81,44.3,53.45,Maize
14,4,44,28.73,53.76,21.09,Paddy
9,3,35,30.44,50.27,63.48,Oil seeds
19,0,17,26.71,61.14,45.55,Ground Nuts
4,5,29,33.67,60.82,20.16,Cotton
17,2,14,30.18,58.08,31.69,Tobacco
8,3,39,30.96,71.75,32,Ground Nuts
9,18,11,27.86,65.21,33.52,Wheat
40,3,1,23.48,62.95,44.68,Wheat
9,9,25,25.76,59.69,42.9,Paddy
43,0,4,34.01,66.76,38.99,Wheat
41,2,1,28.1,63.12,59.22,Wheat
17,4,19,36.54,59.79,31.06,Maize
11,3,6,36.4,64.47,41.6,Pulses
36,0,0,29.53,62.5,21.78,Cotton
8,3,9,26.54,60.09,68.52,Wheat
0,12,30,34.58,71.62,47.49,Barley
14,0,34,31.48,62.41,24.55,Sugarcane
10,22,18,34.25,73.85,41.28,Barley
22,1,21,25.08,62.43,46.48,Oil seeds
38,2,0,28.44,55.65,65.23,Pulses
33,0,1,25.89,50.14,30.58,Cotton
7,3,37,32.12,77.32,23.3,Millets
1,6,29,34.41,61.06,44.38,Barley
8,6,27,34.19,62.08,20,Paddy
6,0,12,38.22,57.94,50.07,Paddy
12,0,42,27.87,55.62,31.24,Ground Nuts
3,12,17,27.56,65.73,22.89,Tobacco
16,0,30,28.02,48.4,57.89,Maize
17,0,32,24.06,59.62,70,Sugarcane
8,3,33,23.7,61.92,38.39,Maize
5,15,12,26.86,65.22,55.92,Millets
17,0,20,33.41,52.42,48.93,Tobacco
42,3,0,24.1,54.53,37.08,Paddy
10,0,38,30.76,52.1,45.25,Ground Nuts
14,0,38,33.33,67.32,54.05,Maize
9,0,31,32.57,60.04,49.72,Ground Nuts
15,21,16,33.14,49.74,33.96,Ground Nuts
19,0,24,36.86,63.61,26.57,Oil seeds
19,0,20,31.44,53.24,45.64,Oil seeds
39,4,4,24.61,49.42,45.94,Millets
44,1,0,31.16,52.39,22.68,Maize
6,11,25,31.73,64.39,55.77,Oil seeds
34,3,4,27.73,55.39,44.28,Tobacco
27,0,21,29.91,67.67,41.74,Wheat
44,0,2,28.48,69.72,42.47,Millets
4,7,28,26.37,52.84,20,Wheat
38,0,0,37.29,68.48,37.23,Cotton
27,1,15,27.28,49.29,53.75,Ground Nuts
9,13,29,28.54,52.41,56.61,Maize
22,2,21,35.52,58.55,37.93,Oil seeds
12,2,39,34.31,59.99,45.08,Cotton
12,0,12,22.21,52.71,52.42,Sugarcane
5,0,11,32.06,70.94,66.54,Tobacco
15,0,39,39.45,61.53,28.76,Sugarcane
6,18,21,28.44,52.58,36.69,Barley
18,0,21,24.39,61.39,39.84,Barley
35,0,0,27.7,55.99,39.51,Wheat
18,0,17,27.84,67.18,46.95,Cotton
17,0,23,24.56,58.5,32.41,Oil seeds
18,0,18,32.07,67.78,33.63,Wheat
10,8,26,31.04,52.32,62.57,Sugarcane
7,0,18,24.82,49.2,36.28,Paddy
38,4,0,29.17,47.64,58.77,Oil seeds
24,3,27,22.49,53.29,40.75,Ground Nuts
7,9,16,30.17,51.2,34.47,Ground Nuts
10,0,44,29.86,52.39,28.29,Sugarcane
0,21,19,26.36,64.53,20,Sugarcane
9,13,18,29.94,57.63,50.05,Pulses
9,11,14,24.42,60.92,38.85,Tobacco
7,2,39,35.93,62.74,49.08,Ground Nuts
39,3,0,28.33,55.61,32.04,Cotton
26,0,25,32.95,64.98,33.74,Maize
8,0,39,25.86,69.87,40.56,Barley
19,3,21,32.74,52.59,32.29,Pulses
10,10,32,27.17,60.75,56.14,Ground Nuts
31,4,0,24.86,49.39,31.93,Paddy
44,0,0,40,74.58,50.59,Oil seeds
18,2,33,26.12,62.49,63.64,Barley
12,0,39,29,56.76,20,Cotton
24,0,19,32.73,57.84,40.73,Oil seeds
14,0,40,29.99,62.67,29.97,Millets
23,0,19,26.67,56.31,37.51,Maize
9,0,32,33.3,67.48,42.24,Barley
11,0,42,35.44,66.64,32.53,Paddy
10,3,40,33.13,57.08,25.06,Oil seeds
15,0,36,35.11,62.94,34.46,Pulses
13,0,14,29.01,61.71,48.57,Paddy
34,0,0,38.94,75.61,49.89,Maize
9,0,7,30.55,51.34,42.6,Sugarcane
18,1,15,28.16,58.55,25.26,Barley
4,4,29,40,64.09,46.49,Tobacco
12,4,5,29.35,62.25,39.85,Ground Nuts
9,15,16,26.48,62.9,33.45,Oil seeds
11,1,9,27.66,47.56,41.75,Ground Nuts
21,0,18,35.72,68.72,25.91,Wheat
36,0,3,28.79,48.06,37.93,Wheat
43,3,1,34.17,58.77,44.38,Sugarcane
23,4,15,26.8,44.21,38.52,Ground Nuts
33,0,1,28.95,59.12,26.9,Wheat
38,1,0,32.83,68.78,37.84,Wheat
35,0,4,25.25,45.43,65.6,Cotton
28,4,22,30.33,62.51,68.4,Tobacco
39,1,4,32.02,63.85,28.71,Maize
35,0,3,31.17,55.69,40.48,Wheat
10,16,18,28.93,70.5,64.49,Maize
25,4,19,30.87,63.26,31.49,Cotton
38,0,0,25.69,62.47,65.56,Paddy
7,4,9,28.09,62.05,41.9,Wheat
14,4,18,32.56,65.99,36.24,Ground Nuts
11,7,32,30.46,54.2,26.28,Cotton
17,0,23,35.65,66.09,33.49,Oil seeds
19,1,25,29.94,55.21,52.74,Barley
15,14,10,21.71,49.72,30.07,Paddy
8,10,17,26.09,61.38,37.05,Tobacco
38,0,3,31.74,68.91,47.96,Millets
14,0,34,38.84,61.78,60.96,Maize
18,0,17,30.25,53.77,39.07,Cotton
9,2,36,32.22,67.1,64.91,Ground Nuts
16,0,39,26.13,55.16,61.36,Pulses
12,2,43,37.33,62.07,24.59,Wheat
14,0,14,31.94,43.31,56.99,Cotton
36,0,0,28.23,54.78,46.69,Pulses
11,0,35,30.54,45.68,27.66,Pulses
2,23,17,30.6,55.38,35.35,Paddy
9,3,42,39.13,73.24,41.33,Maize
20,0,17,25.75,61.91,33.57,Wheat
25,0,18,29.99,60.85,46.92,Barley
10,0,38,40,68.84,70,Millets
15,1,7,31.08,51.34,55.35,Oil seeds
33,0,0,28.77,51.58,35.29,Pulses
8,8,25,40,64.69,54.83,Sugarcane
11,0,37,27.43,51.19,59.36,Tobacco
38,0,0,32.79,45.26,26.63,Wheat
12,12,7,31.04,71.72,53.87,Paddy
25,0,15,25.99,51.27,38.05,Maize
9,1,11,38.25,61.62,25.91,Tobacco
7,11,15,25.03,59.25,46.72,Tobacco
36,0,3,22.52,59.32,31.39,Sugarcane
10,0,6,26.12,56.29,67,Maize
12,4,34,26.09,50.71,44.3,Pulses
13,0,36,38.53,69.75,61.48,Paddy
38,0,0,28.93,60.61,46.4,Sugarcane
17,4,11,29.51,57.86,47.6,Barley
15,2,38,33.95,69.5,26.36,Cotton
5,3,10,30.99,47.42,57.98,Sugarcane
7,0,36,32.26,54.9,62.24,Maize
3,17,17,31.83,67.7,37.31,Barley
14,0,36,31.94,61.1,52.49,Pulses
20,1,25,26.53,58.97,45.49,Sugarcane
32,3,1,28.16,49.51,36.1,Ground Nuts
12,0,37,38.8,63.61,68.24,Sugarcane
11,10,17,21.85,44,49.66,Cotton
18,2,44,35,65.39,37.65,Sugarcane
13,10,10,31.91,54.59,63.99,Pulses
23,4,22,26.67,55.69,30.74,Cotton
9,0,13,26.68,54.5,38.68,Tobacco
27,3,15,29.19,60.94,42,Oil seeds
12,2,11,22.27,59.9,51.79,Ground Nuts
20,4,22,37.63,71.29,50.14,Cotton
18,11,10,33.13,70.61,42.85,Wheat
35,0,4,28.6,56.17,57.59,Ground Nuts
23,0,24,34.35,60.57,46.46,Pulses
46,0,3,23.82,53.92,33.92,Pulses
22,3,20,27.76,52.38,36.17,Oil seeds
5,0,18,24.68,43.45,57.28,Paddy
35,0,1,24.1,45.69,20.64,Oil seeds
6,12,12,30.87,65.28,46.28,Oil seeds
31,0,0,33.69,71.85,50.83,Millets
17,2,37,33.65,65.32,70,Millets
14,0,13,30.33,44.11,26.82,Ground Nuts
21,4,26,29.74,63.49,44.31,Wheat
15,0,37,26.3,54.13,34.21,Pulses
8,0,9,24.96,44.47,66.11,Sugarcane
16,0,37,33.57,60.78,51.96,Paddy
14,0,14,33.5,56.07,54.11,Oil seeds
14,0,16,30.24,61.77,37.68,Tobacco
5,9,31,37.62,69.05,44.74,Pulses
36,0,0,25.79,60.67,43.34,Paddy
35,4,1,30.35,60.18,63.97,Millets
6,3,38,31.38,51.49,61.27,Paddy
12,3,41,29.28,71.07,35.67,Sugarcane
5,10,26,31,57.54,48.96,Barley
14,18,8,33.3,68.18,47.51,Ground Nuts
13,1,43,22.85,55.1,29.09,Oil seeds
10,0,9,33.98,62.99,50.43,Barley
14,0,10,28.82,62.48,20,Millets
9,0,37,29.99,66.83,47.07,Paddy
19,3,39,34.18,67.07,58.67,Tobacco
38,4,0,40,67.75,56.43,Barley
38,0,0,32.67,56.77,40.22,Maize
8,0,10,22.13,50.96,59.06,Cotton
19,14,6,24.84,53.53,34.79,Millets
20,0,23,30.24,58.88,49.24,Tobacco
20,1,19,25.81,58.56,40.21,Wheat
12,0,40,34.23,69.79,65.57,Paddy
40,0,1,28.67,57.67,21,Millets
35,0,0,30.8,55.01,25,Oil seeds
35,0,0,31.14,57.5,63.08,Cotton
4,12,30,33.11,67.57,32.21,Wheat
7,6,29,31.43,63.1,43.59,Pulses
5,14,31,29.73,59.06,69.92,Millets
8,10,15,21.23,46.1,36.59,Ground Nuts
10,0,39,28.01,50.89,20,Millets
30,0,0,23.56,57.65,42.16,Cotton
37,1,3,32.72,58.96,60.48,Pulses
37,0,1,31.16,48.63,20.19,Oil seeds
28,0,17,29.76,64.65,52.47,Oil seeds
38,0,0,36.17,68.75,32.62,Cotton
11,2,11,26.1,47.54,20.66,Cotton
6,11,20,33.77,48.38,32.49,Cotton
27,0,19,25.64,55.98,37.32,Maize
4,14,15,21.73,48.03,43.37,Maize
26,0,16,28.89,46.84,27.93,Wheat
18,4,43,33.59,51.12,39.54,Wheat
10,10,11,26.21,66.15,51,Wheat
36,0,0,39.86,71.81,57.26,Oil seeds
21,4,20,26.38,63.29,52.18,Ground Nuts
40,3,0,25.54,62.93,36.09,Paddy
5,13,26,27.38,60.32,50.76,Pulses
20,1,25,23.59,52.26,42.23,Sugarcane
12,0,13,33.97,49.49,35.62,Maize
10,3,5,33.16,51.42,47.39,Cotton
36,4,1,25.25,46.12,56.39,Cotton
18,1,11,28.82,61.5,42.75,Ground Nuts
10,9,24,30.93,67.78,70,Ground Nuts
16,0,13,34.27,65.79,45.96,Oil seeds
35,4,0,28.52,52.04,64.54,Paddy
20,0,20,26.18,60.1,34.98,Cotton
10,0,37,30.19,67,24.65,Cotton
18,0,20,26.15,56.28,48.04,Cotton
10,6,27,26.51,50.62,55.85,Maize
12,3,42,32.89,53.28,63.35,Millets
18,0,23,31.36,66.66,46.26,Ground Nuts
13,0,35,25.37,51.4,67.69,Ground Nuts
20,0,26,29.14,67.8,49.49,Paddy
16,0,34,29.89,71.8,41.42,Paddy
11,8,34,30.69,55.65,63.02,Cotton
3,7,27,31.52,67.58,32.04,Ground Nuts
39,0,0,26.01,41.55,61.19,Ground Nuts
15,0,36,30.43,55.84,34.76,Paddy
22,1,18,32.51,62.88,48.48,Sugarcane
2,11,21,27.22,49.1,27.15,Oil seeds
11,13,30,36.5,68.47,38.52,Cotton
14,0,13,21.59,54.14,68.42,Barley
21,1,25,30.75,52.41,36.1,Oil seeds
40,3,4,27.98,51.57,32.44,Sugarcane
19,2,18,33.96,52.94,35.23,Wheat
24,0,13,27.85,52.65,33.33,Wheat
16,0,41,26.51,63.74,20,Wheat
17,0,36,29.01,58.45,25.72,Barley
10,11,32,31.19,57.06,56.73,Wheat
13,8,10,24.32,46.37,64.36,Ground Nuts
11,4,17,27.82,58.73,41.49,Ground Nuts
12,0,14,29.29,73.05,60.5,Tobacco
4,7,27,33.05,59.1,34.65,Wheat
41,2,0,30.4,60.08,37.04,Ground Nuts
12,0,14,26.8,53.34,39.36,Tobacco
15,0,35,33.99,56.59,20.08,Maize
18,1,27,22.1,47.1,47.6,Oil seeds
20,0,20,31.57,49.29,48.02,Millets
9,6,32,37.51,57.76,60.62,Paddy
21,0,21,30.49,61.62,43.88,Wheat
14,1,43,33.16,70.77,55.48,Tobacco
7,0,17,25.11,67.21,30.73,Ground Nuts
6,0,32,32.74,60.15,33.03,Wheat
9,10,19,27.57,60.24,46.64,Ground Nuts
27,2,24,22.71,50.4,40.46,Pulses
36,2,0,28.32,57.04,36.82,Pulses
38,3,0,38.64,60.03,32.44,Cotton
20,0,16,30.56,52.13,44.67,Pulses
9,0,17,27.2,46.67,31.41,Cotton
31,0,0,29.09,44.8,44.98,Millets
9,17,17,27.56,50.27,33.38,Maize
5,23,25,29.91,71.44,52.85,Millets
37,2,0,30.04,59.31,23.46,Wheat
11,20,17,40,70.46,49.59,Cotton
5,0,14,31.02,63.58,48.47,Tobacco
14,0,41,38.72,62.6,32.93,Maize
25,4,19,30.61,64.43,45.47,Cotton
46,3,0,30.45,47.88,24.31,Millets
8,11,11,28.73,61.1,60.49,Oil seeds
4,7,30,28.37,51.61,45.94,Paddy
11,0,8,25.09,43.46,52.01,Sugarcane
9,17,19,26.06,45.12,29.83,Pulses
8,20,14,27.7,52.81,45.3,Oil seeds
18,2,34,33.17,57.64,31.57,Wheat
34,0,1,26.6,55.39,57.23,Paddy
6,18,18,24.5,53.2,40.47,Sugarcane
42,0,0,29.08,60.86,42.96,Wheat
6,14,29,34.13,51.37,63.68,Pulses
11,0,12,25.24,50.51,43.13,Barley
4,6,28,23.91,49.16,24.07,Sugarcane
9,22,11,27.47,58.55,35.02,Oil seeds
37,0,0,26.71,53.04,48.29,Oil seeds
14,0,41,34.59,63.22,42.17,Maize
27,0,18,25.82,49.88,37.06,Pulses
23,2,18,32.62,66.69,34.48,Ground Nuts
11,2,8,36.46,69.63,49.78,Millets
40,0,1,28.63,48.69,39.09,Sugarcane
21,0,24,31.48,74.48,40.94,Pulses
12,2,28,30.1,61.63,36.49,Cotton
7,10,25,28.57,50.92,24.51,Ground Nuts
27,3,18,24.06,52.41,28.87,Tobacco
17,4,32,32.76,50.53,26.65,Tobacco
33,1,0,32.02,56.24,36.81,Maize
13,0,40,27.39,68.54,31.22,Cotton
27,4,15,28.17,44.52,37.4,Cotton
11,0,36,39.6,57.34,40.13,Paddy
14,14,19,27.83,67.66,56.62,Barley
7,6,30,26,54.8,54.3,Cotton
40,1,0,27.72,53.82,38.47,Tobacco
6,21,14,26.97,44.41,51.42,Millets
14,0,35,34.47,63.73,36.79,Sugarcane
8,17,16,39.41,72.15,42.56,Millets
6,15,18,35,63.21,33.69,Pulses
39,0,4,33.33,65.37,31.42,Sugarcane
23,0,22,37.4,66.12,61.2,Millets
11,0,17,21.33,59.53,34.34,Pulses
9,13,17,31.46,62,46.01,Barley
44,0,4,33.94,65,36.07,Sugarcane
16,0,34,31.36,59.58,69.23,Maize
25,4,23,26.24,43.51,41,Sugarcane
8,13,14,37.57,60.17,47.52,Paddy
12,16,11,31.62,67.35,40.08,Cotton
18,4,30,32.76,52.66,70,Tobacco
15,0,37,33.93,52.27,42,Wheat
38,0,2,40,71.21,45.73,Sugarcane
14,0,34,33.55,59.39,30.38,Maize
25,1,19,31.97,58.12,24.71,Barley
23,0,18,37,55.83,42.57,Tobacco
17,3,44,22.38,50.14,29.26,Ground Nuts
11,4,9,29.83,52.91,34.01,Wheat
18,0,42,34.6,57.76,33.56,Wheat
36,0,0,24.63,50.31,63.27,Sugarcane
22,0,25,28.46,54.38,40.69,Cotton
5,6,23,34.16,69.55,53.12,Sugarcane
39,0,3,28.72,55.54,27.69,Sugarcane
3,16,21,34.75,56.36,27.64,Cotton
28,3,21,27.34,54.86,36.42,Cotton
38,0,0,31.48,49.9,41.72,Wheat
12,1,15,32.2,53.44,28.81,Maize
9,0,36,32.88,64.12,33.49,Ground Nuts
13,0,12,27.04,49.54,35.64,Cotton
18,4,40,34.58,65.76,56.38,Millets
15,13,19,32.86,71.74,67.98,Cotton
34,0,4,29.02,43.2,31.33,Barley
13,2,36,35.62,63.55,49.96,Tobacco
8,20,12,26.47,64.77,23.03,Millets
5,6,29,30.32,69.9,51.72,Sugarcane
13,4,37,37.98,63.73,31.31,Tobacco
9,18,13,24.99,55.26,37.78,Oil seeds
28,0,22,27.03,63.04,37.86,Maize
25,0,14,27,44.44,50.65,Wheat
14,0,4,22.74,59.33,60.29,Cotton
16,18,15,33.12,67.93,44.16,Paddy
14,1,39,28.82,49.32,54.64,Paddy
36,0,0,26.84,60.73,44.94,Wheat
9,14,17,33.36,58.08,48.3,Tobacco
8,9,34,26.54,64.11,37.2,Tobacco
15,21,11,24.72,63.9,39.65,Pulses
9,0,5,23.56,60.5,36.73,Millets
11,14,16,30.38,63.85,24.8,Sugarcane
4,18,16,28.1,59.34,39.97,Sugarcane
7,6,27,27.21,55.78,28.17,Ground Nuts
18,0,21,34.83,66.32,48.03,Pulses
38,0,0,27.7,55.91,25.34,Millets
26,4,26,24.39,46.09,36.57,Cotton
9,0,37,36.99,77.28,25.49,Wheat
6,2,14,32.44,66.7,44.68,Sugarcane
22,1,20,34.35,65.77,49.74,Pulses
6,10,27,31.54,64.72,32.88,Paddy
40,4,1,31.63,63.91,42.19,Wheat
8,6,27,32.04,75.94,20.1,Wheat
34,4,0,28.35,58.1,36.8,Ground Nuts
14,0,9,30.62,58.67,46.57,Wheat
15,0,34,25.71,43.52,40.7,Oil seeds
37,0,3,33.22,60.99,43.26,Oil seeds
32,0,2,29.92,50.28,36.3,Ground Nuts
7,3,9,26.25,53.05,28.22,Sugarcane
12,0,11,27.4,59.79,36.45,Paddy
3,7,32,39.29,62.84,52.03,Millets
13,4,31,27.21,58.5,64.74,Pulses
12,0,40,28.88,60.38,31.01,Wheat
14,4,11,26.97,51.01,56.59,Oil seeds
12,11,26,30.38,63.18,56.23,Tobacco
35,0,0,36.01,67.22,35.57,Tobacco
25,0,23,33.67,56.87,39.33,Oil seeds
15,0,45,37.68,54.79,33.81,Sugarcane
7,12,19,22.12,45.25,38.99,Tobacco
16,0,14,32.18,53.93,42.41,Wheat
11,0,9,33.87,55.06,65.59,Oil seeds
8,11,28,29.63,72.87,59.15,Paddy
9,3,38,24.32,45.16,50.1,Paddy
4,20,24,27.86,59.09,26.75,Paddy
14,2,31,25.48,58.52,38.7,Cotton
7,0,36,37.88,62.19,32.88,Paddy
33,4,3,32.84,55.64,38.3,Pulses
9,2,36,29.85,63.07,35.41,Pulses
18,0,19,24.47,48.15,50.29,Pulses
24,0,14,25.43,56.68,51.55,Wheat
18,0,42,32.52,76.7,58.47,Tobacco
35,0,0,22.93,53.13,31.62,Wheat
13,7,26,27.23,57.59,62.86,Paddy
8,1,11,34.29,77.99,23.79,Paddy
4,10,29,35.01,59.29,60.12,Oil seeds
30,1,2,28.79,50.73,37.84,Ground Nuts
20,3,22,25.3,56.4,43.77,Ground Nuts
12,10,33,29.81,61.85,63.84,Maize
15,14,14,35.87,58.52,45.11,Cotton
35,0,0,21.58,47.1,30.17,Paddy
6,1,5,34.09,58.05,39.69,Pulses
11,3,12,26.72,58.52,62.69,Paddy
8,19,17,22.04,58.49,29.03,Ground Nuts
41,0,2,22.5,51.88,36.58,Millets
11,9,15,38.05,71.56,50.94,Ground Nuts
6,2,5,28.21,59.97,54.67,Tobacco
7,4,24,35.11,69.12,38.09,Oil seeds
18,0,22,33.34,55.54,24.95,Millets
22,0,20,28.36,53.52,39.93,Barley
20,2,22,30.1,74.95,61.83,Sugarcane
5,8,27,28.07,60.67,37.38,Wheat
14,4,8,27.75,63.56,36.82,Tobacco
20,1,23,30.96,49.06,48.58,Maize
11,9,32,34.57,67.12,53.8,Barley
22,0,25,24.58,66.09,47.42,Millets
27,4,22,25.28,48.9,53.75,Millets
15,3,12,21.29,52.95,54.28,Oil seeds
13,3,37,34.65,67.45,27.77,Pulses
41,0,0,32.71,63.72,42.47,Barley
44,0,4,31.56,58.38,47.62,Maize
36,2,0,29.88,57.23,30.93,Maize
40,0,1,29.61,74.1,58.36,Tobacco
24,0,25,27.26,59.75,46.54,Sugarcane
20,0,20,31.1,59.38,64.58,Millets
19,13,15,27.62,42.65,34.2,Ground Nuts
17,0,40,23.39,51.7,38.58,Sugarcane
8,0,41,30.76,65.37,56.76,Wheat
16,1,43,27.59,52.68,22.3,Tobacco
7,0,14,29.22,56.15,58.3,Paddy
12,0,14,29,51.21,32.58,Barley
12,4,12,29.99,59.24,41.71,Paddy
3,19,13,30.55,55.03,34.97,Sugarcane
25,0,26,28.25,51.77,37.97,Sugarcane
12,1,5,21.43,41.07,57.57,Tobacco
22,0,19,22.87,46.84,31.51,Oil seeds
24,3,15,37.21,59.96,69.61,Paddy
8,11,29,32.81,69.92,24.3,Pulses
10,0,39,26.37,67.22,61.02,Wheat
8,12,20,33.72,60.97,44.56,Wheat
12,5,27,24.53,55.6,43.85,Barley
6,9,33,25.84,58.46,68.74,Tobacco
33,4,0,20.28,44.28,64.04,Maize
12,0,36,32.16,62.49,27.24,Cotton
46,3,0,23.79,54.8,34.58,Oil seeds
22,0,22,27.6,61.91,38.15,Oil seeds
10,0,34,38.17,72.1,28.01,Oil seeds
12,12,24,27.77,55.5,48.92,Wheat
9,15,22,30.42,47.39,30.58,Sugarcane
26,3,19,32.29,54.87,41.39,Pulses
8,8,34,32.93,56.43,53.21,Ground Nuts
1,23,15,22.42,43.59,46.16,Pulses
40,0,0,23.83,55.37,70,Cotton
18,1,36,29,67.64,61.06,Sugarcane
18,0,39,24.87,60.88,70,Cotton
11,8,31,40,78.73,39.93,Sugarcane
38,0,3,26.64,60.11,29.46,Maize
9,10,32,28.5,54.54,57.79,Tobacco
35,0,0,25.4,49.86,56.53,Maize
14,0,39,26.35,59.75,53.03,Cotton
6,0,30,30.08,70.31,42.74,Pulses
10,0,35,32.45,71.13,36.11,Barley
41,3,0,26.64,54.15,42.1,Oil seeds
35,0,3,26.97,51.74,34.74,Maize
9,18,16,30.48,61.59,24.88,Barley
5,6,24,28.25,54.87,56.78,Ground Nuts
14,10,15,27.53,40.07,31.84,Pulses
6,7,29,39.78,63.55,29.54,Pulses
7,3,32,32.23,74.54,32.4,Wheat
39,0,2,29.54,68.62,31.48,Pulses
8,7,26,28.58,50.54,54.24,Cotton
44,0,0,32.26,74.11,50.32,Tobacco
10,0,11,33.95,50.1,43.41,Maize
14,11,33,27.46,56.08,46.59,Wheat
31,3,3,28.55,51.94,70,Millets
25,2,23,31.04,62.08,37.18,Paddy
10,12,14,35.4,62.35,43.09,Ground Nuts
5,8,28,30.35,64.59,65.36,Maize
12,3,5,23.84,40.24,61.13,Wheat
17,0,16,31.09,60.88,24.64,Cotton
41,0,0,32.89,59.55,40.12,Paddy
12,12,12,35.21,59.99,52.74,Paddy
42,0,0,25.58,52.45,68.83,Millets
6,2,9,25.2,53.17,48.13,Paddy
11,8,31,27.49,58.98,48.37,Wheat
24,0,27,32.08,71.52,31.79,Maize
10,12,29,26.85,59.85,50.57,Maize
11,1,39,30.72,67.49,51.07,Pulses
6,2,34,31.74,69.49,64.58,Millets
7,4,36,39.11,68.35,24.92,Ground Nuts
9,3,41,28.91,63.15,33.04,Pulses
37,0,0,27.52,67.88,39.25,Tobacco
25,0,22,25.41,59.6,47.88,Barley
36,2,0,32.18,68.67,33.89,Wheat
8,11,13,26.93,61.89,55.88,Wheat
8,10,10,34.46,54.47,58.14,Sugarcane
37,0,0,37.11,57.52,59.83,Oil seeds
17,0,20,25.4,51.85,40.41,Barley
33,0,1,23.08,56.85,34.73,Ground Nuts
12,4,14,29.05,51.18,54.12,Millets
45,0,0,30.88,62,46.07,Pulses
25,0,18,36.5,67.29,49.74,Paddy
43,2,0,35.86,73.75,44.57,Ground Nuts
10,10,30,26.9,58.33,26.84,Tobacco
34,0,0,29.43,42.85,61.97,Wheat
11,0,38,23.2,42.49,28.19,Cotton
20,0,19,37.57,63.17,70,Maize
18,1,15,31.68,62.82,43.85,Sugarcane
19,2,18,31.14,61.64,50.47,Oil seeds
11,0,14,24.57,61.8,37.23,Wheat
8,5,27,28.82,61.83,41.27,Tobacco
44,0,0,34.14,52.29,37.41,Barley
37,0,0,32.65,70.55,41.48,Wheat
1,19,22,32.84,66.23,49.59,Ground Nuts
25,3,18,29.04,61.31,47.24,Oil seeds
36,1,0,32.43,58.32,61.02,Wheat
36,0,0,34.77,69.36,44.88,Ground Nuts
21,0,16,29.15,57.25,55.55,Sugarcane
9,0,32,39.99,72.77,49.75,Paddy
7,0,13,32.34,52.54,32.24,Paddy
40,0,0,35.63,59.21,51.58,Sugarcane
1,20,20,34.29,63.96,28.02,Cotton
6,3,29,24.99,51.26,34.71,Ground Nuts
16,0,38,25.09,62.93,34.08,Millets
26,3,24,29.11,56.91,62.25,Ground Nuts
5,3,32,30.58,61.29,60.2,Tobacco
21,1,18,24.25,57.38,30.23,Paddy
14,0,37,24.2,55.48,57.9,Barley
13,2,9,20.69,57.12,59.85,Tobacco
10,11,28,27.56,67.78,36.61,Millets
27,0,17,21.97,48.06,43.61,Cotton
22,0,15,36.42,59.37,37.49,Paddy
16,0,38,33.72,57.94,36.36,Oil seeds
14,0,36,36.86,66.97,28.44,Ground Nuts
12,16,10,20.76,48.98,63.92,Tobacco
37,0,0,35.38,56.76,21.51,Millets
14,15,12,28.96,64.48,27.52,Oil seeds
9,2,7,28.62,45.89,61.45,Cotton
14,20,17,32.64,66.3,39.89,Ground Nuts
13,17,18,35.16,73.41,48.63,Paddy
16,2,17,23.55,54.07,32.68,Pulses
9,1,4,27.06,59.18,59.42,Tobacco
5,17,18,22,57.32,45.85,Tobacco
0,19,18,31.75,57.58,30.58,Paddy
10,0,41,29.11,60.77,61.25,Sugarcane
27,0,19,28.85,63.24,39.74,Oil seeds
4,4,26,30.29,53.7,25.09,Wheat
7,0,8,33.04,63.52,47.86,Paddy
4,17,17,21.37,53.85,26.22,Ground Nuts
36,0,0,34.88,62.36,57.79,Pulses
18,1,35,27.81,66.3,59.63,Cotton
7,9,15,26.02,65.02,48.03,Barley
6,0,12,24.9,59.13,55.71,Tobacco
9,10,29,39.86,74.47,42.82,Barley
24,0,24,34.01,55.99,29.3,Wheat
39,0,0,32.69,57.68,48.14,Paddy
40,2,1,31.99,47.84,39.57,Maize
43,0,0,39.59,72.27,42.36,Wheat
33,1,0,29.71,48.75,26.24,Tobacco
22,0,22,32,72.09,42.61,Millets
18,0,37,39.03,74.51,65.94,Wheat
9,0,10,39.83,65.33,33.3,Cotton
8,13,25,30.53,70.52,56.87,Ground Nuts
4,12,31,37.44,60.97,52.15,Wheat
40,3,0,25.65,56.93,32.12,Sugarcane
37,3,0,28.01,69.54,20.78,Paddy
16,4,40,27.33,52.91,29.81,Maize
41,0,2,27,54.79,41.03,Tobacco
34,0,4,28.27,45.54,63.35,Millets
44,0,4,39.37,73.58,47.49,Barley
40,1,2,29.14,54.24,24.55,Oil seeds
10,4,18,31.76,43.24,56.29,Barley
11,0,36,27.27,59.89,20,Tobacco
10,2,9,24,49.08,66.12,Millets
14,3,34,34.15,67.47,27.11,Millets
35,0,4,28.67,58.79,59,Pulses
10,9,13,30.11,63.4,62.56,Oil seeds
4,19,21,38.97,55.72,35.47,Tobacco
33,4,1,32.02,60.85,31.09,Barley
5,12,33,28.02,66.84,58.92,Paddy
21,4,15,30.66,52.06,46.15,Cotton
9,2,15,27.05,58.49,39.27,Ground Nuts
38,1,4,28.21,57.07,40.54,Paddy
10,0,17,25.6,45,55.92,Cotton
17,0,31,29.75,61.63,34.96,Tobacco
14,16,13,35.91,52.46,56.61,Tobacco
36,2,0,23.45,51.03,44.45,Pulses
40,3,1,35.86,70.31,54.4,Ground Nuts
39,4,0,29.26,71.92,44.23,Pulses
9,0,14,35.79,66.77,34.39,Barley
17,1,15,26.49,47.23,30.23,Barley
10,0,41,25.05,57.08,55.46,Tobacco
13,3,37,32.42,54.71,33.03,Paddy
6,9,33,39.85,60.31,29.29,Cotton
13,16,13,27.87,61.38,57.51,Pulses
40,0,0,20.76,55.99,62.58,Tobacco
1,23,17,22.3,56.51,42.72,Tobacco
20,0,14,32.17,55.02,37.37,Sugarcane
18,2,18,32.58,58.58,34.16,Maize
18,2,39,30.81,63.77,70,Maize
33,4,1,32.86,59.79,41.11,Sugarcane
17,0,12,28.58,56.91,45.99,Barley
5,3,29,30.9,68.25,36.56,Wheat
22,0,26,28.35,48.46,32.32,Millets
17,0,16,30.44,69.49,24.3,Sugarcane
22,0,17,22.26,42.14,35.5,Millets
13,7,34,27.59,59.58,58.65,Barley
23,0,22,28,41.61,30.62,Oil seeds
34,0,1,29.15,57.67,32.35,Sugarcane
5,15,18,31.09,62.05,42.38,Cotton
28,0,20,20.86,49.09,28.16,Paddy
34,0,4,34.1,57.33,56.67,Tobacco
31,0,0,26.9,52.19,33.57,Cotton
5,0,14,26.55,52.44,67.67,Ground Nuts
7,17,15,26.56,57.43,26.53,Tobacco
13,0,42,31.72,58.72,70,Sugarcane
8,19,12,25.55,50.88,27.55,Cotton
11,8,30,31.42,59.9,29.07,Millets
19,0,38,28.24,51.23,42.62,Cotton
32,4,0,30.09,46.89,35.95,Wheat
38,2,3,28.94,62.47,31.99,Sugarcane
17,0,43,39.33,59.27,40.62,Wheat
17,0,14,29.89,55.53,32.61,Barley
33,4,2,30.28,56.11,40.03,Pulses
10,3,27,40,63.63,40.65,Millets
18,0,17,36.4,55.11,26.14,Wheat
25,0,18,27.28,47.79,29.37,Millets
15,0,40,27.38,53.83,55.09,Maize
12,0,35,29.14,64.95,36.54,Paddy
17,0,37,32.93,62.73,59.96,Paddy
8,0,10,24.71,50.55,62.03,Pulses
12,14,12,29.94,58.85,54.14,Cotton
26,3,20,29.48,59.59,66.35,Pulses
15,2,12,31,51.8,44.91,Sugarcane
12,3,39,28.55,67.66,35.99,Pulses
6,15,19,31.06,58.49,40.24,Cotton
35,0,0,23.88,52.3,27.19,Cotton
12,3,13,30.3,45.03,57.51,Sugarcane
25,1,14,23.43,55.73,32.02,Millets
12,4,10,30.56,67.31,36.79,Sugarcane
4,11,27,27.68,57.8,70,Wheat
12,0,43,25.34,50.98,53.43,Oil seeds
7,18,16,24.4,47.18,49.55,Cotton
7,0,5,31.8,56.53,35.42,Barley
10,4,11,22.54,58.92,51.76,Maize
12,9,30,35.49,77.62,56.57,Ground Nuts
19,1,23,25.05,49.33,48.69,Maize
14,6,32,26.52,47.52,49.4,Oil seeds
42,3,0,36.29,74.2,54.68,Paddy
42,3,0,32.94,50.95,43.98,Barley
12,0,38,27.87,49.55,33,Tobacco
2,13,34,29.86,65.84,66.44,Barley
27,0,20,30.39,54.61,51.82,Tobacco
7,0,11,23.19,50.83,60.22,Millets
12,2,10,25.12,58.07,40.47,Sugarcane
7,6,31,29.41,52.87,50.35,Cotton
37,0,0,38.48,80,59.16,Oil seeds
2,17,17,25.8,57.61,40.46,Barley
16,3,12,25.27,55.44,29.6,Ground Nuts
10,9,36,26.56,58.48,45.6,Ground Nuts
2,8,27,30.71,56.3,70,Maize
12,12,25,24.99,65.8,51.83,Barley
11,16,20,28.61,46.05,42.05,Oil seeds
4,22,18,32.63,64.54,36.41,Ground Nuts
30,3,2,24.98,47.19,51.65,Oil seeds
7,2,15,27.93,46.76,56.5,Paddy
17,2,36,31.01,66.62,62.69,Tobacco
14,0,40,39.26,60.36,29.14,Maize
14,8,9,31.29,59.62,56.81,Oil seeds
10,4,32,32.1,50.44,47.36,Pulses
45,3,0,28.35,59.56,34.46,Pulses
39,0,0,26.57,54.52,46.1,Wheat
6,5,28,40,77.35,41.55,Ground Nuts
41,0,2,37.24,59.64,30.67,Ground Nuts
8,17,10,28.4,57.3,49.24,Sugarcane
18,0,23,33.83,56.31,25.41,Maize
10,13,9,27.47,58.13,56.8,Tobacco
17,13,14,32.01,56.9,39.16,Sugarcane
39,1,0,23.69,59.77,47.95,Pulses
9,0,14,30.22,60.34,59.66,Paddy
32,0,0,25.24,46.57,36.23,Maize
15,0,11,26.8,60.69,60.28,Wheat
37,3,0,32.37,56.56,65.45,Ground Nuts
13,0,35,23.86,55.45,24.43,Millets
36,0,0,34.18,58.31,46.39,Maize
13,3,43,39.42,76.38,57.33,Maize
37,0,0,24.86,54.46,36.36,Millets
14,17,7,32.95,62.26,50.04,Paddy
22,0,19,29.78,59.94,29.17,Pulses
14,2,11,27.48,60.62,44.8,Sugarcane
11,4,38,36.73,71.35,70,Sugarcane
13,0,38,27.49,63.32,26.02,Pulses
21,0,23,30.69,59.81,37.29,Oil seeds
40,0,3,29.14,58.46,36.98,Barley
42,0,0,32.52,57.58,57.94,Maize
31,0,3,23.05,52.61,60.11,Tobacco
5,8,19,29.48,60.63,42.23,Ground Nuts
12,3,38,25.33,53.26,27.11,Pulses
42,0,0,26,57.01,31.36,Oil seeds
38,0,0,30.09,62.9,44.53,Sugarcane
14,0,32,27.83,53.2,58.73,Pulses
13,2,36,37.81,73.97,40.95,Maize
12,4,8,36.87,61.5,54.95,Tobacco
35,4,0,30.98,66.44,29.27,Cotton
38,2,0,30.41,52.79,24.79,Paddy
14,9,10,35.69,58.61,58.14,Maize
20,0,23,23.11,53.38,41.79,Millets
7,1,4,23.82,59.74,65.58,Tobacco
33,0,0,34.2,72.31,28.33,Tobacco
13,0,9,34.22,74.96,58.79,Oil seeds
41,4,0,36.98,73.11,41.32,Paddy
9,0,44,34.68,76.53,33.78,Millets
9,0,37,24.22,50.03,55.39,Barley
8,1,7,34.25,73.29,38.06,Oil seeds
1,8,27,31.43,64.88,54.37,Barley
14,1,17,31.14,61.27,45.36,Barley
26,0,18,24.69,54.86,47.9,Ground Nuts
20,0,18,30.39,67.95,35.69,Wheat
15,3,15,28.44,46.2,34.75,Millets
1,23,25,30.6,56.63,35.82,Pulses
12,12,22,25.64,56.54,49.67,Maize
32,2,4,33.35,59.4,66.69,Pulses
37,1,2,23.15,58.66,63.44,Pulses
25,4,18,34.48,70.08,59.13,Pulses
10,1,32,28.39,51.27,70,Ground Nuts
9,9,27,39.9,73.93,32.55,Wheat
13,10,31,32.98,58.76,28.59,Cotton
12,18,8,29.66,49.78,23.81,Ground Nuts
4,9,27,30.69,58.35,21.33,Ground Nuts
35,3,1,23.98,48.21,35.49,Maize
5,12,33,28.52,72.19,59.12,Tobacco
12,9,20,31.01,60.4,43.04,Millets
9,0,8,27.53,47.05,22.75,Cotton
12,0,33,36.9,52.23,24.84,Oil seeds
35,0,0,29.16,61.51,34.35,Sugarcane
18,0,23,27.28,53.81,39.02,Ground Nuts
14,2,32,33.4,58.26,40.56,Barley
11,0,12,31.02,54.58,45.71,Barley
26,0,24,24.23,64.12,49.89,Oil seeds
9,19,11,21.96,40.71,40.64,Oil seeds
44,4,4,34.33,69.34,32.53,Maize
24,0,24,30.88,66.31,38.96,Maize
9,0,37,21.52,61.31,30.52,Ground Nuts
12,0,42,29.67,64.78,21,Barley
33,1,4,30.52,62.11,23.07,Pulses
7,0,46,26.59,52.55,41.35,Maize
9,19,22,32.62,59.63,50,Oil seeds
33,1,0,32.95,59.16,69.03,Cotton
10,11,8,28.56,43.97,24.88,Tobacco
10,9,32,35.74,66.71,37.68,Pulses
12,0,32,26.35,50.4,53.76,Tobacco
7,4,32,33.8,70.5,42.98,Cotton
39,2,0,28.08,58.23,37.23,Tobacco
20,1,21,32.56,71.98,46.27,Wheat
19,0,16,29.64,49.17,34.47,Wheat
5,16,18,31.55,58.9,47.7,Ground Nuts
33,0,0,35.51,53.67,32.47,Pulses
12,10,30,33.2,60.31,55.18,Paddy
8,11,13,23.28,48.32,43.9,Paddy
9,0,39,40,65.13,40.28,Barley
8,16,17,27.91,62.4,41.2,Pulses
23,0,18,23.03,49.38,40.47,Wheat
39,4,4,25.88,54.24,40.43,Tobacco
35,2,2,31.64,51.55,63.79,Tobacco
7,12,21,27.32,59.41,44.2,Tobacco
10,19,16,33.87,61.94,45.99,Cotton
8,10,10,30.04,44.44,43.27,Sugarcane
10,3,37,37.53,59.1,32.18,Ground Nuts
16,0,27,33.8,60.2,43.21,Tobacco
11,12,21,21.7,60.92,26.89,Ground Nuts
4,5,32,31.15,63.09,30.51,Ground Nuts
9,4,39,27.1,42.29,35.96,Paddy
36,0,0,33.97,66.11,59.93,Wheat
8,6,28,32.8,46.19,20,Maize
30,0,0,32.16,70.3,57.02,Tobacco
10,0,40,24.65,46.46,27.78,Paddy
18,0,20,29.46,43.41,40.69,Wheat
18,1,19,28.74,50.71,37.75,Tobacco
37,4,3,40,74.62,44.27,Sugarcane
24,0,24,28.67,61.38,48.54,Maize
11,3,6,22.28,43.79,63.73,Maize
36,4,3,32.21,72.67,58.11,Oil seeds
14,0,35,27.73,61.49,20,Maize
19,4,26,25.85,55.63,47.46,Oil seeds
37,0,4,27.63,56.77,28.61,Cotton
14,11,13,30.45,71.76,45.74,Oil seeds
10,12,12,20.48,55.53,65.44,Ground Nuts
11,2,39,34.12,58.21,42.94,Pulses
0,17,19,25.45,45.61,41.12,Maize
22,4,20,21.54,58.62,46.04,Paddy
9,3,18,27.08,64.97,38.34,Ground Nuts
39,3,0,27.06,51.6,51.94,Millets
28,1,21,31.67,48.24,38.06,Paddy
12,14,19,39.89,63.45,47.15,Barley
9,4,14,22.85,56.83,57.72,Cotton
3,12,25,33.18,56.59,53.96,Pulses
34,0,1,32.8,44.88,49.08,Pulses
18,3,38,25.71,51.75,70,Wheat
6,6,29,37.03,70.38,61.08,Cotton
7,7,33,37.68,67.03,20,Tobacco
12,0,37,24.32,56.65,22.81,Sugarcane
40,0,0,25.38,60.83,22.64,Tobacco
24,0,21,34.73,68.13,39.85,Barley
20,0,19,35.89,52.9,44.55,Barley
16,3,9,34.17,68.22,31.05,Tobacco
38,0,0,26.14,57.83,37.34,Maize
21,1,18,34.08,62.7,32.05,Maize
28,0,24,24.46,65.27,48.51,Millets
35,0,0,31.49,47.25,30.78,Cotton
7,17,13,25.74,52.83,35.38,Maize
11,1,35,40,63.46,40.95,Maize
7,15,18,36.68,65.54,46.65,Tobacco
44,2,0,30.4,44.22,31.39,Maize
16,0,8,26.5,57.72,35.19,Pulses
18,0,32,29.16,51.64,30.31,Maize
8,0,41,35.74,79.96,27.81,Millets
25,0,32,32.83,69.35,43.35,Pulses
33,2,0,32.97,44.31,46.49,Maize
7,11,27,33.07,62.75,57.16,Pulses
0,22,14,26.12,46.35,49.55,Oil seeds
14,13,9,30.64,61.94,52.25,Pulses
39,0,0,25.99,60.98,37.81,Paddy
9,16,15,30.96,71.01,55.69,Oil seeds
6,19,17,22.33,48.89,28.54,Tobacco
9,2,8,25.13,69.36,50.28,Barley
8,0,13,37.01,72.38,44.71,Oil seeds
8,13,16,37.11,61.41,60.83,Maize
38,2,3,30.01,67.64,26.5,Wheat
7,0,5,21.44,57.52,58.64,Cotton
14,1,16,30.58,53.33,39.94,Cotton
6,0,37,33.31,63.71,32.94,Paddy
16,3,11,32.27,66.81,57.12,Oil seeds
42,0,0,38.18,72.68,52.23,Barley
12,0,17,28.07,57.06,54.6,Oil seeds
32,0,3,28.94,58.91,26.54,Maize
13,0,40,28.86,52.28,28.12,Wheat
8,15,17,30.07,62.6,54.75,Ground Nuts
13,4,38,38.21,60.25,49.83,Barley
39,0,4,40,80,53.26,Sugarcane
26,4,23,34.24,66.72,42.15,Millets
17,1,18,24.27,51,30.89,Sugarcane
23,0,19,29.16,58.29,45.56,Tobacco
5,8,23,36,70.93,50.56,Oil seeds
12,14,17,26.84,45.54,50.57,Barley
27,3,20,33.62,58.44,32.87,Cotton
13,0,37,40,72.84,61.46,Cotton
38,0,0,38.79,66.25,48.58,Cotton
4,4,26,39.46,66.35,42.08,Sugarcane
5,9,34,36.94,59.89,32.39,Sugarcane
37,0,4,25.12,58.53,38.28,Maize
16,0,6,29.65,73.8,41.76,Sugarcane
17,3,21,28.43,60.42,24.64,Tobacco
5,4,29,25.87,58.43,64.21,Barley
12,16,10,23.42,55.62,26.64,Pulses
10,10,16,30.41,57.63,37.84,Paddy
8,2,31,30.87,53.52,41.73,Oil seeds
7,1,32,39.05,67.42,25.24,Millets
12,17,18,27.98,63.97,45.35,Barley
10,11,16,29.25,42.98,64.69,Barley
12,9,30,29.23,44.55,33.21,Barley
43,2,3,29.67,64.88,33.45,Millets
5,2,27,33.14,49.95,36.02,Barley
42,0,2,25.08,59.42,37.34,Sugarcane
14,0,40,33.11,79.52,30.26,Ground Nuts
15,8,18,22.22,54.98,60.43,Paddy
19,4,17,27.93,47.92,50.02,Ground Nuts
19,0,20,32.24,72.15,27.8,Tobacco
13,2,42,38.46,72.39,28.01,Ground Nuts
44,4,1,27.68,68.09,32.86,Barley
24,2,16,34.36,69.3,43.14,Sugarcane
24,0,14,36.56,56.18,45.38,Wheat
4,13,17,30.88,44.61,40.83,Barley
21,0,22,30.02,44.98,45.58,Barley
14,16,20,39.16,66.36,55.82,Maize
15,0,39,32.33,57.56,43.39,Maize
9,13,8,27.38,66.23,51.93,Paddy
36,0,0,20.05,52.7,59.86,Oil seeds
20,0,23,24.55,42.48,48.77,Tobacco
7,9,9,26.95,60.35,33.66,Pulses
42,1,1,30.28,66.13,41.03,Oil seeds
13,3,18,27.97,47.42,60.83,Maize
41,1,0,27.95,52.18,27.86,Paddy
15,0,33,33.97,59.11,56.95,Paddy
37,0,0,28.44,69.02,25.51,Paddy
27,4,18,27.49,53.12,50.69,Tobacco
11,8,17,31.42,52.17,52.65,Ground Nuts
16,0,35,38.35,71,65.66,Maize
11,3,34,38.14,63.81,36.37,Tobacco
15,15,15,24.54,57.8,26.75,Ground Nuts
16,0,38,33.14,50.91,52.07,Maize
34,0,3,30.52,62.93,53.95,Oil seeds
39,3,0,30.61,69.73,64.16,Paddy
33,0,3,31.52,62.74,54.75,Maize
18,3,16,26.58,56.37,50.42,Millets
34,1,0,36.99,56.66,46.46,Oil seeds
10,1,4,22.61,52.77,41.72,Paddy
7,9,35,36.86,57.94,35.72,Cotton
18,0,19,23.83,51.13,40.03,Oil seeds
39,0,0,25.43,62.17,53.4,Tobacco
21,3,19,38.58,64.3,54.91,Paddy
19,0,15,25.67,44.93,45.94,Millets
10,10,32,40,68.24,47.7,Millets
41,0,4,29.44,68.03,20.57,Barley
4,23,20,38.82,63.69,51.13,Wheat
8,16,12,28.68,58.87,64.36,Barley
16,9,9,36.07,68.41,54.45,Maize
39,0,0,25.12,59.52,64.6,Oil seeds
14,14,7,23.48,47.79,30.27,Pulses
8,3,11,27.05,69.98,52.83,Cotton
14,3,35,30.76,67.49,42.88,Ground Nuts
8,1,4,26.44,47.39,51.83,Oil seeds
34,0,1,31.34,52.86,27.31,Pulses
6,0,10,29.79,66.3,62.12,Paddy
0,16,17,29.14,69.95,21.5,Ground Nuts
6,0,18,30.96,59.31,60.38,Paddy
11,4,8,25.01,54.68,64.61,Oil seeds
41,0,0,31.64,68.37,49.45,Paddy
11,0,36,30.97,55.28,50.63,Cotton
20,0,18,33.8,58.8,28.44,Ground Nuts
40,1,0,22.15,57.99,69.1,Millets
14,4,44,26.8,54.9,42.04,Pulses
8,0,34,28.23,66.99,61.65,Maize
18,0,21,25.96,52.8,57.24,Wheat
11,8,12,30.27,58.16,31.73,Maize
9,5,32,32.92,63.87,70,Wheat
6,16,22,37.04,63.94,35.24,Barley
32,0,3,29.99,45.6,70,Barley
17,0,22,26.87,55.79,38.33,Maize
9,0,9,22.21,46.25,51.97,Barley
8,14,20,26.15,60.28,36.97,Barley
14,0,37,31.44,57.35,51.14,Tobacco
5,0,11,34.23,53.35,37.66,Paddy
9,2,34,35.68,57.04,20.58,Paddy
10,18,17,25.31,65.02,24.18,Barley
6,3,15,26.8,52.7,41.8,Ground Nuts
15,0,33,34.58,76.12,42.72,Paddy
9,0,35,31.61,56.45,63.08,Sugarcane
40,1,0,40,58.59,31.87,Sugarcane
10,0,34,25.71,62.35,59.19,Paddy
5,22,19,33.66,63.43,49.93,Paddy
12,0,36,35.45,74.57,35.05,Wheat
39,1,0,37.13,72.24,29.37,Ground Nuts
9,0,44,30.16,43.34,25.27,Pulses
16,11,10,33.64,65.14,52.79,Tobacco
11,1,34,27.64,53.33,51.15,Cotton
9,4,9,35.7,73.21,36.23,Sugarcane
5,12,26,25.56,46.39,20,Paddy
6,18,22,33.6,55.53,49.42,Barley
7,0,9,38.22,70.16,57.22,Maize
11,11,27,30.18,51.81,29.94,Barley
8,2,12,25.29,59.98,64,Paddy
17,1,33,28.19,58.08,28.22,Millets
40,2,4,36.38,70.01,60.43,Maize
18,0,38,29.04,51.75,59.95,Oil seeds
11,21,16,24.23,60.43,28.52,Tobacco
10,4,40,29.4,63.14,41.1,Sugarcane
14,4,36,38.43,75.91,25.65,Tobacco
12,0,11,28.98,50.38,56.54,Barley
40,0,4,27.21,57.02,67.38,Maize
8,0,14,29.16,52.87,32.38,Cotton
13,0,35,26.2,58.33,54.24,Sugarcane
12,3,8,21.05,42.39,70,Barley
39,1,0,31.39,65.28,47.83,Tobacco
16,0,14,30.04,44.38,31.72,Wheat
15,3,45,26.62,52.74,33.14,Maize
12,0,4,29.37,46.93,59.62,Cotton
7,4,31,24.04,48.68,40.49,Tobacco
37,0,0,28.58,67.94,28.77,Ground Nuts
10,11,19,29.46,52.94,48.45,Paddy
15,1,42,23.62,47.19,34.46,Pulses
5,0,17,27.88,43.64,55.1,Barley
14,3,11,32.45,66.79,49.1,Cotton
12,0,14,29.09,57.69,56.66,Ground Nuts
31,3,0,28.78,57.35,64.43,Oil seeds
34,0,0,25.5,45,31.33,Millets
36,0,3,26.98,68.44,39.49,Pulses
15,0,40,24.19,50.1,34.02,Pulses
15,3,12,28.26,55.11,46.68,Paddy
41,3,0,32.63,56.39,70,Sugarcane
13,0,11,30.92,56.11,55.05,Barley
21,4,17,32.75,69.48,55.67,Cotton
11,13,34,38.36,75.41,34.95,Wheat
17,19,13,24.05,53.45,32.5,Cotton
7,7,29,38.64,57.63,62.51,Millets
13,3,34,29.68,62.09,51.54,Wheat
17,3,10,28.58,61.21,35.39,Wheat
33,0,0,30.2,51.36,29.87,Maize
1,22,15,23.88,54.05,34.53,Sugarcane
32,0,0,24.53,47.17,38.35,Tobacco
12,0,38,40,73.73,30.74,Cotton
6,1,10,30.99,55.81,33.94,Ground Nuts
41,3,0,32,44.93,39.49,Ground Nuts
3,9,27,30.08,52.42,26.72,Ground Nuts
5,0,16,26.79,49.37,43.82,Pulses
33,4,0,25.77,47.79,44.15,Maize
9,15,15,31.83,62.84,55.56,Cotton
8,8,18,26.57,60.41,53.33,Maize
14,11,28,27.96,62.45,52.25,Paddy
18,0,36,27.01,52.69,27.55,Cotton
22,0,21,26.62,49.63,47.94,Millets
9,4,10,26.5,59.39,29.76,Cotton
5,5,26,29.85,48,20,Barley
26,4,22,31.28,71,67.55,Oil seeds
9,0,10,31.03,56.07,46.54,Ground Nuts
12,0,12,28.53,50.22,28.54,Sugarcane
0,15,21,31.99,68.1,31.15,Ground Nuts
17,0,22,27.62,54.8,31.39,Paddy
5,0,9,25.22,48.85,64.83,Sugarcane
43,3,0,27.44,49.87,29.06,Pulses
10,2,28,37.45,74.47,28.23,Cotton
16,0,39,34.81,64.86,33.36,Oil seeds
9,9,32,26.17,55.85,65.64,Maize
4,6,19,33.55,63.26,49.37,Sugarcane
23,1,22,30.57,51.96,42.72,Wheat
17,0,35,37.14,69.78,61.72,Ground Nuts
9,4,41,32.97,79.08,28.62,Millets
6,2,9,34.1,66.26,41.39,Tobacco
2,17,13,23.94,60.79,50.62,Sugarcane
14,0,11,26.45,51.02,41.39,Barley
32,0,1,27.91,56.12,55.18,Barley
17,0,10,24.34,62.48,28.71,Paddy
18,0,20,35.04,52.38,29.33,Paddy
9,4,33,29.04,45.29,36.71,Cotton
9,16,10,26.81,64.56,70,Pulses
9,4,36,32.4,61.69,38.95,Paddy
18,10,11,20.3,51.89,24.85,Millets
10,18,8,37.37,58.9,54.37,Sugarcane
1,15,16,32.64,56.48,33.02,Paddy
12,4,37,35.42,55.91,25.75,Paddy
27,4,22,35.12,60.79,26.45,Paddy
16,0,38,31.46,59.07,67.98,Paddy
8,9,31,35.93,61.57,37.5,Ground Nuts
36,1,3,20.63,44.57,64.79,Tobacco
9,10,34,29.83,63.99,61.91,Paddy
13,10,25,26.37,58.84,50.54,Barley
4,11,27,25.42,58.73,53.39,Oil seeds
11,16,14,33.06,62.55,67.51,Paddy
12,2,6,24.37,42.57,25.32,Millets
18,3,16,37.26,67.14,45.88,Oil seeds
40,0,0,22.49,47.55,30.52,Wheat
8,0,43,31.89,62.35,27.3,Cotton
10,8,25,29.67,64.14,54.58,Millets
35,2,0,37.95,60.75,56.21,Sugarcane
1,23,22,35.78,62.29,42.45,Ground Nuts
11,1,12,30.73,70.83,42.3,Wheat
9,2,33,31.43,49.67,32.78,Millets
1,20,20,23.5,46.98,44.43,Sugarcane
6,0,12,28.49,56.61,36.96,Barley
17,0,12,31.64,69.93,26.31,Oil seeds
9,1,3,29.38,53.5,37.11,Barley
45,0,1,30.63,48.47,42.44,Millets
11,3,44,22.8,50.13,24.57,Maize
11,3,39,32.25,63.55,56.37,Oil seeds
14,17,9,28.23,46.91,30.9,Ground Nuts
39,3,3,31.75,46.07,32.2,Pulses
12,0,12,28.62,60.33,42.04,Wheat
11,1,34,32.22,48.92,28.62,Sugarcane
22,0,23,24.96,57.15,41.93,Millets
16,0,33,24.72,49.17,70,Barley
8,0,11,30.52,69.57,57.08,Barley
12,10,13,35.87,63.1,51.54,Tobacco
38,0,0,30.23,51.35,46.67,Maize
41,3,4,34.48,80,52.95,Tobacco
24,0,24,27.91,58.92,33.61,Cotton
9,7,33,28.2,46.89,48.92,Sugarcane
10,2,40,27.32,55.2,41.01,Barley
16,0,17,23.91,44.08,34.26,Maize
32,2,0,27.49,50.47,40.81,Wheat
35,1,3,33.2,59.06,38.13,Paddy
9,7,16,26.61,64.82,70,Paddy
13,4,41,26.96,57.09,63.16,Cotton
9,8,34,32.7,66.93,54.09,Barley
34,0,4,30.35,64.11,45.1,Sugarcane
4,13,32,38.32,58.04,29.6,Barley
42,3,0,38.87,66.29,56.82,Millets
11,1,35,25.68,65.12,32.55,Millets
11,4,6,28.68,54.9,52.05,Ground Nuts
13,0,19,22.25,51.9,65.54,Tobacco
19,0,19,22.04,60.41,51.67,Paddy
9,20,19,21.1,51.51,46,Oil seeds
17,0,15,28.23,63.31,41.67,Cotton
18,0,16,22.8,50.11,38.86,Cotton
4,9,30,29.82,63.7,20.39,Paddy
43,0,3,25.57,54.15,30.23,Barley
11,0,33,38.7,70.68,55.4,Paddy
4,9,37,29.85,48.35,49.94,Tobacco
27,4,16,29.5,46.63,46.49,Cotton
14,2,35,28.04,63.25,67.45,Maize
14,3,10,29.12,44.13,29.35,Pulses
5,9,34,26.52,58.92,34.29,Tobacco
22,0,16,21.31,57.18,24.62,Cotton
21,0,23,28.53,56.5,53.26,Tobacco
15,11,15,29.74,67.01,62.02,Paddy
7,13,18,31.09,49.95,49.7,Sugarcane
18,1,25,30.64,48.22,36.77,Ground Nuts
6,9,28,25.61,54.53,30.19,Sugarcane
7,0,10,27.97,47.17,23.87,Pulses
33,2,0,33.96,74.09,54.5,Pulses
31,0,0,31.13,63.28,33.21,Ground Nuts
11,0,12,30.16,48.47,29.99,Cotton
17,1,36,27.03,54.61,29.22,Tobacco
11,0,14,34.33,61.44,37.09,Millets
38,0,0,32.45,57.39,37.81,Wheat
10,13,13,20.25,57.16,58.47,Maize
18,4,22,29.45,64.13,38.78,Cotton
20,0,20,33.61,71.46,47.12,Pulses
14,11,34,27.8,66.95,64.26,Wheat
17,0,42,26.61,57.49,20,Sugarcane
7,3,19,22.94,62.54,60.3,Maize
25,0,22,21.09,58.26,53.18,Pulses
23,0,24,26.66,64.42,45.56,Oil seeds
14,2,40,27.71,49.09,20.19,Oil seeds
15,4,37,29.06,51.8,55.09,Barley
35,2,2,30.52,56.23,50.8,Pulses
9,5,28,34.08,50.64,63.2,Cotton
42,0,0,27.39,44.22,57.71,Oil seeds
11,0,40,35.58,59.73,38.2,Pulses
11,9,17,31.55,56.81,69.3,Sugarcane
13,10,12,21.26,40.17,21,Wheat
11,14,19,23.21,54.01,47.49,Wheat
21,0,25,24.72,56.71,42.09,Tobacco
38,1,0,30.01,73.84,51.09,Barley
8,0,7,26.1,43.22,23.24,Millets
11,4,12,30.85,57.89,52.46,Sugarcane
8,0,10,31,66.62,40.41,Maize
36,0,0,32.4,63.31,54.7,Barley
33,2,3,29.03,60.03,35.31,Maize
8,4,14,32.36,59.53,47.64,Barley
6,10,25,30.19,57.73,35,Barley
8,19,16,29.96,55.46,24.12,Cotton
17,0,28,36.83,69.28,25.17,Wheat
35,4,3,26.95,60.64,35.66,Barley
17,3,12,31.23,44.6,25.08,Maize
9,9,34,33.78,51.39,47.6,Cotton
31,3,0,30.05,43.14,35.86,Ground Nuts
7,14,32,32.02,65.43,53.07,Sugarcane
45,1,3,32.6,70.04,38.74,Oil seeds
5,10,28,30.26,62.42,39.3,Ground Nuts
38,3,1,32.38,64.54,42.94,Oil seeds
6,4,10,26.34,51.73,64.26,Maize
6,13,28,35.41,64.82,37.5,Tobacco
39,0,0,36.97,62.88,35.83,Maize
9,9,13,37.09,64.38,48.85,Maize
8,0,7,27.52,63.71,48.66,Sugarcane
10,4,33,24.48,64.2,53.94,Pulses
10,0,17,25.66,59.28,49.09,Barley
15,15,14,21.42,48.7,23.99,Wheat
27,3,24,27.59,55.45,46.99,Wheat
10,1,32,25.31,54.96,42.95,Paddy
25,1,22,27.77,46.81,52.26,Sugarcane
5,1,10,27.99,49.45,28.34,Oil seeds
10,16,16,25.31,52.69,46.3,Tobacco
18,4,20,20.9,47.22,38.74,Paddy
17,3,12,38.93,73.79,39.95,Maize
11,0,33,32.5,52.21,45.37,Millets
17,0,20,27.51,56.22,31.72,Tobacco
17,0,23,30.2,52.48,47.01,Millets
10,6,25,30.46,57.4,50.66,Cotton
5,13,15,29.85,70.42,53.9,Millets
14,17,9,32.1,63.87,62.18,Paddy
41,0,3,29.02,56.08,69.64,Tobacco
40,0,1,37.77,68.79,52.51,Pulses
38,3,1,28.96,44.12,38.64,Barley
6,7,29,30.78,67.39,59.69,Pulses
20,2,23,32.45,58.34,40.46,Pulses
14,3,9,29.13,44.19,38.55,Millets
32,1,4,22.56,53.06,45.6,Tobacco
39,0,4,24.66,54,32.86,Sugarcane
7,0,12,32.23,60.35,52.66,Pulses
10,5,29,33.28,59.63,23.84,Millets
22,0,23,30.38,53.03,38.43,Oil seeds
33,1,1,33.24,67.38,66.34,Oil seeds
11,2,39,24.63,45.95,37.32,Sugarcane
37,0,0,30.39,55.03,47.02,Millets
28,0,20,21.24,47.35,32.53,Ground Nuts
34,0,1,20.85,58.5,65.7,Barley
13,3,42,30.07,53.75,28.21,Pulses
8,0,37,25.05,54.36,40.75,Sugarcane
26,2,16,28.08,63.94,40.47,Pulses
36,2,0,26.74,46.67,64.2,Sugarcane
10,1,5,35.21,54.52,33.97,Maize
12,0,8,32.32,54.98,49.88,Sugarcane
13,0,13,30.34,56.6,37.66,Oil seeds
22,0,21,28.58,65.43,55.68,Sugarcane
8,10,14,32.16,62.99,55.68,Barley
11,1,37,31.59,52.6,26.27,Barley
15,4,42,30.47,71.93,28.93,Wheat
4,21,24,33.94,69.58,46.01,Barley
13,0,37,40,61,41.55,Maize
23,0,28,30.63,52.83,40.16,Pulses
5,4,30,32.25,54.93,32.87,Cotton
21,3,21,31.06,58.28,27.05,Pulses
14,4,5,30.28,50.57,45.48,Tobacco
9,13,12,34.28,70.67,55.22,Tobacco
6,13,17,23.05,52.71,38.47,Cotton
14,0,12,31.1,68.24,34.24,Millets
10,9,29,37.04,63.65,37.66,Maize
11,0,38,38.43,57.96,69.57,Cotton
35,0,3,32.22,54.27,38.62,Ground Nuts
36,0,0,40,74.57,47.73,Wheat
12,7,35,33.61,58.4,53.84,Pulses
10,7,29,26.21,55.82,40.52,Millets
6,13,30,33.44,74.2,47.96,Ground Nuts
45,0,0,34.14,73.42,43.02,Barley
11,4,26,39.52,67.73,51.76,Sugarcane
40,3,3,40,77.82,37.44,Wheat
7,4,13,27.95,53.87,46.04,Maize
9,17,18,39.18,73.57,58.33,Maize
11,0,11,33.75,69.57,30,Sugarcane
5,9,25,27.3,49.58,30.5,Maize
33,1,4,32.94,51.34,51.7,Maize
17,4,37,32.4,61.14,47.06,Wheat
10,22,22,32.91,58.24,59.48,Barley
11,0,8,30.55,64.61,50.52,Pulses
13,0,12,31.55,43.6,51.07,Cotton
24,0,17,33.23,66.86,28.43,Tobacco
16,0,22,26.63,59.52,31.78,Oil seeds
7,8,27,29.89,58.63,68.75,Millets
9,4,32,33.19,68.69,31.4,Pulses
36,0,0,29.76,65.67,57.62,Pulses
10,0,43,35.42,62.94,37.99,Tobacco
18,0,16,35.64,61.77,28.86,Millets
12,4,11,29.43,66.72,40.93,Wheat
12,2,31,28.46,63.35,51.28,Maize
12,1,15,23.12,47.76,27.04,Ground Nuts
25,0,23,26.9,71.54,43.14,Tobacco
3,7,25,28.92,72.65,58.39,Tobacco
20,2,16,30.08,54.89,41.18,Millets
33,0,0,27.52,65.37,24.05,Paddy
8,15,11,23.17,50.04,33.92,Wheat
11,13,32,23.79,58.36,23.74,Barley
19,0,39,39.81,59.87,36.5,Oil seeds
19,0,24,32.65,57.34,24.75,Millets
14,0,12,28.79,52.18,55.68,Millets
7,5,33,24.47,49.03,26.52,Cotton
24,2,14,33.78,59.21,54.84,Wheat
41,0,0,26.11,42.23,33.59,Millets
43,0,0,27.98,66.44,24.95,Ground Nuts
30,0,0,29.68,59.22,36.21,Barley
8,0,42,40,65.25,38.68,Pulses
26,0,24,29.82,66.48,26.27,Sugarcane
41,0,0,32.46,44.86,30.71,Sugarcane
33,0,1,36.43,68.37,45.11,Tobacco
8,12,14,28.53,50.93,32.94,Cotton
5,14,19,26.17,68.6,21.39,Oil seeds
30,0,0,22.65,53.88,25.63,Oil seeds
11,12,28,25.65,61.88,34.2,Wheat
8,11,25,35.88,60.02,54.82,Paddy
6,4,19,28.12,57.98,53.96,Wheat
35,0,0,28.17,63.82,46.27,Wheat
13,0,37,25.59,61.86,35.24,Cotton
8,18,11,28.26,52.27,34.48,Sugarcane
32,2,4,28.77,60.04,35.99,Maize
21,0,19,22.67,44.94,57.31,Sugarcane
37,1,0,27.56,44.94,44.87,Cotton
11,4,13,33.77,55.55,39.11,Paddy
11,0,36,35.02,69.63,29.61,Paddy
37,0,0,29.26,45.19,22.33,Oil seeds
12,2,9,31.71,69.4,32.98,Cotton
14,13,9,30.16,60.67,37.22,Barley
39,0,1,28.65,60.71,44.52,Pulses
15,4,15,35.76,59,37.95,Cotton
4,13,35,31.26,61.46,56.74,Millets
13,0,9,28.83,56.35,43.69,Barley
9,15,8,26.81,68.51,57.27,Millets
23,0,25,32.28,64.92,25.67,Ground Nuts
11,0,37,40,63.6,26.39,Pulses
18,4,39,22.96,56.23,30.77,Cotton
24,0,20,29.48,41.38,29.63,Ground Nuts
8,4,10,29.52,62.66,29.65,Wheat
6,9,27,32.92,58.25,66.52,Maize
13,4,39,37.61,60.04,49.05,Maize
19,0,39,31.96,60.24,45.23,Paddy
7,0,8,23.7,42.61,38.64,Pulses
15,0,43,34.45,67.14,34.11,Paddy
8,0,12,27.28,53.74,47.89,Cotton
14,0,18,38.56,64.33,25.81,Wheat
7,0,39,38.58,73.91,42.11,Wheat
32,0,1,27.56,59.15,37.01,Pulses
21,0,25,27.37,64.83,49.57,Millets
10,4,5,30.47,57.1,59.57,Wheat
14,13,12,26.9,53.02,26.55,Paddy
5,21,19,29.88,58.26,34.56,Maize
23,0,25,27.71,44.46,32.7,Wheat
40,0,0,23.54,58.86,47.16,Sugarcane
12,0,11,24.47,59.99,64.4,Wheat
10,0,43,38.93,50.59,50.36,Sugarcane
40,0,0,25.11,48.56,39.33,Sugarcane
9,22,21,31.42,61.64,53.25,Maize
10,2,8,24.66,55.05,22.56,Pulses
10,11,27,31.54,53.53,57.76,Tobacco
16,13,16,29.19,57.91,29.68,Maize
17,12,15,28.72,60.25,48.31,Wheat
9,0,6,26.53,50.82,58.73,Maize
35,3,2,34.81,72.24,37.11,Maize
10,16,23,33.3,71.48,57.21,Wheat
1,21,19,27.97,58.72,44.33,Ground Nuts
12,0,10,29.4,53.94,34.97,Oil seeds
15,0,8,32.02,65.33,38.04,Sugarcane
23,3,16,32.62,69.47,40.77,Ground Nuts
8,0,40,31.58,64.65,54.87,Sugarcane
39,1,0,33.71,68.66,44.72,Cotton
22,4,22,36.71,62.34,27.09,Tobacco
19,9,11,28.42,50.81,31.81,Millets
39,2,0,29.25,74.15,45.73,Barley
10,3,8,27.35,67.26,42.1,Oil seeds
26,2,19,23.17,50.72,53.22,Maize
5,0,10,24.09,57.64,70,Millets
23,0,21,29.97,50.7,36.33,Wheat
10,3,36,36.49,70.7,60.17,Oil seeds
16,4,30,29.51,65.1,65.25,Oil seeds
23,4,24,29.27,66.78,50.96,Maize
25,0,18,29.88,57.24,45.44,Millets
11,0,15,28.64,46.68,31.48,Tobacco
36,2,4,27.42,44.23,32.95,Barley
11,1,38,36.89,66.29,60.84,Ground Nuts
26,2,20,34.42,59.76,42.39,Maize
35,2,0,29.88,70.26,34.36,Pulses
41,4,1,34.97,68.96,25.98,Paddy
4,19,12,29.62,68.68,36.49,Maize
6,5,31,32.64,55.94,53.27,Wheat
13,1,40,32.31,48.95,63.07,Pulses
7,4,29,36.78,57.38,22.77,Wheat
12,0,15,37.71,66.52,23.68,Sugarcane
12,4,15,36.08,75.9,30.95,Cotton
17,0,23,27.5,71.05,41.74,Barley
8,18,15,37.1,64.48,57.39,Millets
11,1,11,24.74,60.57,32.84,Cotton
12,15,16,29.31,65.95,20.69,Oil seeds
15,4,8,25.02,47.4,28.38,Wheat
10,0,38,30.86,57.51,25.42,Sugarcane
4,3,18,29.43,67.48,32.15,Millets
9,12,29,32.19,54.53,52.95,Millets
13,0,30,25.53,52.33,58.88,Sugarcane
26,0,23,32.93,62.95,42.75,Sugarcane
12,1,45,23.13,57.17,30.1,Barley
2,5,28,34.3,61.63,47.02,Wheat
11,2,8,36.18,59.14,62.07,Maize
10,0,38,24.32,42.11,32.47,Pulses
16,0,40,32.82,51.38,44.81,Ground Nuts
14,8,10,34.62,70.94,56.04,Pulses
43,0,4,34,66.54,55.39,Ground Nuts
19,18,12,28.62,47.01,27.51,Sugarcane
19,0,22,35.35,71.27,70,Barley
16,0,42,35,59.47,32.84,Sugarcane
11,3,32,33.59,57.66,54.37,Wheat
7,2,41,32.15,69.95,36.68,Paddy
12,0,37,24.84,52.43,64.91,Paddy
8,14,12,33.7,53.48,55.24,Sugarcane
10,4,31,31.05,66.1,67.51,Wheat
23,0,20,31.65,52.45,40.07,Oil seeds
37,3,1,29.95,51.27,44.42,Pulses
4,6,29,36.15,75.78,34.18,Ground Nuts
32,0,0,28.74,59.78,62.23,Wheat
17,4,31,29.69,64.42,57.32,Wheat
3,9,27,32.92,74.73,37.68,Wheat
6,6,28,40,71.69,45.98,Pulses
16,1,33,29.82,57.59,58.76,Wheat
8,17,21,31.74,63.6,38.22,Maize
10,0,40,25.58,56.58,54.54,Maize
6,17,20,36.47,69.23,46.99,Tobacco
8,8,27,28.88,68.91,22.41,Barley
8,0,5,29.26,62.18,50.45,Wheat
18,16,16,32.44,64,39.76,Tobacco
7,0,9,27.83,54.18,53.54,Wheat
15,0,13,24.36,56.1,54.7,Millets
12,0,41,32.16,64.74,23.88,Wheat
9,1,39,28.08,51.05,51.19,Paddy
35,0,0,26.09,60.39,70,Oil seeds
19,18,14,28.7,50.97,22.32,Maize
9,0,9,31.44,60.25,50.87,Barley
3,7,29,39.86,58.58,45.17,Pulses
24,0,16,28.69,43.52,47.72,Paddy
2,22,24,31.16,66.55,38.16,Oil seeds
22,0,20,31.87,65.45,31.98,Barley
17,0,36,33.32,63.9,66.9,Paddy
41,0,0,31.98,63.51,24.19,Wheat
13,12,26,29.3,52.52,59.05,Barley
8,0,35,28.2,46.6,47.75,Pulses
7,0,15,26.86,63.11,40.03,Wheat
19,0,24,25.75,46.01,43.13,Paddy
33,0,3,32.35,49.24,48.5,Millets
26,0,25,30.13,64.72,39.08,Millets
10,20,13,34,66.67,32.44,Ground Nuts
17,0,39,27.52,64,39,Ground Nuts
40,3,2,28.04,57.31,37.69,Maize
9,9,25,26.14,57.9,20,Cotton
19,2,23,25.63,43.51,39.59,Maize
30,0,0,29.22,73.79,56.71,Paddy
11,4,37,30.34,61.61,33.6,Sugarcane
9,2,32,36.52,68.56,47.25,Pulses
34,4,3,23.28,56.67,68.46,Maize
15,0,41,29.37,63.97,20,Wheat
16,3,11,24.55,46.15,28.78,Millets
13,12,14,29.21,62.99,20.75,Pulses
5,9,36,33.56,64.48,49.59,Tobacco
6,13,26,28.72,54.05,46.87,Wheat
7,5,28,32.29,67.95,50.47,Ground Nuts
11,1,8,28.08,56.34,41.97,Tobacco
9,16,14,32.86,67.54,58.78,Maize
13,2,11,25.52,48.3,60.18,Wheat
6,10,31,37.23,62.96,32.84,Barley
15,3,40,31.69,58.52,66.67,Tobacco
13,0,12,25.23,42.61,57.32,Cotton
6,8,33,31.22,60.38,20,Wheat
37,0,2,36.36,66.52,63.86,Sugarcane
6,12,26,27.29,59.32,68.93,Maize
16,0,42,36.39,71,65.23,Barley
10,2,41,29.78,63.98,40.9,Sugarcane
11,0,10,31.27,60.81,33.61,Pulses
11,13,34,23.99,48.68,20,Oil seeds
28,3,19,27.91,45.32,31.67,Wheat
10,0,9,34.26,74.07,39.31,Paddy
35,0,0,22.06,52.67,39.56,Maize
13,16,10,33.9,52.87,59.39,Cotton
11,8,33,30.95,58.67,49.62,Maize
17,3,19,28.93,43.63,41.64,Cotton
12,9,27,28.89,65.73,67.41,Pulses
1,23,12,23.75,41.84,36.89,Pulses
13,0,41,32.89,73.2,61.14,Barley
34,3,0,25.18,44.54,29.17,Sugarcane
37,0,0,25.16,62.12,48.45,Cotton
25,4,25,31.85,66.55,47.93,Paddy
15,12,12,31.23,56.4,57.12,Maize
6,4,32,33.73,55.28,55.87,Wheat
13,4,35,29.48,62.99,28.37,Pulses
9,0,42,35.22,74.25,40.93,Ground Nuts
13,14,18,29.55,69.77,43.55,Maize
34,3,4,31.42,62.68,53.13,Paddy
17,4,26,31.87,70.05,30.84,Sugarcane
46,3,0,28.52,53.09,38.5,Oil seeds
37,0,1,31.18,54.18,36.66,Sugarcane
3,5,33,34.43,56.84,51.15,Pulses
30,0,0,31.91,60.89,34.53,Wheat
19,14,15,29.88,43.2,21.33,Ground Nuts
14,15,12,27.52,52.93,58.25,Paddy
7,16,23,35.82,64.69,38.55,Paddy
20,2,15,22.52,49.65,29.74,Wheat
5,17,18,25.12,54.96,33.96,Oil seeds
42,2,4,28,51.97,28.7,Millets
13,0,9,36.28,59.06,26.66,Maize
27,1,22,27.91,59.9,44.02,Cotton
15,8,11,26.35,57.93,25.04,Pulses
35,1,0,33.47,57.91,25.73,Tobacco
13,16,13,30.31,50.75,39.01,Oil seeds
26,2,21,28.95,60.12,46.69,Ground Nuts
41,0,0,28.04,68.04,35.47,Tobacco
21,0,18,28.77,46.44,53.68,Maize
15,3,11,27.5,46.3,38.5,Maize
2,4,27,35.03,73.63,57.92,Cotton
12,0,34,37.17,56.02,62.53,Wheat
20,0,18,24.05,46.54,42.61,Maize
3,13,34,33.73,61.96,28.3,Sugarcane
7,18,20,20.72,56.64,38.74,Barley
14,5,33,25.39,54.64,36.2,Ground Nuts
20,3,19,33.49,64.59,37.02,Cotton
19,0,15,34.24,73.77,56.36,Pulses
6,4,37,27.58,65.51,52.06,Tobacco
13,4,42,40,66.7,39.73,Millets
15,3,14,36.43,71.29,30.73,Oil seeds
10,14,10,35.3,59.61,44.25,Oil seeds
35,0,0,39.39,71.67,49.34,Barley
41,0,0,35.79,67.64,45.04,Barley
10,3,30,37.78,73.38,36.03,Tobacco
11,2,33,31.38,48.73,62.27,Millets
