nitrogen,potassium,phosphorus,temperature,humidity,moisture,crop,soil_type,fertilizer_name,ph,organic_carbon,region,date,ec,nitrogen_is_zero,nitrogen_was_missing,phosphorus_is_zero,phosphorus_was_missing,potassium_is_zero,potassium_was_missing
37,0,0,26.0,52.0,38.0,Maize,Sandy,Urea,,,,,,0,0,1,0,1,0
12,0,36,29.0,52.0,45.0,Sugarcane,Loamy,DAP,,,,,,0,0,0,0,1,0
35,0,0,28.0,54.0,46.0,Paddy,Clayey,Urea,,,,,,0,0,1,0,1,0
12,10,13,26.0,52.0,35.0,Barley,Sandy,17-17-17,,,,,,0,0,0,0,0,0
41,0,0,33.0,64.0,50.0,Wheat,Loamy,Urea,,,,,,0,0,1,0,1,0
21,0,18,30.0,60.0,42.0,Millets,Sandy,28-28,,,,,,0,0,0,0,1,0
14,15,12,31.0,62.0,48.0,Maize,Sandy,17-17-17,,,,,,0,0,0,0,0,0
24,0,22,32.0,62.0,41.0,Paddy,Clayey,28-28,,,,,,0,0,0,0,1,0
14,0,41,26.0,52.0,31.0,Ground Nuts,Red,DAP,,,,,,0,0,0,0,1,0
10,13,14,31.0,62.0,49.0,Sugarcane,Black,17-17-17,,,,,,0,0,0,0,0,0
21,0,19,25.0,50.0,39.0,Barley,Sandy,28-28,,,,,,0,0,0,0,1,0
13,0,36,29.0,58.0,52.0,Wheat,Loamy,DAP,,,,,,0,0,0,0,1,0
10,0,9,30.0,60.0,44.0,Millets,Sandy,20-20,,,,,,0,0,0,0,1,0
12,14,12,34.0,65.0,53.0,Sugarcane,Loamy,17-17-17,,,,,,0,0,0,0,0,0
36,0,0,28.0,54.0,37.0,Millets,Black,Urea,,,,,,0,0,1,0,1,0
13,0,10,33.0,64.0,39.0,Paddy,Clayey,20-20,,,,,,0,0,0,0,1,0
23,0,20,26.0,52.0,44.0,Maize,Sandy,28-28,,,,,,0,0,0,0,1,0
38,0,0,32.0,62.0,30.0,Sugarcane,Loamy,Urea,,,,,,0,0,1,0,1,0
24,0,23,29.0,58.0,40.0,Ground Nuts,Red,28-28,,,,,,0,0,0,0,1,0
12,0,40,30.0,60.0,27.0,Sugarcane,Loamy,DAP,,,,,,0,0,0,0,1,0
39,0,0,34.0,65.0,38.0,Paddy,Clayey,Urea,,,,,,0,0,1,0,1,0
7,9,30,36.0,68.0,38.0,Barley,Sandy,14-35-14,,,,,,0,0,0,0,0,0
23,0,19,26.0,52.0,48.0,Wheat,Loamy,28-28,,,,,,0,0,0,0,1,0
41,0,0,28.0,54.0,35.0,Millets,Black,Urea,,,,,,0,0,1,0,1,0
12,0,41,37.0,70.0,37.0,Paddy,Clayey,DAP,,,,,,0,0,0,0,1,0
15,14,11,25.0,50.0,26.0,Ground Nuts,Red,17-17-17,,,,,,0,0,0,0,0,0
15,0,37,29.0,58.0,34.0,Millets,Sandy,DAP,,,,,,0,0,0,0,1,0
10,7,32,30.0,60.0,58.0,Sugarcane,Loamy,14-35-14,,,,,,0,0,0,0,0,0
35,0,0,34.0,65.0,60.0,Sugarcane,Black,Urea,,,,,,0,0,1,0,1,0
10,0,35,35.0,67.0,42.0,Barley,Sandy,DAP,,,,,,0,0,0,0,1,0
8,8,28,38.0,70.0,48.0,Wheat,Loamy,14-35-14,,,,,,0,0,0,0,0,0
24,0,18,29.0,58.0,43.0,Paddy,Clayey,28-28,,,,,,0,0,0,0,1,0
41,0,0,30.0,60.0,29.0,Ground Nuts,Red,Urea,,,,,,0,0,1,0,1,0
5,9,29,33.0,64.0,51.0,Maize,Sandy,14-35-14,,,,,,0,0,0,0,0,0
12,0,42,30.0,60.0,47.0,Barley,Sandy,DAP,,,,,,0,0,0,0,1,0
23,0,24,27.0,53.0,43.0,Millets,Black,28-28,,,,,,0,0,0,0,1,0
38,0,0,34.0,65.0,54.0,Wheat,Loamy,Urea,,,,,,0,0,1,0,1,0
8,0,15,29.0,58.0,37.0,Millets,Sandy,20-20,,,,,,0,0,0,0,1,0
11,13,15,25.0,50.0,56.0,Sugarcane,Loamy,17-17-17,,,,,,0,0,0,0,0,0
15,0,37,32.0,62.0,34.0,Ground Nuts,Red,DAP,,,,,,0,0,0,0,1,0
36,0,0,28.0,54.0,41.0,Paddy,Clayey,Urea,,,,,,0,0,1,0,1,0
13,0,9,30.0,60.0,49.0,Wheat,Loamy,20-20,,,,,,0,0,0,0,1,0
5,18,15,28.0,54.0,47.0,Barley,Sandy,10-26-26,,,,,,0,0,0,0,0,0
9,0,13,34.0,65.0,57.0,Sugarcane,Black,20-20,,,,,,0,0,0,0,1,0
8,8,33,29.0,58.0,55.0,Sugarcane,Loamy,14-35-14,,,,,,0,0,0,0,0,0
10,0,14,30.0,60.0,38.0,Millets,Sandy,20-20,,,,,,0,0,0,0,1,0
23,0,19,34.0,65.0,48.0,Wheat,Loamy,28-28,,,,,,0,0,0,0,1,0
13,0,39,33.0,64.0,31.0,Ground Nuts,Red,DAP,,,,,,0,0,0,0,1,0
9,10,22,29.0,58.0,42.0,Paddy,Clayey,14-35-14,,,,,,0,0,0,0,0,0
22,0,21,30.0,60.0,47.0,Maize,Sandy,28-28,,,,,,0,0,0,0,1,0
10,0,15,27.0,53.0,59.0,Sugarcane,Loamy,20-20,,,,,,0,0,0,0,1,0
10,8,29,28.0,54.0,43.0,Paddy,Clayey,14-35-14,,,,,,0,0,0,0,0,0
41,0,0,30.0,60.0,40.0,Millets,Sandy,Urea,,,,,,0,0,1,0,1,0
11,0,9,26.0,52.0,59.0,Sugarcane,Loamy,20-20,,,,,,0,0,0,0,1,0
21,0,28,31.0,62.0,44.0,Barley,Sandy,28-28,,,,,,0,0,0,0,1,0
35,0,0,27.0,53.0,30.0,Millets,Black,Urea,,,,,,0,0,1,0,1,0
12,18,19,36.0,68.0,50.0,Wheat,Loamy,10-26-26,,,,,,0,0,0,0,0,0
6,19,21,34.0,65.0,45.0,Paddy,Clayey,10-26-26,,,,,,0,0,0,0,0,0
41,0,0,36.0,68.0,41.0,Ground Nuts,Red,Urea,,,,,,0,0,1,0,1,0
9,10,30,28.0,54.0,25.0,Maize,Sandy,14-35-14,,,,,,0,0,0,0,0,0
39,0,0,38.0,72.0,51.0,Wheat,Loamy,Urea,,,,,,0,0,1,0,1,0
15,0,41,36.0,60.0,43.0,Millets,Sandy,DAP,,,,,,0,0,0,0,1,0
12,0,10,29.0,58.0,57.0,Sugarcane,Black,20-20,,,,,,0,0,0,0,1,0
9,12,14,27.45,66.38,50.14,Millets,Black,28-28,,,,,,0,0,0,0,0,0
28,0,22,27.25,63.62,40.35,Wheat,Black,Urea,,,,,,0,0,0,0,1,0
8,9,28,28.84,58.91,33.06,Millets,Clayey,17-17-17,,,,,,0,0,0,0,0,0
40,2,0,25.86,48.46,46.25,Ground Nuts,Red,28-28,,,,,,0,0,1,0,0,0
9,14,11,36.05,73.59,58.17,Millets,Red,17-17-17,,,,,,0,0,0,0,0,0
5,8,30,26.76,64.22,53.63,Ground Nuts,Sandy,28-28,,,,,,0,0,0,0,0,0
40,0,0,28.27,52.88,43.3,Wheat,Black,10-26-26,,,,,,0,0,1,0,1,0
19,4,28,30.63,63.88,38.71,Paddy,Loamy,DAP,,,,,,0,0,0,0,0,0
11,5,12,26.02,52.46,31.12,Barley,Loamy,10-26-26,,,,,,0,0,0,0,0,0
37,2,4,30.63,61.45,23.18,Maize,Black,17-17-17,,,,,,0,0,0,0,0,0
12,13,13,23.63,52.62,31.03,Sugarcane,Clayey,14-35-14,,,,,,0,0,0,0,0,0
12,0,36,31.19,60.94,30.51,Paddy,Black,Urea,,,,,,0,0,0,0,1,0
10,3,31,29.44,59.34,55.51,Sugarcane,Loamy,17-17-17,,,,,,0,0,0,0,0,0
11,1,36,38.42,73.97,50.41,Sugarcane,Loamy,DAP,,,,,,0,0,0,0,0,0
34,0,3,29.04,71.09,21.12,Maize,Sandy,14-35-14,,,,,,0,0,0,0,1,0
39,0,0,23.59,55.82,62.92,Sugarcane,Red,Urea,,,,,,0,0,1,0,1,0
38,4,0,25.83,51.1,59.57,Maize,Sandy,Urea,,,,,,0,0,1,0,0,0
14,0,35,34.51,63.92,70.0,Sugarcane,Loamy,17-17-17,,,,,,0,0,0,0,1,0
13,16,11,28.43,58.72,43.9,Sugarcane,Sandy,20-20,,,,,,0,0,0,0,0,0
8,9,18,24.53,67.4,48.49,Paddy,Red,20-20,,,,,,0,0,0,0,0,0
15,4,33,30.82,51.91,54.23,Wheat,Red,14-35-14,,,,,,0,0,0,0,0,0
35,0,0,29.25,54.52,41.4,Paddy,Clayey,28-28,,,,,,0,0,1,0,1,0
41,3,4,30.76,66.64,56.32,Ground Nuts,Red,28-28,,,,,,0,0,0,0,0,0
7,11,20,27.84,66.53,36.89,Sugarcane,Loamy,Urea,,,,,,0,0,0,0,0,0
7,11,31,29.21,64.21,54.95,Wheat,Red,14-35-14,,,,,,0,0,0,0,0,0
40,0,0,32.98,62.02,33.12,Wheat,Red,10-26-26,,,,,,0,0,1,0,1,0
38,0,1,24.24,59.04,50.07,Barley,Loamy,Urea,,,,,,0,0,0,0,1,0
21,3,20,33.54,59.28,52.09,Wheat,Clayey,20-20,,,,,,0,0,0,0,0,0
35,4,0,34.43,72.28,62.22,Ground Nuts,Clayey,17-17-17,,,,,,0,0,1,0,0,0
15,0,33,32.19,68.94,67.37,Barley,Sandy,20-20,,,,,,0,0,0,0,1,0
13,0,38,28.38,52.02,43.83,Wheat,Loamy,10-26-26,,,,,,0,0,0,0,1,0
36,0,0,25.4,43.57,38.51,Maize,Red,28-28,,,,,,0,0,1,0,1,0
12,15,15,33.8,52.28,53.31,Millets,Clayey,28-28,,,,,,0,0,0,0,0,0
20,0,20,28.38,47.58,34.86,Paddy,Black,28-28,,,,,,0,0,0,0,1,0
1,14,22,30.08,73.84,41.22,Sugarcane,Sandy,10-26-26,,,,,,0,0,0,0,0,0
31,1,0,34.95,64.93,62.63,Wheat,Clayey,14-35-14,,,,,,0,0,1,0,0,0
11,3,14,23.42,53.65,69.68,Barley,Sandy,20-20,,,,,,0,0,0,0,0,0
17,0,31,31.68,62.14,42.55,Sugarcane,Black,17-17-17,,,,,,0,0,0,0,1,0
19,0,19,31.03,69.0,49.46,Maize,Loamy,20-20,,,,,,0,0,0,0,1,0
5,8,32,31.78,44.27,45.07,Maize,Loamy,DAP,,,,,,0,0,0,0,0,0
39,0,2,22.3,60.64,40.78,Ground Nuts,Sandy,28-28,,,,,,0,0,0,0,1,0
13,0,8,26.67,47.94,34.08,Sugarcane,Black,DAP,,,,,,0,0,0,0,1,0
12,6,30,26.75,56.87,20.0,Barley,Clayey,17-17-17,,,,,,0,0,0,0,0,0
24,0,17,30.64,65.77,32.86,Sugarcane,Clayey,17-17-17,,,,,,0,0,0,0,1,0
8,13,18,28.61,62.22,41.53,Ground Nuts,Loamy,Urea,,,,,,0,0,0,0,0,0
39,2,0,37.09,63.72,47.99,Sugarcane,Red,17-17-17,,,,,,0,0,1,0,0,0
37,3,0,21.78,55.6,33.66,Maize,Loamy,10-26-26,,,,,,0,0,1,0,0,0
2,5,25,30.42,70.37,55.92,Wheat,Red,17-17-17,,,,,,0,0,0,0,0,0
10,0,34,28.09,56.62,36.14,Ground Nuts,Loamy,20-20,,,,,,0,0,0,0,1,0
16,3,22,22.95,55.86,31.58,Paddy,Black,28-28,,,,,,0,0,0,0,0,0
11,11,16,38.4,67.88,62.06,Maize,Clayey,28-28,,,,,,0,0,0,0,0,0
10,4,11,26.47,62.91,46.87,Ground Nuts,Sandy,28-28,,,,,,0,0,0,0,0,0
8,13,32,29.13,56.72,67.72,Ground Nuts,Clayey,17-17-17,,,,,,0,0,0,0,0,0
19,0,20,26.75,58.1,39.27,Maize,Clayey,14-35-14,,,,,,0,0,0,0,1,0
41,0,1,30.42,48.76,42.28,Millets,Red,17-17-17,,,,,,0,0,0,0,1,0
14,13,8,24.9,51.02,31.9,Ground Nuts,Loamy,17-17-17,,,,,,0,0,0,0,0,0
34,1,0,27.31,57.3,22.41,Wheat,Loamy,Urea,,,,,,0,0,1,0,0,0
8,1,9,31.5,74.7,23.25,Ground Nuts,Clayey,DAP,,,,,,0,0,0,0,0,0
19,0,26,27.63,69.25,41.18,Millets,Loamy,DAP,,,,,,0,0,0,0,1,0
38,0,4,22.59,45.7,33.13,Maize,Black,14-35-14,,,,,,0,0,0,0,1,0
26,2,22,27.69,55.55,27.9,Sugarcane,Red,20-20,,,,,,0,0,0,0,0,0
6,1,14,24.27,52.43,62.34,Millets,Loamy,DAP,,,,,,0,0,0,0,0,0
9,3,11,30.42,50.01,26.27,Ground Nuts,Black,28-28,,,,,,0,0,0,0,0,0
13,0,35,31.52,44.64,42.86,Barley,Red,28-28,,,,,,0,0,0,0,1,0
12,4,13,30.64,57.57,46.45,Wheat,Red,20-20,,,,,,0,0,0,0,0,0
15,0,16,22.17,47.78,43.03,Paddy,Clayey,28-28,,,,,,0,0,0,0,1,0
5,10,32,36.5,65.85,42.33,Maize,Loamy,10-26-26,,,,,,0,0,0,0,0,0
8,4,6,35.13,65.69,37.76,Maize,Black,28-28,,,,,,0,0,0,0,0,0
6,14,10,24.82,53.75,47.97,Ground Nuts,Black,DAP,,,,,,0,0,0,0,0,0
10,0,12,29.46,59.4,49.1,Ground Nuts,Clayey,28-28,,,,,,0,0,0,0,1,0
10,5,31,32.45,60.24,55.92,Millets,Sandy,28-28,,,,,,0,0,0,0,0,0
15,4,39,37.34,63.39,25.36,Paddy,Red,14-35-14,,,,,,0,0,0,0,0,0
12,0,37,31.9,55.45,59.87,Barley,Sandy,14-35-14,,,,,,0,0,0,0,1,0
35,0,0,29.67,58.75,40.69,Sugarcane,Sandy,Urea,,,,,,0,0,1,0,1,0
23,0,15,32.2,50.72,39.63,Ground Nuts,Clayey,28-28,,,,,,0,0,0,0,1,0
6,0,41,29.24,62.15,51.65,Millets,Black,10-26-26,,,,,,0,0,0,0,1,0
37,0,1,34.15,71.16,41.7,Paddy,Red,Urea,,,,,,0,0,0,0,1,0
9,0,35,31.56,55.15,56.8,Barley,Red,DAP,,,,,,0,0,0,0,1,0
11,0,14,34.15,63.96,47.64,Barley,Red,14-35-14,,,,,,0,0,0,0,1,0
9,4,18,30.7,57.71,38.36,Wheat,Sandy,28-28,,,,,,0,0,0,0,0,0
23,2,22,34.89,53.79,37.58,Ground Nuts,Red,Urea,,,,,,0,0,0,0,0,0
37,0,0,23.75,61.43,52.94,Ground Nuts,Black,DAP,,,,,,0,0,1,0,1,0
13,0,10,25.36,50.91,24.39,Wheat,Loamy,20-20,,,,,,0,0,0,0,1,0
39,0,0,36.35,61.89,65.38,Sugarcane,Black,DAP,,,,,,0,0,1,0,1,0
24,0,21,21.91,46.66,45.27,Millets,Black,14-35-14,,,,,,0,0,0,0,1,0
8,0,12,28.93,50.28,20.33,Wheat,Red,Urea,,,,,,0,0,0,0,1,0
7,6,34,30.06,53.68,70.0,Maize,Sandy,20-20,,,,,,0,0,0,0,0,0
19,0,22,29.38,60.44,45.57,Millets,Clayey,14-35-14,,,,,,0,0,0,0,1,0
20,0,19,30.2,51.16,32.5,Barley,Red,DAP,,,,,,0,0,0,0,1,0
11,0,9,32.46,68.2,64.77,Sugarcane,Sandy,14-35-14,,,,,,0,0,0,0,1,0
11,0,35,37.9,75.51,25.35,Ground Nuts,Clayey,DAP,,,,,,0,0,0,0,1,0
17,0,15,31.75,62.4,34.97,Wheat,Black,Urea,,,,,,0,0,0,0,1,0
15,0,40,26.71,55.89,69.87,Paddy,Loamy,14-35-14,,,,,,0,0,0,0,1,0
17,0,20,29.73,58.67,29.64,Barley,Red,17-17-17,,,,,,0,0,0,0,1,0
8,13,12,25.93,54.07,23.84,Maize,Loamy,14-35-14,,,,,,0,0,0,0,0,0
11,1,12,26.47,55.37,59.34,Maize,Sandy,20-20,,,,,,0,0,0,0,0,0
18,0,42,21.92,53.0,33.57,Barley,Black,17-17-17,,,,,,0,0,0,0,1,0
9,4,10,29.55,45.99,50.06,Sugarcane,Red,10-26-26,,,,,,0,0,0,0,0,0
21,4,24,31.27,62.18,32.06,Paddy,Sandy,14-35-14,,,,,,0,0,0,0,0,0
10,1,32,32.51,61.45,70.0,Ground Nuts,Loamy,Urea,,,,,,0,0,0,0,0,0
10,9,18,28.02,54.85,55.71,Sugarcane,Sandy,20-20,,,,,,0,0,0,0,0,0
37,0,1,28.66,56.26,39.29,Sugarcane,Black,DAP,,,,,,0,0,0,0,1,0
22,0,26,30.85,70.39,29.35,Millets,Black,10-26-26,,,,,,0,0,0,0,1,0
18,4,23,22.33,56.84,29.98,Ground Nuts,Black,14-35-14,,,,,,0,0,0,0,0,0
41,0,2,28.27,52.86,22.36,Ground Nuts,Clayey,10-26-26,,,,,,0,0,0,0,1,0
17,0,12,33.27,67.2,40.49,Paddy,Loamy,10-26-26,,,,,,0,0,0,0,1,0
10,0,32,38.53,70.2,28.94,Millets,Loamy,17-17-17,,,,,,0,0,0,0,1,0
38,0,2,23.66,55.66,31.32,Wheat,Red,20-20,,,,,,0,0,0,0,1,0
9,0,16,35.01,71.58,39.2,Wheat,Black,14-35-14,,,,,,0,0,0,0,1,0
12,2,31,36.92,69.78,32.64,Maize,Clayey,14-35-14,,,,,,0,0,0,0,0,0
6,2,13,27.77,42.89,59.1,Barley,Red,Urea,,,,,,0,0,0,0,0,0
15,4,45,37.27,64.08,36.28,Barley,Red,20-20,,,,,,0,0,0,0,0,0
37,0,0,29.95,61.75,36.58,Sugarcane,Black,28-28,,,,,,0,0,1,0,1,0
26,0,21,24.97,59.24,47.46,Paddy,Sandy,20-20,,,,,,0,0,0,0,1,0
18,0,36,27.68,61.68,59.47,Paddy,Clayey,17-17-17,,,,,,0,0,0,0,1,0
16,0,38,33.71,59.42,29.32,Barley,Black,14-35-14,,,,,,0,0,0,0,1,0
3,12,31,37.36,59.64,53.7,Millets,Loamy,10-26-26,,,,,,0,0,0,0,0,0
35,0,2,32.22,56.29,48.76,Maize,Black,10-26-26,,,,,,0,0,0,0,1,0
31,3,0,32.35,48.81,46.33,Paddy,Loamy,20-20,,,,,,0,0,1,0,0,0
8,22,18,30.61,66.36,42.09,Barley,Red,DAP,,,,,,0,0,0,0,0,0
5,6,26,34.51,54.79,54.12,Maize,Loamy,28-28,,,,,,0,0,0,0,0,0
35,3,2,29.66,43.74,43.31,Paddy,Red,20-20,,,,,,0,0,0,0,0,0
16,0,15,31.75,46.82,37.35,Maize,Red,DAP,,,,,,0,0,0,0,1,0
10,21,13,30.97,58.53,29.79,Wheat,Loamy,17-17-17,,,,,,0,0,0,0,0,0
15,16,10,29.87,63.64,61.4,Wheat,Black,20-20,,,,,,0,0,0,0,0,0
19,0,21,25.09,54.56,34.08,Maize,Red,28-28,,,,,,0,0,0,0,1,0
37,0,0,36.7,70.28,23.31,Ground Nuts,Sandy,10-26-26,,,,,,0,0,1,0,1,0
18,0,45,26.91,44.27,23.76,Barley,Loamy,10-26-26,,,,,,0,0,0,0,1,0
37,4,0,31.98,55.89,57.6,Barley,Red,17-17-17,,,,,,0,0,1,0,0,0
23,1,25,30.46,48.84,33.31,Paddy,Red,14-35-14,,,,,,0,0,0,0,0,0
14,9,32,29.24,54.29,47.85,Paddy,Clayey,Urea,,,,,,0,0,0,0,0,0
12,0,34,31.38,67.84,59.74,Maize,Loamy,10-26-26,,,,,,0,0,0,0,1,0
41,0,1,29.08,54.19,61.72,Maize,Clayey,14-35-14,,,,,,0,0,0,0,1,0
19,15,15,23.18,53.55,20.0,Ground Nuts,Black,17-17-17,,,,,,0,0,0,0,0,0
40,4,0,32.61,54.79,70.0,Barley,Black,Urea,,,,,,0,0,1,0,0,0
9,0,37,36.12,72.17,33.4,Paddy,Sandy,Urea,,,,,,0,0,0,0,1,0
40,3,0,23.88,57.05,35.25,Barley,Loamy,20-20,,,,,,0,0,1,0,0,0
10,8,27,36.46,65.08,43.87,Paddy,Red,10-26-26,,,,,,0,0,0,0,0,0
7,4,45,40.0,77.61,29.53,Sugarcane,Loamy,10-26-26,,,,,,0,0,0,0,0,0
42,0,0,32.0,57.73,35.48,Wheat,Black,10-26-26,,,,,,0,0,1,0,1,0
4,10,26,32.69,69.21,22.19,Sugarcane,Black,20-20,,,,,,0,0,0,0,0,0
14,0,11,29.63,45.37,21.76,Sugarcane,Black,28-28,,,,,,0,0,0,0,1,0
7,11,34,36.56,76.26,36.26,Wheat,Sandy,10-26-26,,,,,,0,0,0,0,0,0
36,3,3,37.66,74.6,28.6,Millets,Black,DAP,,,,,,0,0,0,0,0,0
14,2,37,36.42,75.12,46.56,Ground Nuts,Sandy,DAP,,,,,,0,0,0,0,0,0
8,9,32,29.92,50.41,62.32,Ground Nuts,Clayey,10-26-26,,,,,,0,0,0,0,0,0
8,0,38,31.96,49.13,52.38,Maize,Loamy,10-26-26,,,,,,0,0,0,0,1,0
3,4,31,39.68,75.02,51.69,Barley,Clayey,14-35-14,,,,,,0,0,0,0,0,0
12,0,39,32.74,64.14,68.56,Millets,Red,10-26-26,,,,,,0,0,0,0,1,0
11,0,36,35.12,61.28,35.3,Sugarcane,Red,Urea,,,,,,0,0,0,0,1,0
9,4,38,38.0,61.23,26.32,Wheat,Black,17-17-17,,,,,,0,0,0,0,0,0
38,0,0,36.29,71.0,56.12,Barley,Black,DAP,,,,,,0,0,1,0,1,0
41,3,1,33.01,61.9,32.87,Wheat,Sandy,28-28,,,,,,0,0,0,0,0,0
28,0,27,27.09,64.13,38.0,Paddy,Black,28-28,,,,,,0,0,0,0,1,0
11,0,9,30.15,68.23,37.36,Wheat,Sandy,28-28,,,,,,0,0,0,0,1,0
38,3,0,31.08,61.81,34.73,Wheat,Red,DAP,,,,,,0,0,1,0,0,0
1,17,13,34.99,65.23,27.62,Maize,Clayey,10-26-26,,,,,,0,0,0,0,0,0
3,12,16,28.29,46.16,41.47,Millets,Black,20-20,,,,,,0,0,0,0,0,0
10,2,42,37.61,61.11,36.72,Barley,Loamy,Urea,,,,,,0,0,0,0,0,0
21,0,22,36.02,69.03,54.45,Barley,Sandy,20-20,,,,,,0,0,0,0,1,0
27,0,20,29.85,47.2,57.02,Millets,Sandy,10-26-26,,,,,,0,0,0,0,1,0
5,10,36,26.12,63.44,63.43,Millets,Loamy,DAP,,,,,,0,0,0,0,0,0
5,3,5,34.94,57.44,52.37,Wheat,Sandy,DAP,,,,,,0,0,0,0,0,0
16,4,36,31.59,63.18,56.9,Paddy,Black,10-26-26,,,,,,0,0,0,0,0,0
11,0,42,37.33,67.17,37.59,Maize,Loamy,10-26-26,,,,,,0,0,0,0,1,0
43,2,2,33.56,66.29,26.04,Wheat,Clayey,14-35-14,,,,,,0,0,0,0,0,0
25,0,22,30.78,50.3,52.95,Barley,Clayey,20-20,,,,,,0,0,0,0,1,0
10,7,26,32.39,66.19,63.37,Ground Nuts,Clayey,10-26-26,,,,,,0,0,0,0,0,0
23,2,22,31.26,67.75,26.57,Barley,Black,Urea,,,,,,0,0,0,0,0,0
9,8,32,38.04,69.01,42.8,Ground Nuts,Red,10-26-26,,,,,,0,0,0,0,0,0
12,1,44,32.73,62.66,34.5,Paddy,Red,17-17-17,,,,,,0,0,0,0,0,0
37,0,4,27.79,60.14,41.16,Paddy,Clayey,10-26-26,,,,,,0,0,0,0,1,0
12,7,32,34.04,65.18,55.33,Ground Nuts,Black,28-28,,,,,,0,0,0,0,0,0
8,20,21,36.08,74.86,38.71,Wheat,Red,10-26-26,,,,,,0,0,0,0,0,0
14,3,36,32.57,62.47,37.05,Millets,Sandy,Urea,,,,,,0,0,0,0,0,0
38,0,4,32.53,51.27,44.71,Ground Nuts,Sandy,14-35-14,,,,,,0,0,0,0,1,0
26,0,25,25.19,60.71,52.06,Paddy,Red,14-35-14,,,,,,0,0,0,0,1,0
36,0,4,28.66,47.45,44.04,Wheat,Loamy,20-20,,,,,,0,0,0,0,1,0
9,14,12,24.59,58.22,64.12,Paddy,Sandy,10-26-26,,,,,,0,0,0,0,0,0
10,0,12,28.24,54.62,35.02,Wheat,Clayey,DAP,,,,,,0,0,0,0,1,0
18,3,17,33.95,61.0,45.29,Maize,Clayey,17-17-17,,,,,,0,0,0,0,0,0
11,4,27,33.88,59.02,35.32,Sugarcane,Clayey,DAP,,,,,,0,0,0,0,0,0
36,0,4,33.25,69.66,51.62,Maize,Sandy,Urea,,,,,,0,0,0,0,1,0
41,0,4,37.68,62.61,54.72,Ground Nuts,Black,Urea,,,,,,0,0,0,0,1,0
24,0,16,30.29,58.63,51.24,Ground Nuts,Loamy,17-17-17,,,,,,0,0,0,0,1,0
8,0,40,27.47,53.06,40.0,Paddy,Red,28-28,,,,,,0,0,0,0,1,0
13,10,26,24.38,52.09,25.67,Sugarcane,Loamy,28-28,,,,,,0,0,0,0,0,0
9,0,10,27.41,52.54,41.48,Barley,Black,Urea,,,,,,0,0,0,0,1,0
12,0,34,32.64,77.53,39.18,Maize,Clayey,20-20,,,,,,0,0,0,0,1,0
18,0,29,27.61,71.93,41.84,Barley,Red,17-17-17,,,,,,0,0,0,0,1,0
10,0,17,36.71,76.2,24.17,Barley,Sandy,14-35-14,,,,,,0,0,0,0,1,0
23,0,26,31.97,57.04,39.26,Maize,Loamy,10-26-26,,,,,,0,0,0,0,1,0
15,0,41,30.86,66.38,42.56,Sugarcane,Clayey,14-35-14,,,,,,0,0,0,0,1,0
12,0,37,29.81,63.42,20.0,Millets,Loamy,10-26-26,,,,,,0,0,0,0,1,0
34,2,1,30.18,68.42,36.95,Barley,Clayey,17-17-17,,,,,,0,0,0,0,0,0
4,9,28,37.04,68.38,51.4,Maize,Red,28-28,,,,,,0,0,0,0,0,0
24,0,17,26.14,52.36,40.32,Paddy,Clayey,14-35-14,,,,,,0,0,0,0,1,0
5,10,31,25.71,49.13,33.26,Sugarcane,Sandy,14-35-14,,,,,,0,0,0,0,0,0
39,1,4,30.12,69.25,21.43,Paddy,Loamy,28-28,,,,,,0,0,0,0,0,0
34,4,0,33.67,68.27,57.75,Millets,Clayey,DAP,,,,,,0,0,1,0,0,0
7,14,16,34.7,66.76,69.2,Sugarcane,Loamy,20-20,,,,,,0,0,0,0,0,0
9,3,13,33.48,62.18,48.6,Wheat,Black,20-20,,,,,,0,0,0,0,0,0
6,4,40,31.74,62.32,52.3,Sugarcane,Loamy,Urea,,,,,,0,0,0,0,0,0
44,0,0,29.56,70.11,44.74,Wheat,Sandy,20-20,,,,,,0,0,1,0,1,0
18,0,33,33.71,58.93,43.88,Barley,Loamy,DAP,,,,,,0,0,0,0,1,0
15,1,7,21.93,44.5,63.49,Maize,Red,14-35-14,,,,,,0,0,0,0,0,0
12,1,40,33.53,60.05,37.18,Maize,Red,20-20,,,,,,0,0,0,0,0,0
17,0,40,25.31,51.61,33.05,Ground Nuts,Red,DAP,,,,,,0,0,0,0,1,0
18,0,42,31.78,65.4,52.23,Ground Nuts,Sandy,10-26-26,,,,,,0,0,0,0,1,0
11,0,42,39.75,60.73,38.94,Millets,Clayey,17-17-17,,,,,,0,0,0,0,1,0
2,19,12,24.06,40.2,34.24,Wheat,Black,10-26-26,,,,,,0,0,0,0,0,0
36,0,3,38.25,74.83,48.66,Sugarcane,Clayey,17-17-17,,,,,,0,0,0,0,1,0
36,0,0,40.0,64.51,51.07,Millets,Red,28-28,,,,,,0,0,1,0,1,0
12,3,30,35.73,71.25,45.65,Millets,Clayey,20-20,,,,,,0,0,0,0,0,0
40,0,2,31.33,52.44,48.45,Maize,Black,DAP,,,,,,0,0,0,0,1,0
9,17,16,32.64,71.49,45.45,Maize,Black,14-35-14,,,,,,0,0,0,0,0,0
19,0,18,24.83,51.23,46.97,Millets,Red,28-28,,,,,,0,0,0,0,1,0
9,9,32,25.3,51.45,24.59,Barley,Sandy,17-17-17,,,,,,0,0,0,0,0,0
6,12,13,25.28,55.82,32.12,Barley,Clayey,10-26-26,,,,,,0,0,0,0,0,0
38,0,0,29.97,58.25,31.86,Sugarcane,Loamy,28-28,,,,,,0,0,1,0,1,0
8,0,38,32.38,58.5,45.02,Wheat,Red,20-20,,,,,,0,0,0,0,1,0
26,0,17,30.69,59.44,51.07,Sugarcane,Sandy,10-26-26,,,,,,0,0,0,0,1,0
37,0,4,33.71,71.14,43.81,Millets,Clayey,17-17-17,,,,,,0,0,0,0,1,0
9,4,12,25.99,55.37,65.56,Wheat,Sandy,28-28,,,,,,0,0,0,0,0,0
9,8,32,33.65,66.5,65.99,Wheat,Black,DAP,,,,,,0,0,0,0,0,0
20,2,20,29.23,55.19,29.27,Wheat,Red,28-28,,,,,,0,0,0,0,0,0
34,2,3,26.92,56.83,44.88,Wheat,Loamy,Urea,,,,,,0,0,0,0,0,0
40,0,0,35.51,70.33,59.14,Paddy,Loamy,DAP,,,,,,0,0,1,0,1,0
0,13,16,32.66,55.25,20.0,Paddy,Red,10-26-26,,,,,,1,0,0,0,0,0
7,8,27,35.8,55.37,57.55,Maize,Clayey,14-35-14,,,,,,0,0,0,0,0,0
22,0,24,29.38,54.47,52.56,Maize,Sandy,14-35-14,,,,,,0,0,0,0,1,0
7,8,30,36.66,76.82,39.74,Millets,Sandy,10-26-26,,,,,,0,0,0,0,0,0
10,4,42,32.53,60.02,29.35,Wheat,Clayey,Urea,,,,,,0,0,0,0,0,0
11,0,38,34.63,63.8,24.01,Maize,Black,Urea,,,,,,0,0,0,0,1,0
16,1,16,29.0,44.56,33.96,Millets,Red,20-20,,,,,,0,0,0,0,0,0
21,2,19,35.26,53.82,24.93,Ground Nuts,Red,Urea,,,,,,0,0,0,0,0,0
5,5,32,33.42,55.5,64.41,Paddy,Black,17-17-17,,,,,,0,0,0,0,0,0
40,0,4,28.04,55.51,49.43,Wheat,Sandy,28-28,,,,,,0,0,0,0,1,0
22,4,26,34.9,61.86,35.47,Millets,Clayey,20-20,,,,,,0,0,0,0,0,0
16,1,5,22.34,53.62,38.61,Wheat,Red,17-17-17,,,,,,0,0,0,0,0,0
10,0,35,28.11,47.2,36.8,Paddy,Clayey,20-20,,,,,,0,0,0,0,1,0
4,9,24,34.35,66.79,51.52,Wheat,Black,17-17-17,,,,,,0,0,0,0,0,0
28,0,14,26.95,50.63,43.0,Barley,Sandy,10-26-26,,,,,,0,0,0,0,1,0
25,0,19,26.39,54.79,46.15,Wheat,Sandy,DAP,,,,,,0,0,0,0,1,0
39,3,0,30.13,72.21,35.94,Ground Nuts,Red,14-35-14,,,,,,0,0,1,0,0,0
19,0,40,28.88,60.85,28.57,Barley,Clayey,10-26-26,,,,,,0,0,0,0,1,0
11,0,4,27.05,44.74,56.64,Sugarcane,Red,10-26-26,,,,,,0,0,0,0,1,0
7,0,37,39.33,67.44,37.85,Sugarcane,Loamy,14-35-14,,,,,,0,0,0,0,1,0
8,0,40,28.53,59.01,60.57,Ground Nuts,Clayey,28-28,,,,,,0,0,0,0,1,0
17,0,21,31.53,58.95,51.37,Paddy,Clayey,14-35-14,,,,,,0,0,0,0,1,0
8,2,9,33.55,60.65,58.59,Wheat,Red,20-20,,,,,,0,0,0,0,0,0
4,11,26,34.51,52.14,70.0,Sugarcane,Clayey,28-28,,,,,,0,0,0,0,0,0
26,0,18,35.66,54.44,42.29,Sugarcane,Loamy,17-17-17,,,,,,0,0,0,0,1,0
44,0,2,25.65,62.92,28.49,Barley,Sandy,14-35-14,,,,,,0,0,0,0,1,0
36,0,0,28.51,44.09,28.38,Ground Nuts,Black,10-26-26,,,,,,0,0,1,0,1,0
12,0,31,30.09,54.43,60.02,Maize,Red,17-17-17,,,,,,0,0,0,0,1,0
10,15,20,22.27,61.81,43.11,Paddy,Red,DAP,,,,,,0,0,0,0,0,0
9,18,17,38.38,65.51,46.26,Maize,Black,28-28,,,,,,0,0,0,0,0,0
8,0,39,32.61,50.77,63.48,Ground Nuts,Red,Urea,,,,,,0,0,0,0,1,0
18,0,11,26.99,47.9,45.66,Paddy,Red,10-26-26,,,,,,0,0,0,0,1,0
16,0,7,29.77,63.41,50.3,Millets,Black,17-17-17,,,,,,0,0,0,0,1,0
13,3,41,28.27,59.38,45.0,Ground Nuts,Loamy,10-26-26,,,,,,0,0,0,0,0,0
26,3,22,25.06,64.02,38.39,Ground Nuts,Black,DAP,,,,,,0,0,0,0,0,0
14,0,35,26.79,62.91,25.01,Sugarcane,Loamy,DAP,,,,,,0,0,0,0,1,0
12,0,41,26.72,52.56,31.72,Paddy,Sandy,DAP,,,,,,0,0,0,0,1,0
21,4,21,22.39,61.19,37.56,Millets,Black,14-35-14,,,,,,0,0,0,0,0,0
3,6,26,30.98,72.26,70.0,Wheat,Sandy,14-35-14,,,,,,0,0,0,0,0,0
3,18,20,30.37,74.96,45.96,Maize,Sandy,Urea,,,,,,0,0,0,0,0,0
16,2,44,36.58,61.79,40.55,Maize,Loamy,DAP,,,,,,0,0,0,0,0,0
18,0,24,26.45,60.78,50.52,Wheat,Sandy,28-28,,,,,,0,0,0,0,1,0
13,0,13,25.6,52.6,54.46,Maize,Red,Urea,,,,,,0,0,0,0,1,0
35,2,0,35.57,72.13,33.41,Millets,Red,Urea,,,,,,0,0,1,0,0,0
12,0,39,33.06,60.37,69.48,Millets,Sandy,28-28,,,,,,0,0,0,0,1,0
46,4,4,28.21,59.37,42.81,Paddy,Red,17-17-17,,,,,,0,0,0,0,0,0
7,4,31,35.57,60.63,45.71,Sugarcane,Black,14-35-14,,,,,,0,0,0,0,0,0
13,2,37,40.0,56.27,40.77,Millets,Loamy,Urea,,,,,,0,0,0,0,0,0
9,0,17,38.99,74.78,27.58,Paddy,Black,Urea,,,,,,0,0,0,0,1,0
36,3,3,27.9,58.51,31.93,Millets,Red,20-20,,,,,,0,0,0,0,0,0
9,12,32,33.88,68.15,42.03,Sugarcane,Sandy,28-28,,,,,,0,0,0,0,0,0
19,1,39,40.0,71.79,58.99,Sugarcane,Black,14-35-14,,,,,,0,0,0,0,0,0
10,0,14,30.18,53.72,36.61,Barley,Red,17-17-17,,,,,,0,0,0,0,1,0
11,0,19,25.94,60.8,62.34,Ground Nuts,Clayey,Urea,,,,,,0,0,0,0,1,0
14,2,9,32.66,59.08,54.63,Millets,Red,Urea,,,,,,0,0,0,0,0,0
18,2,40,31.21,56.6,34.03,Wheat,Sandy,14-35-14,,,,,,0,0,0,0,0,0
4,4,29,34.72,67.85,69.81,Barley,Loamy,Urea,,,,,,0,0,0,0,0,0
7,20,19,23.38,55.92,50.56,Wheat,Clayey,14-35-14,,,,,,0,0,0,0,0,0
12,4,39,29.71,50.93,41.83,Wheat,Sandy,14-35-14,,,,,,0,0,0,0,0,0
8,5,27,30.88,51.0,46.08,Millets,Red,28-28,,,,,,0,0,0,0,0,0
11,14,22,32.92,77.29,48.08,Paddy,Clayey,10-26-26,,,,,,0,0,0,0,0,0
16,2,40,25.87,69.73,28.7,Wheat,Clayey,17-17-17,,,,,,0,0,0,0,0,0
39,1,1,30.53,63.85,56.3,Barley,Sandy,20-20,,,,,,0,0,0,0,0,0
39,0,0,37.03,69.99,42.75,Paddy,Clayey,14-35-14,,,,,,0,0,1,0,1,0
8,2,17,37.38,70.59,66.29,Maize,Sandy,20-20,,,,,,0,0,0,0,0,0
24,0,17,28.44,55.23,33.64,Ground Nuts,Red,10-26-26,,,,,,0,0,0,0,1,0
25,0,19,24.57,49.59,48.59,Ground Nuts,Sandy,17-17-17,,,,,,0,0,0,0,1,0
13,17,13,25.23,48.23,21.3,Maize,Black,Urea,,,,,,0,0,0,0,0,0
12,1,37,36.2,55.53,54.66,Sugarcane,Clayey,10-26-26,,,,,,0,0,0,0,0,0
36,0,3,30.62,59.17,45.5,Ground Nuts,Sandy,20-20,,,,,,0,0,0,0,1,0
41,0,0,34.15,50.64,39.17,Millets,Loamy,17-17-17,,,,,,0,0,1,0,1,0
7,8,27,32.54,52.1,29.86,Paddy,Sandy,20-20,,,,,,0,0,0,0,0,0
7,0,41,32.88,70.34,29.01,Ground Nuts,Loamy,14-35-14,,,,,,0,0,0,0,1,0
35,0,0,32.26,57.08,42.58,Ground Nuts,Clayey,Urea,,,,,,0,0,1,0,1,0
12,4,36,28.94,60.34,31.18,Millets,Loamy,17-17-17,,,,,,0,0,0,0,0,0
11,10,27,32.63,71.17,55.93,Millets,Loamy,Urea,,,,,,0,0,0,0,0,0
9,7,27,31.18,72.57,46.74,Maize,Loamy,14-35-14,,,,,,0,0,0,0,0,0
26,0,14,28.7,53.21,40.31,Ground Nuts,Sandy,14-35-14,,,,,,0,0,0,0,1,0
7,0,34,37.65,60.86,24.45,Maize,Black,10-26-26,,,,,,0,0,0,0,1,0
9,0,38,31.22,74.54,61.36,Maize,Sandy,Urea,,,,,,0,0,0,0,1,0
13,1,37,36.78,69.9,38.86,Ground Nuts,Red,DAP,,,,,,0,0,0,0,0,0
33,0,3,38.75,58.17,52.93,Maize,Loamy,28-28,,,,,,0,0,0,0,1,0
10,17,15,26.09,50.03,60.84,Millets,Sandy,20-20,,,,,,0,0,0,0,0,0
32,0,0,29.22,54.96,70.0,Ground Nuts,Black,10-26-26,,,,,,0,0,1,0,1,0
10,0,14,21.94,46.3,27.7,Sugarcane,Loamy,14-35-14,,,,,,0,0,0,0,1,0
9,2,39,32.27,54.7,59.44,Ground Nuts,Sandy,DAP,,,,,,0,0,0,0,0,0
36,0,0,29.59,47.26,67.15,Ground Nuts,Loamy,14-35-14,,,,,,0,0,1,0,1,0
36,0,0,40.0,63.37,45.26,Maize,Sandy,14-35-14,,,,,,0,0,1,0,1,0
17,0,23,24.83,57.76,31.75,Ground Nuts,Sandy,14-35-14,,,,,,0,0,0,0,1,0
22,0,21,27.26,43.94,42.1,Paddy,Loamy,14-35-14,,,,,,0,0,0,0,1,0
39,0,0,34.34,55.85,27.98,Wheat,Black,28-28,,,,,,0,0,1,0,1,0
8,15,14,23.7,41.13,58.8,Ground Nuts,Sandy,Urea,,,,,,0,0,0,0,0,0
8,4,32,33.32,71.88,37.86,Sugarcane,Loamy,20-20,,,,,,0,0,0,0,0,0
12,0,12,29.55,59.76,58.15,Wheat,Clayey,14-35-14,,,,,,0,0,0,0,1,0
37,0,0,31.64,68.77,39.39,Ground Nuts,Sandy,20-20,,,,,,0,0,1,0,1,0
16,17,7,23.18,46.72,29.53,Paddy,Black,17-17-17,,,,,,0,0,0,0,0,0
10,17,19,21.74,44.09,59.39,Barley,Sandy,Urea,,,,,,0,0,0,0,0,0
25,3,20,29.69,47.64,46.87,Ground Nuts,Clayey,14-35-14,,,,,,0,0,0,0,0,0
15,7,16,35.79,55.43,70.0,Maize,Black,DAP,,,,,,0,0,0,0,0,0
10,11,26,38.68,77.89,35.76,Maize,Loamy,14-35-14,,,,,,0,0,0,0,0,0
13,0,40,34.07,60.31,40.04,Barley,Red,20-20,,,,,,0,0,0,0,1,0
22,0,22,29.16,66.79,59.72,Ground Nuts,Sandy,17-17-17,,,,,,0,0,0,0,1,0
12,2,44,36.5,69.77,62.08,Ground Nuts,Loamy,10-26-26,,,,,,0,0,0,0,0,0
7,17,13,27.05,63.35,58.77,Paddy,Red,DAP,,,,,,0,0,0,0,0,0
10,0,33,31.49,71.13,61.76,Barley,Black,28-28,,,,,,0,0,0,0,1,0
21,0,23,30.84,59.19,45.38,Wheat,Loamy,14-35-14,,,,,,0,0,0,0,1,0
9,8,25,34.3,52.7,60.28,Wheat,Sandy,20-20,,,,,,0,0,0,0,0,0
3,3,29,31.13,73.3,29.78,Barley,Loamy,DAP,,,,,,0,0,0,0,0,0
43,4,2,23.42,58.34,36.7,Millets,Clayey,28-28,,,,,,0,0,0,0,0,0
10,20,17,24.23,54.91,32.3,Maize,Loamy,20-20,,,,,,0,0,0,0,0,0
14,0,36,32.06,55.34,56.8,Paddy,Sandy,DAP,,,,,,0,0,0,0,1,0
10,0,45,33.59,54.6,51.9,Barley,Loamy,Urea,,,,,,0,0,0,0,1,0
17,0,31,30.36,59.8,70.0,Millets,Red,Urea,,,,,,0,0,0,0,1,0
32,2,0,32.33,48.88,31.39,Sugarcane,Black,DAP,,,,,,0,0,1,0,0,0
12,20,21,39.12,61.14,51.1,Millets,Red,Urea,,,,,,0,0,0,0,0,0
11,0,12,34.71,54.08,46.09,Millets,Loamy,Urea,,,,,,0,0,0,0,1,0
14,0,9,30.34,64.88,34.89,Barley,Sandy,17-17-17,,,,,,0,0,0,0,1,0
12,0,39,35.14,69.39,45.5,Wheat,Black,Urea,,,,,,0,0,0,0,1,0
44,0,4,29.61,55.37,42.37,Barley,Clayey,10-26-26,,,,,,0,0,0,0,1,0
12,1,41,39.34,73.55,37.74,Barley,Sandy,10-26-26,,,,,,0,0,0,0,0,0
10,0,10,25.49,58.9,27.75,Maize,Sandy,10-26-26,,,,,,0,0,0,0,1,0
21,0,23,34.51,54.23,48.09,Sugarcane,Loamy,DAP,,,,,,0,0,0,0,1,0
10,22,13,29.54,46.05,47.43,Maize,Clayey,10-26-26,,,,,,0,0,0,0,0,0
18,2,21,29.6,65.96,27.64,Maize,Sandy,DAP,,,,,,0,0,0,0,0,0
11,14,18,36.35,69.02,43.17,Sugarcane,Loamy,28-28,,,,,,0,0,0,0,0,0
14,0,38,37.33,59.48,53.07,Wheat,Clayey,DAP,,,,,,0,0,0,0,1,0
10,4,43,38.06,52.11,41.53,Ground Nuts,Clayey,14-35-14,,,,,,0,0,0,0,0,0
14,3,33,29.52,68.99,56.83,Paddy,Sandy,20-20,,,,,,0,0,0,0,0,0
10,9,28,40.0,78.86,52.13,Sugarcane,Clayey,17-17-17,,,,,,0,0,0,0,0,0
18,1,20,29.25,53.85,33.95,Maize,Red,14-35-14,,,,,,0,0,0,0,0,0
10,0,9,26.51,60.56,35.77,Barley,Loamy,DAP,,,,,,0,0,0,0,1,0
10,6,29,26.7,52.31,61.77,Sugarcane,Clayey,DAP,,,,,,0,0,0,0,0,0
24,0,28,23.0,52.82,37.28,Millets,Clayey,DAP,,,,,,0,0,0,0,1,0
10,0,11,31.77,57.58,49.46,Sugarcane,Sandy,20-20,,,,,,0,0,0,0,1,0
3,21,21,30.35,73.19,41.73,Ground Nuts,Sandy,17-17-17,,,,,,0,0,0,0,0,0
9,0,9,32.72,56.31,41.59,Paddy,Sandy,17-17-17,,,,,,0,0,0,0,1,0
17,4,38,29.6,58.17,40.56,Millets,Red,DAP,,,,,,0,0,0,0,0,0
3,18,16,29.06,62.14,45.05,Ground Nuts,Red,28-28,,,,,,0,0,0,0,0,0
44,0,2,25.43,50.72,42.78,Sugarcane,Clayey,Urea,,,,,,0,0,0,0,1,0
7,14,17,22.95,47.87,42.49,Sugarcane,Red,14-35-14,,,,,,0,0,0,0,0,0
18,0,20,35.14,69.77,31.06,Ground Nuts,Sandy,10-26-26,,,,,,0,0,0,0,1,0
16,0,11,22.81,48.89,28.47,Maize,Loamy,20-20,,,,,,0,0,0,0,1,0
31,0,0,38.07,62.7,66.49,Maize,Red,20-20,,,,,,0,0,1,0,1,0
39,0,3,24.17,62.74,42.08,Wheat,Black,17-17-17,,,,,,0,0,0,0,1,0
39,0,4,29.03,66.58,27.4,Ground Nuts,Loamy,28-28,,,,,,0,0,0,0,1,0
14,21,16,24.2,63.32,30.41,Sugarcane,Red,17-17-17,,,,,,0,0,0,0,0,0
38,2,4,32.72,59.26,37.37,Millets,Loamy,10-26-26,,,,,,0,0,0,0,0,0
6,18,12,23.61,40.7,39.71,Paddy,Clayey,14-35-14,,,,,,0,0,0,0,0,0
7,0,11,24.04,65.32,45.42,Ground Nuts,Clayey,20-20,,,,,,0,0,0,0,1,0
14,18,8,29.17,59.16,55.51,Wheat,Loamy,14-35-14,,,,,,0,0,0,0,0,0
12,0,7,28.74,54.8,58.08,Millets,Black,14-35-14,,,,,,0,0,0,0,1,0
39,3,0,30.96,57.8,42.72,Sugarcane,Red,14-35-14,,,,,,0,0,1,0,0,0
10,0,35,32.12,70.24,29.28,Barley,Red,20-20,,,,,,0,0,0,0,1,0
9,19,19,24.4,59.68,29.94,Paddy,Clayey,14-35-14,,,,,,0,0,0,0,0,0
6,13,31,37.61,56.44,61.31,Maize,Sandy,17-17-17,,,,,,0,0,0,0,0,0
31,1,1,26.71,59.61,29.75,Barley,Sandy,28-28,,,,,,0,0,0,0,0,0
34,0,0,23.41,47.11,60.88,Maize,Sandy,14-35-14,,,,,,0,0,1,0,1,0
15,15,10,26.86,58.4,49.47,Millets,Loamy,14-35-14,,,,,,0,0,0,0,0,0
9,3,10,31.84,63.65,43.05,Paddy,Clayey,17-17-17,,,,,,0,0,0,0,0,0
9,15,21,35.66,67.28,53.18,Paddy,Loamy,10-26-26,,,,,,0,0,0,0,0,0
4,9,25,32.88,53.21,20.0,Paddy,Black,17-17-17,,,,,,0,0,0,0,0,0
35,2,0,27.68,46.99,22.43,Barley,Black,17-17-17,,,,,,0,0,1,0,0,0
13,0,41,31.06,58.96,32.69,Millets,Sandy,DAP,,,,,,0,0,0,0,1,0
10,7,32,33.89,55.98,45.78,Millets,Sandy,20-20,,,,,,0,0,0,0,0,0
13,0,37,37.59,73.0,62.01,Ground Nuts,Red,10-26-26,,,,,,0,0,0,0,1,0
7,13,11,27.06,58.24,46.67,Sugarcane,Sandy,20-20,,,,,,0,0,0,0,0,0
38,0,0,32.94,59.38,30.73,Paddy,Black,14-35-14,,,,,,0,0,1,0,1,0
19,2,41,31.18,55.41,33.33,Barley,Black,17-17-17,,,,,,0,0,0,0,0,0
8,20,13,26.88,60.42,29.07,Barley,Black,20-20,,,,,,0,0,0,0,0,0
24,0,20,22.15,54.75,39.9,Barley,Clayey,28-28,,,,,,0,0,0,0,1,0
5,13,10,34.37,52.58,39.35,Paddy,Red,10-26-26,,,,,,0,0,0,0,0,0
9,5,28,33.86,61.51,60.88,Sugarcane,Loamy,10-26-26,,,,,,0,0,0,0,0,0
19,4,19,23.94,46.32,39.99,Millets,Black,Urea,,,,,,0,0,0,0,0,0
20,0,19,30.97,58.0,39.5,Millets,Sandy,20-20,,,,,,0,0,0,0,1,0
22,0,23,27.0,61.54,48.67,Sugarcane,Sandy,17-17-17,,,,,,0,0,0,0,1,0
36,4,3,37.83,58.79,52.48,Barley,Red,Urea,,,,,,0,0,0,0,0,0
5,4,15,29.13,67.17,44.42,Wheat,Black,28-28,,,,,,0,0,0,0,0,0
25,0,28,34.41,62.43,33.3,Barley,Loamy,28-28,,,,,,0,0,0,0,1,0
13,0,40,25.61,56.5,60.49,Ground Nuts,Loamy,10-26-26,,,,,,0,0,0,0,1,0
5,12,19,29.13,46.65,36.41,Ground Nuts,Loamy,14-35-14,,,,,,0,0,0,0,0,0
39,3,0,38.61,69.3,41.21,Paddy,Black,20-20,,,,,,0,0,1,0,0,0
24,1,16,34.72,64.79,24.84,Maize,Clayey,20-20,,,,,,0,0,0,0,0,0
9,0,36,30.67,67.01,70.0,Sugarcane,Loamy,28-28,,,,,,0,0,0,0,1,0
11,1,12,23.84,40.88,64.6,Barley,Black,Urea,,,,,,0,0,0,0,0,0
39,0,2,26.3,56.35,38.58,Sugarcane,Loamy,14-35-14,,,,,,0,0,0,0,1,0
42,0,0,31.67,71.83,25.15,Sugarcane,Sandy,20-20,,,,,,0,0,1,0,1,0
20,1,16,34.02,65.9,36.28,Wheat,Clayey,14-35-14,,,,,,0,0,0,0,0,0
7,8,31,27.74,58.79,39.22,Wheat,Black,28-28,,,,,,0,0,0,0,0,0
14,7,16,32.67,66.69,70.0,Sugarcane,Red,Urea,,,,,,0,0,0,0,0,0
6,0,35,38.27,69.52,41.61,Millets,Black,DAP,,,,,,0,0,0,0,1,0
9,1,18,34.72,55.96,37.9,Sugarcane,Sandy,10-26-26,,,,,,0,0,0,0,0,0
39,1,2,24.93,55.08,70.0,Paddy,Red,Urea,,,,,,0,0,0,0,0,0
8,10,16,29.31,44.74,47.53,Millets,Sandy,DAP,,,,,,0,0,0,0,0,0
18,0,37,27.61,57.05,25.26,Ground Nuts,Red,20-20,,,,,,0,0,0,0,1,0
10,5,35,33.76,53.8,61.55,Wheat,Black,DAP,,,,,,0,0,0,0,0,0
18,4,20,36.02,74.78,38.64,Barley,Loamy,14-35-14,,,,,,0,0,0,0,0,0
37,0,0,29.35,51.42,70.0,Sugarcane,Red,28-28,,,,,,0,0,1,0,1,0
19,3,33,32.62,52.77,37.75,Maize,Red,Urea,,,,,,0,0,0,0,0,0
1,17,16,32.78,73.78,36.5,Wheat,Sandy,Urea,,,,,,0,0,0,0,0,0
38,0,0,22.5,43.53,24.16,Sugarcane,Loamy,10-26-26,,,,,,0,0,1,0,1,0
13,0,40,30.9,58.59,38.32,Barley,Black,20-20,,,,,,0,0,0,0,1,0
8,2,13,34.54,55.21,45.01,Paddy,Sandy,20-20,,,,,,0,0,0,0,0,0
21,0,17,21.41,53.24,26.72,Ground Nuts,Loamy,14-35-14,,,,,,0,0,0,0,1,0
7,6,32,25.29,61.48,27.71,Paddy,Red,Urea,,,,,,0,0,0,0,0,0
6,9,30,32.78,68.98,42.07,Maize,Red,14-35-14,,,,,,0,0,0,0,0,0
5,16,22,34.33,67.03,36.49,Ground Nuts,Red,DAP,,,,,,0,0,0,0,0,0
41,0,0,33.66,76.53,54.93,Millets,Black,DAP,,,,,,0,0,1,0,1,0
42,3,0,27.79,51.33,28.88,Maize,Loamy,20-20,,,,,,0,0,1,0,0,0
43,2,0,30.52,54.99,69.02,Millets,Loamy,10-26-26,,,,,,0,0,1,0,0,0
39,0,0,28.83,64.74,44.66,Sugarcane,Red,28-28,,,,,,0,0,1,0,1,0
19,0,22,31.78,66.32,62.44,Paddy,Red,17-17-17,,,,,,0,0,0,0,1,0
35,0,0,28.49,61.78,47.46,Maize,Sandy,14-35-14,,,,,,0,0,1,0,1,0
8,5,28,26.7,61.16,69.76,Wheat,Black,17-17-17,,,,,,0,0,0,0,0,0
40,0,1,23.59,48.13,28.61,Sugarcane,Sandy,DAP,,,,,,0,0,0,0,1,0
8,0,6,32.73,67.1,34.06,Barley,Loamy,28-28,,,,,,0,0,0,0,1,0
8,5,34,27.3,58.19,21.84,Paddy,Loamy,DAP,,,,,,0,0,0,0,0,0
11,12,31,30.79,53.82,68.44,Paddy,Loamy,14-35-14,,,,,,0,0,0,0,0,0
6,20,14,28.67,55.3,38.91,Ground Nuts,Clayey,10-26-26,,,,,,0,0,0,0,0,0
13,1,11,26.88,59.5,33.0,Barley,Black,14-35-14,,,,,,0,0,0,0,0,0
11,0,11,25.28,48.16,60.97,Paddy,Black,28-28,,,,,,0,0,0,0,1,0
4,13,24,25.07,48.14,38.76,Barley,Clayey,Urea,,,,,,0,0,0,0,0,0
32,4,0,28.53,58.99,66.34,Millets,Red,14-35-14,,,,,,0,0,1,0,0,0
35,3,0,23.38,59.24,45.99,Paddy,Sandy,10-26-26,,,,,,0,0,1,0,0,0
7,19,21,34.46,67.55,53.28,Maize,Black,DAP,,,,,,0,0,0,0,0,0
41,0,0,30.24,57.35,39.81,Maize,Black,20-20,,,,,,0,0,1,0,1,0
8,9,15,34.19,69.83,62.1,Paddy,Sandy,20-20,,,,,,0,0,0,0,0,0
21,0,24,33.16,66.73,50.78,Maize,Loamy,28-28,,,,,,0,0,0,0,1,0
10,1,10,37.12,70.82,39.36,Millets,Black,DAP,,,,,,0,0,0,0,0,0
4,13,30,32.23,69.85,66.56,Ground Nuts,Black,Urea,,,,,,0,0,0,0,0,0
25,2,20,38.56,68.08,57.75,Paddy,Sandy,10-26-26,,,,,,0,0,0,0,0,0
13,2,38,24.73,51.53,26.69,Wheat,Loamy,17-17-17,,,,,,0,0,0,0,0,0
10,16,16,29.05,63.39,46.94,Wheat,Loamy,DAP,,,,,,0,0,0,0,0,0
4,9,32,37.97,57.61,56.51,Wheat,Loamy,DAP,,,,,,0,0,0,0,0,0
15,2,33,31.75,49.36,57.18,Wheat,Clayey,14-35-14,,,,,,0,0,0,0,0,0
38,0,1,39.48,79.62,45.0,Maize,Red,17-17-17,,,,,,0,0,0,0,1,0
35,3,0,32.2,72.21,60.57,Barley,Loamy,10-26-26,,,,,,0,0,1,0,0,0
41,0,0,33.52,56.48,24.69,Wheat,Sandy,DAP,,,,,,0,0,1,0,1,0
6,16,12,28.75,56.3,63.61,Millets,Sandy,Urea,,,,,,0,0,0,0,0,0
42,0,1,33.78,69.12,20.23,Ground Nuts,Loamy,20-20,,,,,,0,0,0,0,1,0
11,0,34,28.26,60.74,38.67,Ground Nuts,Red,14-35-14,,,,,,0,0,0,0,1,0
39,4,0,32.33,64.89,54.65,Ground Nuts,Loamy,Urea,,,,,,0,0,1,0,0,0
10,3,10,39.82,68.1,26.42,Paddy,Red,17-17-17,,,,,,0,0,0,0,0,0
16,0,45,22.59,56.96,27.15,Barley,Red,10-26-26,,,,,,0,0,0,0,1,0
10,2,34,25.76,66.93,23.29,Ground Nuts,Red,DAP,,,,,,0,0,0,0,0,0
6,0,17,24.38,52.1,61.63,Wheat,Black,DAP,,,,,,0,0,0,0,1,0
8,9,26,24.99,61.19,45.63,Sugarcane,Black,28-28,,,,,,0,0,0,0,0,0
5,0,7,25.92,59.83,38.31,Sugarcane,Red,14-35-14,,,,,,0,0,0,0,1,0
12,0,10,35.0,75.25,35.02,Sugarcane,Loamy,17-17-17,,,,,,0,0,0,0,1,0
12,0,15,26.66,68.27,47.59,Barley,Sandy,10-26-26,,,,,,0,0,0,0,1,0
40,3,0,30.71,56.46,43.4,Ground Nuts,Clayey,14-35-14,,,,,,0,0,1,0,0,0
10,2,41,33.8,58.42,63.96,Sugarcane,Clayey,10-26-26,,,,,,0,0,0,0,0,0
24,0,20,25.47,48.38,36.0,Millets,Black,10-26-26,,,,,,0,0,0,0,1,0
42,0,0,30.06,63.8,35.07,Maize,Red,14-35-14,,,,,,0,0,1,0,1,0
14,0,36,40.0,75.91,41.53,Ground Nuts,Red,DAP,,,,,,0,0,0,0,1,0
45,0,0,26.7,49.6,42.38,Paddy,Red,17-17-17,,,,,,0,0,1,0,1,0
6,0,13,30.02,65.59,54.31,Barley,Loamy,14-35-14,,,,,,0,0,0,0,1,0
3,12,20,24.6,42.57,45.33,Paddy,Clayey,10-26-26,,,,,,0,0,0,0,0,0
10,0,37,33.02,75.26,31.06,Paddy,Red,10-26-26,,,,,,0,0,0,0,1,0
10,0,12,28.62,46.23,66.04,Millets,Red,DAP,,,,,,0,0,0,0,1,0
5,5,26,25.88,62.12,69.37,Maize,Black,14-35-14,,,,,,0,0,0,0,0,0
10,18,9,31.89,67.32,55.3,Maize,Loamy,17-17-17,,,,,,0,0,0,0,0,0
8,17,11,32.95,48.92,32.88,Millets,Black,17-17-17,,,,,,0,0,0,0,0,0
14,0,36,31.8,60.45,29.67,Barley,Black,17-17-17,,,,,,0,0,0,0,1,0
13,16,11,26.49,68.8,49.84,Millets,Clayey,28-28,,,,,,0,0,0,0,0,0
17,2,18,40.0,75.07,38.95,Sugarcane,Clayey,17-17-17,,,,,,0,0,0,0,0,0
8,0,14,30.6,60.9,57.87,Wheat,Red,Urea,,,,,,0,0,0,0,1,0
6,11,31,32.22,60.78,34.61,Sugarcane,Red,17-17-17,,,,,,0,0,0,0,0,0
12,10,29,29.89,52.86,50.67,Millets,Sandy,Urea,,,,,,0,0,0,0,0,0
13,4,40,35.93,68.53,36.36,Ground Nuts,Sandy,Urea,,,,,,0,0,0,0,0,0
30,0,0,24.66,47.81,24.37,Ground Nuts,Sandy,DAP,,,,,,0,0,1,0,1,0
21,0,24,32.52,64.65,24.55,Sugarcane,Sandy,14-35-14,,,,,,0,0,0,0,1,0
39,0,0,26.39,58.76,26.14,Sugarcane,Clayey,Urea,,,,,,0,0,1,0,1,0
13,0,44,33.84,67.09,53.03,Wheat,Clayey,Urea,,,,,,0,0,0,0,1,0
13,2,12,30.96,55.9,41.09,Wheat,Red,17-17-17,,,,,,0,0,0,0,0,0
17,0,23,33.1,57.5,42.07,Barley,Clayey,20-20,,,,,,0,0,0,0,1,0
15,0,41,25.96,57.58,55.01,Paddy,Black,14-35-14,,,,,,0,0,0,0,1,0
36,0,0,29.98,56.89,32.9,Maize,Loamy,Urea,,,,,,0,0,1,0,1,0
7,20,18,26.5,52.28,28.61,Ground Nuts,Sandy,Urea,,,,,,0,0,0,0,0,0
11,0,11,36.91,73.2,33.96,Maize,Red,28-28,,,,,,0,0,0,0,1,0
39,4,2,34.0,73.7,57.78,Maize,Sandy,20-20,,,,,,0,0,0,0,0,0
18,0,36,35.43,50.87,44.74,Ground Nuts,Loamy,DAP,,,,,,0,0,0,0,1,0
7,12,25,32.22,54.23,47.91,Barley,Black,17-17-17,,,,,,0,0,0,0,0,0
14,0,13,26.65,56.41,66.61,Wheat,Loamy,14-35-14,,,,,,0,0,0,0,1,0
8,16,11,26.9,42.45,46.23,Wheat,Loamy,20-20,,,,,,0,0,0,0,0,0
11,0,34,30.49,55.56,64.02,Wheat,Loamy,17-17-17,,,,,,0,0,0,0,1,0
12,3,16,26.99,44.75,36.06,Millets,Sandy,Urea,,,,,,0,0,0,0,0,0
21,0,18,28.63,63.42,48.86,Wheat,Sandy,10-26-26,,,,,,0,0,0,0,1,0
18,3,25,22.6,60.21,36.97,Wheat,Sandy,20-20,,,,,,0,0,0,0,0,0
39,1,1,28.97,68.66,31.32,Paddy,Clayey,17-17-17,,,,,,0,0,0,0,0,0
21,3,23,32.04,68.28,40.21,Paddy,Red,14-35-14,,,,,,0,0,0,0,0,0
14,0,42,25.6,54.32,31.26,Barley,Loamy,Urea,,,,,,0,0,0,0,1,0
21,2,16,25.51,66.21,44.24,Barley,Black,17-17-17,,,,,,0,0,0,0,0,0
8,8,29,32.06,46.96,51.16,Maize,Sandy,14-35-14,,,,,,0,0,0,0,0,0
8,4,28,40.0,71.75,46.13,Millets,Loamy,DAP,,,,,,0,0,0,0,0,0
4,14,20,24.3,54.99,32.02,Barley,Clayey,17-17-17,,,,,,0,0,0,0,0,0
2,13,28,29.47,59.72,59.54,Wheat,Red,28-28,,,,,,0,0,0,0,0,0
45,2,0,36.49,69.41,58.49,Ground Nuts,Clayey,17-17-17,,,,,,0,0,1,0,0,0
6,4,10,24.26,61.88,65.71,Maize,Clayey,DAP,,,,,,0,0,0,0,0,0
46,1,1,31.05,59.62,35.9,Paddy,Sandy,Urea,,,,,,0,0,0,0,0,0
34,0,0,28.51,55.73,42.73,Millets,Red,Urea,,,,,,0,0,1,0,1,0
21,1,24,36.45,68.49,26.71,Maize,Loamy,10-26-26,,,,,,0,0,0,0,0,0
11,6,30,29.8,66.69,70.0,Millets,Clayey,28-28,,,,,,0,0,0,0,0,0
30,0,0,27.41,49.33,22.31,Barley,Loamy,28-28,,,,,,0,0,1,0,1,0
12,0,45,40.0,69.41,43.69,Ground Nuts,Red,10-26-26,,,,,,0,0,0,0,1,0
8,0,14,26.52,49.7,59.42,Barley,Loamy,Urea,,,,,,0,0,0,0,1,0
1,13,18,31.5,53.39,52.53,Paddy,Black,17-17-17,,,,,,0,0,0,0,0,0
33,0,0,28.83,59.28,49.24,Ground Nuts,Sandy,14-35-14,,,,,,0,0,1,0,1,0
44,0,4,23.87,61.85,26.36,Paddy,Sandy,14-35-14,,,,,,0,0,0,0,1,0
9,4,38,36.75,69.93,42.63,Millets,Sandy,Urea,,,,,,0,0,0,0,0,0
42,1,0,34.96,53.85,35.07,Sugarcane,Sandy,28-28,,,,,,0,0,1,0,0,0
39,4,2,32.9,66.62,21.84,Millets,Clayey,17-17-17,,,,,,0,0,0,0,0,0
9,11,34,28.78,65.76,64.46,Ground Nuts,Sandy,10-26-26,,,,,,0,0,0,0,0,0
26,1,22,36.61,57.83,47.58,Barley,Sandy,Urea,,,,,,0,0,0,0,0,0
11,1,11,30.81,65.77,45.65,Maize,Black,17-17-17,,,,,,0,0,0,0,0,0
19,1,14,29.68,55.32,30.31,Paddy,Clayey,28-28,,,,,,0,0,0,0,0,0
13,1,10,29.45,51.32,62.42,Millets,Loamy,28-28,,,,,,0,0,0,0,0,0
10,13,14,33.28,70.59,39.69,Barley,Black,Urea,,,,,,0,0,0,0,0,0
8,14,17,29.18,67.41,29.21,Paddy,Red,Urea,,,,,,0,0,0,0,0,0
12,8,28,35.39,69.31,42.02,Millets,Black,10-26-26,,,,,,0,0,0,0,0,0
13,0,39,33.61,68.82,40.58,Maize,Clayey,10-26-26,,,,,,0,0,0,0,1,0
40,3,0,25.71,55.35,40.7,Millets,Clayey,10-26-26,,,,,,0,0,1,0,0,0
10,10,16,31.28,59.63,56.79,Maize,Clayey,DAP,,,,,,0,0,0,0,0,0
12,1,4,27.95,52.04,60.22,Millets,Sandy,10-26-26,,,,,,0,0,0,0,0,0
42,0,3,36.68,59.35,46.12,Wheat,Clayey,20-20,,,,,,0,0,0,0,1,0
8,6,37,33.98,50.38,53.63,Maize,Sandy,17-17-17,,,,,,0,0,0,0,0,0
16,1,19,21.87,46.4,37.57,Paddy,Sandy,28-28,,,,,,0,0,0,0,0,0
38,4,1,21.66,44.54,59.31,Wheat,Black,20-20,,,,,,0,0,0,0,0,0
9,1,35,27.7,51.81,52.3,Maize,Sandy,Urea,,,,,,0,0,0,0,0,0
7,0,14,35.18,71.74,59.5,Ground Nuts,Black,10-26-26,,,,,,0,0,0,0,1,0
36,3,0,31.64,58.28,29.1,Maize,Sandy,10-26-26,,,,,,0,0,1,0,0,0
8,4,26,37.24,59.51,60.24,Sugarcane,Black,10-26-26,,,,,,0,0,0,0,0,0
25,3,19,27.81,67.33,35.83,Paddy,Clayey,10-26-26,,,,,,0,0,0,0,0,0
27,3,19,38.13,56.75,55.03,Wheat,Loamy,14-35-14,,,,,,0,0,0,0,0,0
3,9,27,31.88,69.26,37.67,Millets,Loamy,28-28,,,,,,0,0,0,0,0,0
9,0,14,22.41,58.55,33.15,Millets,Clayey,Urea,,,,,,0,0,0,0,1,0
15,0,13,28.76,50.29,26.63,Ground Nuts,Loamy,Urea,,,,,,0,0,0,0,1,0
14,3,42,33.13,65.2,62.77,Millets,Black,Urea,,,,,,0,0,0,0,0,0
11,0,41,30.05,49.6,38.88,Ground Nuts,Black,DAP,,,,,,0,0,0,0,1,0
7,20,13,20.14,55.39,34.9,Ground Nuts,Sandy,17-17-17,,,,,,0,0,0,0,0,0
33,2,2,25.12,59.64,41.7,Paddy,Black,20-20,,,,,,0,0,0,0,0,0
12,13,8,33.19,62.06,52.48,Sugarcane,Sandy,14-35-14,,,,,,0,0,0,0,0,0
19,0,25,34.27,61.65,38.7,Sugarcane,Loamy,DAP,,,,,,0,0,0,0,1,0
20,0,20,27.91,57.81,37.13,Sugarcane,Clayey,28-28,,,,,,0,0,0,0,1,0
2,23,13,28.82,53.07,33.55,Barley,Clayey,20-20,,,,,,0,0,0,0,0,0
8,0,43,26.41,53.31,47.82,Ground Nuts,Red,17-17-17,,,,,,0,0,0,0,1,0
34,1,0,30.4,55.73,55.43,Sugarcane,Sandy,14-35-14,,,,,,0,0,1,0,0,0
21,0,18,32.51,54.93,36.01,Paddy,Loamy,17-17-17,,,,,,0,0,0,0,1,0
24,0,20,29.79,52.4,41.74,Ground Nuts,Sandy,DAP,,,,,,0,0,0,0,1,0
15,3,39,27.58,61.82,63.26,Sugarcane,Sandy,14-35-14,,,,,,0,0,0,0,0,0
4,10,27,37.5,78.9,55.18,Millets,Loamy,17-17-17,,,,,,0,0,0,0,0,0
13,0,40,24.53,51.09,51.48,Sugarcane,Sandy,14-35-14,,,,,,0,0,0,0,1,0
38,0,0,34.71,71.46,27.27,Maize,Red,20-20,,,,,,0,0,1,0,1,0
39,3,0,28.71,61.58,39.06,Maize,Sandy,Urea,,,,,,0,0,1,0,0,0
32,0,3,26.71,56.92,34.15,Wheat,Red,14-35-14,,,,,,0,0,0,0,1,0
26,0,22,38.54,57.01,49.61,Millets,Black,17-17-17,,,,,,0,0,0,0,1,0
10,3,9,30.58,51.06,30.0,Millets,Loamy,DAP,,,,,,0,0,0,0,0,0
15,0,15,29.48,49.92,23.52,Millets,Black,14-35-14,,,,,,0,0,0,0,1,0
5,5,24,31.21,58.81,41.61,Paddy,Black,28-28,,,,,,0,0,0,0,0,0
14,2,36,34.58,58.18,59.64,Ground Nuts,Clayey,10-26-26,,,,,,0,0,0,0,0,0
1,14,12,30.13,63.29,31.12,Paddy,Red,10-26-26,,,,,,0,0,0,0,0,0
24,1,18,24.63,53.02,36.99,Sugarcane,Loamy,DAP,,,,,,0,0,0,0,0,0
6,15,19,26.65,56.89,50.34,Maize,Black,28-28,,,,,,0,0,0,0,0,0
41,1,0,32.06,55.75,63.43,Wheat,Loamy,10-26-26,,,,,,0,0,1,0,0,0
36,4,0,29.22,51.42,31.77,Sugarcane,Loamy,10-26-26,,,,,,0,0,1,0,0,0
17,2,43,24.12,52.17,38.96,Barley,Loamy,20-20,,,,,,0,0,0,0,0,0
26,0,19,36.74,54.42,31.68,Millets,Black,28-28,,,,,,0,0,0,0,1,0
4,5,29,34.73,70.2,55.44,Millets,Loamy,17-17-17,,,,,,0,0,0,0,0,0
17,0,14,26.11,42.81,42.69,Millets,Black,DAP,,,,,,0,0,0,0,1,0
24,0,18,27.33,58.93,31.31,Wheat,Loamy,Urea,,,,,,0,0,0,0,1,0
5,5,26,24.32,64.62,26.9,Barley,Sandy,14-35-14,,,,,,0,0,0,0,0,0
8,7,32,34.22,66.2,65.25,Paddy,Clayey,10-26-26,,,,,,0,0,0,0,0,0
3,18,16,26.56,61.21,46.73,Barley,Loamy,DAP,,,,,,0,0,0,0,0,0
19,0,22,30.77,60.08,39.33,Sugarcane,Black,10-26-26,,,,,,0,0,0,0,1,0
9,0,35,28.84,59.5,20.0,Wheat,Red,20-20,,,,,,0,0,0,0,1,0
23,0,21,25.9,59.1,46.8,Millets,Sandy,Urea,,,,,,0,0,0,0,1,0
35,0,0,26.17,51.76,33.52,Maize,Loamy,14-35-14,,,,,,0,0,1,0,1,0
10,0,39,27.2,62.82,65.08,Maize,Clayey,Urea,,,,,,0,0,0,0,1,0
40,3,0,29.73,48.28,26.09,Millets,Sandy,28-28,,,,,,0,0,1,0,0,0
6,8,21,32.31,63.38,48.51,Maize,Loamy,DAP,,,,,,0,0,0,0,0,0
10,0,7,22.84,59.33,62.69,Wheat,Clayey,DAP,,,,,,0,0,0,0,1,0
10,9,27,25.4,56.88,53.51,Millets,Loamy,28-28,,,,,,0,0,0,0,0,0
5,0,11,34.99,53.45,34.55,Ground Nuts,Black,28-28,,,,,,0,0,0,0,1,0
14,0,34,35.41,55.99,30.99,Sugarcane,Loamy,20-20,,,,,,0,0,0,0,1,0
7,0,31,38.03,72.22,45.56,Barley,Red,10-26-26,,,,,,0,0,0,0,1,0
3,7,30,38.49,73.46,46.36,Ground Nuts,Loamy,DAP,,,,,,0,0,0,0,0,0
12,4,41,35.33,57.99,70.0,Ground Nuts,Clayey,DAP,,,,,,0,0,0,0,0,0
11,12,30,27.72,44.26,20.0,Barley,Loamy,Urea,,,,,,0,0,0,0,0,0
43,4,0,32.64,48.78,46.52,Barley,Clayey,10-26-26,,,,,,0,0,1,0,0,0
9,0,5,25.58,54.13,29.55,Sugarcane,Black,20-20,,,,,,0,0,0,0,1,0
34,1,0,23.98,55.05,31.37,Ground Nuts,Clayey,20-20,,,,,,0,0,1,0,0,0
3,22,18,32.63,64.09,48.36,Barley,Loamy,DAP,,,,,,0,0,0,0,0,0
38,2,0,30.75,52.41,37.5,Maize,Loamy,Urea,,,,,,0,0,1,0,0,0
16,0,20,27.83,48.97,45.35,Paddy,Loamy,20-20,,,,,,0,0,0,0,1,0
7,9,29,29.78,57.79,45.7,Sugarcane,Clayey,10-26-26,,,,,,0,0,0,0,0,0
22,0,28,27.09,53.92,37.19,Sugarcane,Loamy,DAP,,,,,,0,0,0,0,1,0
15,2,36,26.43,60.25,35.78,Sugarcane,Sandy,20-20,,,,,,0,0,0,0,0,0
23,4,21,33.4,62.87,43.1,Millets,Clayey,Urea,,,,,,0,0,0,0,0,0
12,8,30,31.47,62.21,66.18,Maize,Black,Urea,,,,,,0,0,0,0,0,0
8,1,11,26.82,51.3,34.82,Barley,Red,17-17-17,,,,,,0,0,0,0,0,0
7,7,32,26.78,65.69,55.2,Maize,Sandy,10-26-26,,,,,,0,0,0,0,0,0
6,3,11,25.92,47.69,61.97,Ground Nuts,Clayey,Urea,,,,,,0,0,0,0,0,0
9,0,4,27.58,42.95,54.69,Sugarcane,Sandy,10-26-26,,,,,,0,0,0,0,1,0
4,6,27,34.13,69.91,26.15,Sugarcane,Sandy,Urea,,,,,,0,0,0,0,0,0
13,2,8,37.79,66.43,53.61,Maize,Black,Urea,,,,,,0,0,0,0,0,0
39,2,4,37.81,64.17,31.59,Paddy,Sandy,Urea,,,,,,0,0,0,0,0,0
44,3,0,30.8,58.77,21.23,Paddy,Sandy,28-28,,,,,,0,0,1,0,0,0
15,8,12,28.25,54.74,70.0,Maize,Red,17-17-17,,,,,,0,0,0,0,0,0
8,16,14,34.91,57.74,67.05,Maize,Clayey,20-20,,,,,,0,0,0,0,0,0
18,13,9,29.99,45.79,31.39,Millets,Black,10-26-26,,,,,,0,0,0,0,0,0
25,0,18,32.86,61.11,38.13,Sugarcane,Black,DAP,,,,,,0,0,0,0,1,0
9,10,12,35.95,56.17,51.09,Wheat,Black,20-20,,,,,,0,0,0,0,0,0
41,0,4,38.15,76.07,50.5,Wheat,Black,Urea,,,,,,0,0,0,0,1,0
9,2,28,27.97,61.87,53.56,Maize,Black,20-20,,,,,,0,0,0,0,0,0
12,4,40,32.21,69.43,39.24,Wheat,Red,14-35-14,,,,,,0,0,0,0,0,0
16,0,34,35.52,75.0,62.64,Maize,Black,DAP,,,,,,0,0,0,0,1,0
11,11,28,27.25,57.18,56.38,Maize,Clayey,Urea,,,,,,0,0,0,0,0,0
41,0,0,34.84,55.67,20.0,Paddy,Black,10-26-26,,,,,,0,0,1,0,1,0
9,0,36,33.62,61.17,32.6,Wheat,Clayey,28-28,,,,,,0,0,0,0,1,0
10,0,37,31.47,70.69,49.36,Maize,Black,17-17-17,,,,,,0,0,0,0,1,0
21,0,14,20.18,49.8,27.78,Maize,Red,17-17-17,,,,,,0,0,0,0,1,0
26,0,17,29.22,51.72,43.95,Wheat,Black,Urea,,,,,,0,0,0,0,1,0
46,0,0,31.2,50.88,26.64,Sugarcane,Red,DAP,,,,,,0,0,1,0,1,0
3,14,16,35.95,72.98,52.9,Wheat,Clayey,20-20,,,,,,0,0,0,0,0,0
6,11,29,35.31,77.47,46.4,Sugarcane,Clayey,28-28,,,,,,0,0,0,0,0,0
7,8,35,26.12,58.73,50.26,Wheat,Clayey,28-28,,,,,,0,0,0,0,0,0
8,2,39,27.97,47.65,45.75,Paddy,Black,14-35-14,,,,,,0,0,0,0,0,0
26,0,14,29.43,65.58,51.3,Maize,Clayey,DAP,,,,,,0,0,0,0,1,0
28,0,21,29.37,58.44,44.49,Sugarcane,Black,10-26-26,,,,,,0,0,0,0,1,0
19,0,36,27.43,56.68,24.36,Wheat,Clayey,14-35-14,,,,,,0,0,0,0,1,0
33,2,0,25.17,43.89,65.91,Ground Nuts,Black,Urea,,,,,,0,0,1,0,0,0
14,0,37,27.51,55.86,41.39,Barley,Black,10-26-26,,,,,,0,0,0,0,1,0
28,0,21,29.29,69.9,43.81,Maize,Black,Urea,,,,,,0,0,0,0,1,0
42,3,0,32.07,63.03,39.38,Maize,Sandy,14-35-14,,,,,,0,0,1,0,0,0
15,0,36,30.29,69.78,31.58,Sugarcane,Black,17-17-17,,,,,,0,0,0,0,1,0
15,8,19,24.89,41.79,54.45,Ground Nuts,Black,Urea,,,,,,0,0,0,0,0,0
0,8,30,29.43,62.46,43.26,Barley,Black,28-28,,,,,,1,0,0,0,0,0
12,1,35,33.82,63.87,30.01,Wheat,Black,Urea,,,,,,0,0,0,0,0,0
8,4,38,36.91,75.0,34.75,Wheat,Clayey,28-28,,,,,,0,0,0,0,0,0
15,15,14,29.11,66.22,57.05,Sugarcane,Black,28-28,,,,,,0,0,0,0,0,0
5,12,16,23.97,42.57,33.9,Ground Nuts,Loamy,28-28,,,,,,0,0,0,0,0,0
34,0,3,28.56,69.25,43.73,Barley,Red,20-20,,,,,,0,0,0,0,1,0
14,13,10,24.78,56.42,25.51,Sugarcane,Clayey,17-17-17,,,,,,0,0,0,0,0,0
18,1,13,28.78,60.98,46.86,Millets,Clayey,20-20,,,,,,0,0,0,0,0,0
9,1,37,21.27,59.98,35.59,Paddy,Red,10-26-26,,,,,,0,0,0,0,0,0
13,0,38,27.79,46.46,33.4,Ground Nuts,Black,10-26-26,,,,,,0,0,0,0,1,0
10,0,37,27.78,57.1,42.64,Barley,Black,28-28,,,,,,0,0,0,0,1,0
16,0,13,29.83,64.29,45.68,Sugarcane,Black,20-20,,,,,,0,0,0,0,1,0
36,0,0,31.85,62.5,31.51,Ground Nuts,Sandy,17-17-17,,,,,,0,0,1,0,1,0
36,0,0,27.02,55.09,35.69,Paddy,Red,Urea,,,,,,0,0,1,0,1,0
38,1,0,25.4,59.23,35.65,Paddy,Clayey,20-20,,,,,,0,0,1,0,0,0
11,11,11,34.32,61.36,44.53,Maize,Black,DAP,,,,,,0,0,0,0,0,0
9,14,16,33.52,65.3,40.12,Ground Nuts,Clayey,20-20,,,,,,0,0,0,0,0,0
17,3,15,29.16,51.25,37.86,Wheat,Red,Urea,,,,,,0,0,0,0,0,0
12,0,32,35.14,68.94,36.73,Paddy,Sandy,10-26-26,,,,,,0,0,0,0,1,0
10,0,37,31.21,67.98,48.85,Paddy,Black,28-28,,,,,,0,0,0,0,1,0
7,2,41,39.78,72.13,29.77,Maize,Clayey,28-28,,,,,,0,0,0,0,0,0
9,0,42,33.64,62.64,37.52,Sugarcane,Red,20-20,,,,,,0,0,0,0,1,0
38,0,4,27.42,62.2,57.15,Millets,Sandy,14-35-14,,,,,,0,0,0,0,1,0
8,9,26,33.57,54.09,68.48,Sugarcane,Black,28-28,,,,,,0,0,0,0,0,0
38,0,0,30.06,57.82,29.93,Paddy,Sandy,Urea,,,,,,0,0,1,0,1,0
12,2,10,40.0,75.94,34.96,Millets,Red,28-28,,,,,,0,0,0,0,0,0
15,16,20,32.9,63.12,47.43,Barley,Black,14-35-14,,,,,,0,0,0,0,0,0
39,2,0,29.42,72.78,42.89,Sugarcane,Clayey,20-20,,,,,,0,0,1,0,0,0
12,4,35,38.27,63.65,41.45,Ground Nuts,Clayey,28-28,,,,,,0,0,0,0,0,0
11,11,16,27.4,56.09,57.66,Paddy,Clayey,17-17-17,,,,,,0,0,0,0,0,0
10,0,13,30.02,66.49,49.75,Maize,Loamy,17-17-17,,,,,,0,0,0,0,1,0
17,0,40,26.05,51.23,34.11,Maize,Loamy,Urea,,,,,,0,0,0,0,1,0
2,22,14,25.24,43.61,39.67,Ground Nuts,Loamy,14-35-14,,,,,,0,0,0,0,0,0
16,0,14,23.39,59.65,40.74,Paddy,Clayey,10-26-26,,,,,,0,0,0,0,1,0
14,15,13,29.61,70.12,42.17,Barley,Red,14-35-14,,,,,,0,0,0,0,0,0
8,17,20,32.12,68.28,42.26,Barley,Red,14-35-14,,,,,,0,0,0,0,0,0
7,4,29,33.34,73.86,48.0,Ground Nuts,Clayey,10-26-26,,,,,,0,0,0,0,0,0
23,1,20,29.17,64.55,46.56,Barley,Sandy,10-26-26,,,,,,0,0,0,0,0,0
28,0,16,27.19,46.21,27.99,Sugarcane,Loamy,14-35-14,,,,,,0,0,0,0,1,0
44,0,1,34.5,63.22,50.73,Ground Nuts,Loamy,28-28,,,,,,0,0,0,0,1,0
27,1,28,30.25,60.34,33.5,Barley,Sandy,20-20,,,,,,0,0,0,0,0,0
13,0,41,38.47,55.14,50.1,Ground Nuts,Red,20-20,,,,,,0,0,0,0,1,0
3,9,26,35.84,62.15,67.16,Millets,Sandy,28-28,,,,,,0,0,0,0,0,0
8,14,16,26.29,62.82,38.28,Barley,Red,20-20,,,,,,0,0,0,0,0,0
13,1,32,35.77,67.17,42.53,Maize,Black,10-26-26,,,,,,0,0,0,0,0,0
9,0,39,27.14,68.62,46.27,Wheat,Sandy,DAP,,,,,,0,0,0,0,1,0
23,0,20,32.99,70.55,34.22,Paddy,Loamy,14-35-14,,,,,,0,0,0,0,1,0
8,0,39,33.14,50.64,55.05,Maize,Loamy,28-28,,,,,,0,0,0,0,1,0
10,0,38,25.7,57.86,20.0,Barley,Loamy,DAP,,,,,,0,0,0,0,1,0
10,16,18,27.27,42.2,47.49,Wheat,Loamy,17-17-17,,,,,,0,0,0,0,0,0
23,0,23,28.48,55.48,25.55,Maize,Loamy,10-26-26,,,,,,0,0,0,0,1,0
18,0,16,22.99,44.67,30.17,Paddy,Black,17-17-17,,,,,,0,0,0,0,1,0
42,0,0,35.57,70.66,40.03,Wheat,Black,10-26-26,,,,,,0,0,1,0,1,0
12,12,13,34.4,70.85,53.05,Sugarcane,Black,20-20,,,,,,0,0,0,0,0,0
19,0,21,23.28,45.27,43.77,Sugarcane,Sandy,14-35-14,,,,,,0,0,0,0,1,0
12,4,35,29.27,65.89,70.0,Wheat,Sandy,17-17-17,,,,,,0,0,0,0,0,0
23,0,25,29.55,60.62,45.99,Barley,Sandy,28-28,,,,,,0,0,0,0,1,0
37,1,0,32.92,60.86,60.26,Maize,Clayey,DAP,,,,,,0,0,1,0,0,0
12,4,26,31.52,57.93,68.2,Maize,Clayey,20-20,,,,,,0,0,0,0,0,0
25,4,18,28.54,55.75,38.08,Sugarcane,Clayey,10-26-26,,,,,,0,0,0,0,0,0
10,11,22,26.33,58.16,43.91,Barley,Red,Urea,,,,,,0,0,0,0,0,0
34,4,0,31.55,50.78,32.59,Paddy,Loamy,20-20,,,,,,0,0,1,0,0,0
24,4,17,33.51,66.81,32.19,Paddy,Loamy,17-17-17,,,,,,0,0,0,0,0,0
11,16,16,20.55,42.03,63.54,Barley,Black,14-35-14,,,,,,0,0,0,0,0,0
14,2,38,33.35,71.63,38.11,Sugarcane,Loamy,DAP,,,,,,0,0,0,0,0,0
43,4,2,31.18,55.84,28.31,Millets,Clayey,28-28,,,,,,0,0,0,0,0,0
35,0,2,31.72,45.26,28.54,Maize,Clayey,17-17-17,,,,,,0,0,0,0,1,0
39,0,2,31.1,45.98,25.78,Ground Nuts,Black,28-28,,,,,,0,0,0,0,1,0
9,0,11,29.8,59.73,35.64,Barley,Red,Urea,,,,,,0,0,0,0,1,0
10,8,9,29.13,53.38,49.08,Sugarcane,Red,DAP,,,,,,0,0,0,0,0,0
33,0,0,30.83,57.02,57.45,Barley,Loamy,10-26-26,,,,,,0,0,1,0,1,0
6,14,17,26.79,61.62,45.64,Ground Nuts,Sandy,20-20,,,,,,0,0,0,0,0,0
38,3,0,35.36,56.86,36.82,Millets,Loamy,DAP,,,,,,0,0,1,0,0,0
40,1,2,25.86,45.62,35.68,Barley,Red,DAP,,,,,,0,0,0,0,0,0
14,12,11,34.51,68.73,69.9,Barley,Loamy,14-35-14,,,,,,0,0,0,0,0,0
19,3,20,34.01,63.87,51.24,Wheat,Clayey,DAP,,,,,,0,0,0,0,0,0
4,9,34,30.01,59.57,35.04,Ground Nuts,Red,DAP,,,,,,0,0,0,0,0,0
6,2,28,35.19,65.14,22.12,Ground Nuts,Black,10-26-26,,,,,,0,0,0,0,0,0
42,0,0,28.81,54.94,41.6,Barley,Black,Urea,,,,,,0,0,1,0,1,0
1,5,32,30.77,55.44,46.67,Paddy,Clayey,28-28,,,,,,0,0,0,0,0,0
14,10,35,32.43,56.6,64.19,Wheat,Red,17-17-17,,,,,,0,0,0,0,0,0
40,0,3,24.83,59.19,31.4,Paddy,Clayey,17-17-17,,,,,,0,0,0,0,1,0
41,3,0,28.86,73.5,29.53,Sugarcane,Black,28-28,,,,,,0,0,1,0,0,0
5,0,9,29.84,65.34,35.1,Barley,Sandy,14-35-14,,,,,,0,0,0,0,1,0
10,2,38,34.51,58.28,63.85,Millets,Clayey,20-20,,,,,,0,0,0,0,0,0
12,2,10,23.93,60.03,29.73,Millets,Black,DAP,,,,,,0,0,0,0,0,0
31,2,4,30.76,50.1,44.85,Maize,Clayey,Urea,,,,,,0,0,0,0,0,0
12,8,13,30.4,52.84,59.57,Maize,Clayey,Urea,,,,,,0,0,0,0,0,0
9,15,10,34.55,61.85,66.2,Ground Nuts,Clayey,Urea,,,,,,0,0,0,0,0,0
13,9,32,23.54,47.71,27.92,Barley,Red,Urea,,,,,,0,0,0,0,0,0
10,11,29,34.57,55.72,20.0,Sugarcane,Loamy,14-35-14,,,,,,0,0,0,0,0,0
17,0,15,31.63,50.38,31.45,Paddy,Clayey,10-26-26,,,,,,0,0,0,0,1,0
38,1,3,31.73,51.82,37.23,Maize,Sandy,DAP,,,,,,0,0,0,0,0,0
3,6,33,25.36,62.76,62.32,Barley,Clayey,14-35-14,,,,,,0,0,0,0,0,0
17,0,37,32.1,65.89,70.0,Wheat,Clayey,14-35-14,,,,,,0,0,0,0,1,0
13,13,13,21.09,49.87,63.43,Paddy,Red,Urea,,,,,,0,0,0,0,0,0
40,0,3,31.23,66.32,27.49,Wheat,Red,14-35-14,,,,,,0,0,0,0,1,0
9,12,17,31.19,71.44,46.39,Maize,Loamy,17-17-17,,,,,,0,0,0,0,0,0
12,4,31,27.41,56.77,45.73,Sugarcane,Clayey,28-28,,,,,,0,0,0,0,0,0
25,0,15,35.61,68.63,70.0,Sugarcane,Red,28-28,,,,,,0,0,0,0,1,0
15,0,5,31.43,54.96,40.98,Paddy,Sandy,14-35-14,,,,,,0,0,0,0,1,0
10,9,28,31.37,74.91,34.64,Ground Nuts,Red,Urea,,,,,,0,0,0,0,0,0
37,2,3,28.38,51.28,61.42,Sugarcane,Sandy,20-20,,,,,,0,0,0,0,0,0
18,0,39,31.44,70.97,62.81,Paddy,Clayey,17-17-17,,,,,,0,0,0,0,1,0
12,2,40,39.45,73.14,24.99,Maize,Sandy,Urea,,,,,,0,0,0,0,0,0
43,2,0,24.78,50.29,39.4,Millets,Black,17-17-17,,,,,,0,0,1,0,0,0
19,1,14,25.7,52.75,36.55,Paddy,Red,10-26-26,,,,,,0,0,0,0,0,0
13,1,38,26.27,55.47,33.28,Wheat,Red,28-28,,,,,,0,0,0,0,0,0
38,0,0,33.49,63.84,32.92,Ground Nuts,Clayey,Urea,,,,,,0,0,1,0,1,0
32,1,1,26.38,49.88,65.47,Maize,Black,17-17-17,,,,,,0,0,0,0,0,0
18,4,33,35.49,70.58,34.23,Maize,Clayey,DAP,,,,,,0,0,0,0,0,0
10,1,40,38.65,67.93,70.0,Millets,Loamy,28-28,,,,,,0,0,0,0,0,0
42,0,1,39.15,68.25,46.6,Sugarcane,Loamy,17-17-17,,,,,,0,0,0,0,1,0
14,21,20,32.15,57.42,26.8,Wheat,Red,DAP,,,,,,0,0,0,0,0,0
7,9,29,32.8,61.46,58.5,Wheat,Sandy,14-35-14,,,,,,0,0,0,0,0,0
15,3,36,32.04,64.28,62.11,Barley,Black,14-35-14,,,,,,0,0,0,0,0,0
14,0,19,24.88,43.56,53.5,Sugarcane,Sandy,28-28,,,,,,0,0,0,0,1,0
13,0,37,24.12,50.26,37.62,Wheat,Loamy,Urea,,,,,,0,0,0,0,1,0
41,0,3,27.71,53.42,37.98,Maize,Black,20-20,,,,,,0,0,0,0,1,0
17,0,37,32.91,64.18,51.89,Paddy,Sandy,Urea,,,,,,0,0,0,0,1,0
11,20,20,37.05,69.22,44.58,Sugarcane,Black,17-17-17,,,,,,0,0,0,0,0,0
22,0,20,30.03,65.12,38.84,Millets,Sandy,28-28,,,,,,0,0,0,0,1,0
6,8,30,30.41,63.03,49.09,Maize,Clayey,10-26-26,,,,,,0,0,0,0,0,0
12,0,32,29.86,50.94,70.0,Sugarcane,Sandy,28-28,,,,,,0,0,0,0,1,0
3,4,34,28.75,55.19,20.0,Millets,Loamy,17-17-17,,,,,,0,0,0,0,0,0
14,0,38,24.86,58.35,61.89,Wheat,Red,17-17-17,,,,,,0,0,0,0,1,0
22,3,20,27.63,58.09,46.23,Paddy,Black,DAP,,,,,,0,0,0,0,0,0
40,2,1,29.59,65.88,21.2,Sugarcane,Sandy,20-20,,,,,,0,0,0,0,0,0
11,0,13,28.41,61.99,31.54,Maize,Red,17-17-17,,,,,,0,0,0,0,1,0
16,3,42,24.22,59.75,30.07,Ground Nuts,Black,20-20,,,,,,0,0,0,0,0,0
14,15,12,31.39,61.78,70.0,Maize,Red,10-26-26,,,,,,0,0,0,0,0,0
0,11,27,29.28,55.6,41.79,Paddy,Loamy,20-20,,,,,,1,0,0,0,0,0
5,23,14,25.08,45.08,31.07,Sugarcane,Clayey,14-35-14,,,,,,0,0,0,0,0,0
25,0,15,27.1,55.35,36.61,Sugarcane,Black,28-28,,,,,,0,0,0,0,1,0
18,1,36,28.09,50.46,25.38,Barley,Sandy,Urea,,,,,,0,0,0,0,0,0
14,3,43,28.96,54.32,35.97,Barley,Sandy,10-26-26,,,,,,0,0,0,0,0,0
9,18,19,29.34,49.57,20.01,Maize,Loamy,17-17-17,,,,,,0,0,0,0,0,0
32,0,0,28.57,50.93,44.78,Maize,Red,20-20,,,,,,0,0,1,0,1,0
4,14,25,23.08,62.96,20.0,Millets,Sandy,14-35-14,,,,,,0,0,0,0,0,0
27,0,20,26.17,53.24,51.31,Barley,Black,DAP,,,,,,0,0,0,0,1,0
10,0,36,34.55,58.92,68.9,Wheat,Black,14-35-14,,,,,,0,0,0,0,1,0
35,0,4,30.51,64.47,31.19,Paddy,Sandy,20-20,,,,,,0,0,0,0,1,0
8,3,5,24.18,53.12,59.3,Maize,Clayey,10-26-26,,,,,,0,0,0,0,0,0
39,0,2,30.65,47.72,37.49,Maize,Clayey,DAP,,,,,,0,0,0,0,1,0
26,0,21,34.12,63.6,27.97,Maize,Red,DAP,,,,,,0,0,0,0,1,0
10,9,25,30.51,52.48,23.64,Paddy,Clayey,28-28,,,,,,0,0,0,0,0,0
37,0,0,24.12,53.65,35.22,Ground Nuts,Sandy,10-26-26,,,,,,0,0,1,0,1,0
3,0,17,33.21,64.79,31.54,Sugarcane,Clayey,20-20,,,,,,0,0,0,0,1,0
42,0,0,36.7,62.62,24.01,Barley,Red,17-17-17,,,,,,0,0,1,0,1,0
34,0,0,24.49,51.98,67.62,Sugarcane,Clayey,14-35-14,,,,,,0,0,1,0,1,0
16,14,7,29.92,57.58,44.49,Ground Nuts,Loamy,Urea,,,,,,0,0,0,0,0,0
15,0,38,33.42,65.41,63.33,Maize,Black,14-35-14,,,,,,0,0,0,0,1,0
12,7,26,29.32,57.18,70.0,Ground Nuts,Clayey,20-20,,,,,,0,0,0,0,0,0
38,0,3,35.27,69.93,44.23,Ground Nuts,Sandy,20-20,,,,,,0,0,0,0,1,0
5,0,8,33.94,62.1,56.9,Ground Nuts,Red,10-26-26,,,,,,0,0,0,0,1,0
38,0,3,24.78,59.94,49.61,Sugarcane,Clayey,28-28,,,,,,0,0,0,0,1,0
8,0,18,33.97,73.31,26.07,Wheat,Sandy,20-20,,,,,,0,0,0,0,1,0
37,2,0,29.03,51.28,59.83,Millets,Clayey,Urea,,,,,,0,0,1,0,0,0
14,0,36,24.13,65.79,35.41,Wheat,Red,Urea,,,,,,0,0,0,0,1,0
27,0,23,37.53,67.28,40.79,Maize,Clayey,14-35-14,,,,,,0,0,0,0,1,0
38,0,4,30.71,58.51,42.79,Maize,Sandy,28-28,,,,,,0,0,0,0,1,0
6,4,15,37.97,62.65,56.53,Ground Nuts,Red,DAP,,,,,,0,0,0,0,0,0
9,0,38,35.46,70.84,62.84,Maize,Black,20-20,,,,,,0,0,0,0,1,0
11,0,6,29.05,54.64,49.53,Paddy,Clayey,10-26-26,,,,,,0,0,0,0,1,0
16,0,36,40.0,72.25,45.19,Millets,Clayey,DAP,,,,,,0,0,0,0,1,0
17,12,10,22.51,50.31,30.59,Maize,Clayey,DAP,,,,,,0,0,0,0,0,0
9,0,44,32.06,78.41,36.96,Wheat,Loamy,10-26-26,,,,,,0,0,0,0,1,0
19,0,22,28.99,56.86,47.2,Sugarcane,Red,DAP,,,,,,0,0,0,0,1,0
10,3,38,36.75,71.25,31.9,Paddy,Sandy,17-17-17,,,,,,0,0,0,0,0,0
40,0,0,29.59,64.77,26.04,Paddy,Red,17-17-17,,,,,,0,0,1,0,1,0
9,5,31,29.95,61.65,70.0,Sugarcane,Loamy,20-20,,,,,,0,0,0,0,0,0
9,11,35,28.74,51.47,58.63,Maize,Clayey,28-28,,,,,,0,0,0,0,0,0
34,2,3,37.6,71.43,54.12,Ground Nuts,Clayey,20-20,,,,,,0,0,0,0,0,0
12,0,41,38.31,77.54,38.22,Wheat,Black,14-35-14,,,,,,0,0,0,0,1,0
16,0,16,40.0,58.41,25.99,Sugarcane,Clayey,DAP,,,,,,0,0,0,0,1,0
9,3,38,23.4,62.09,20.0,Millets,Clayey,20-20,,,,,,0,0,0,0,0,0
37,4,0,22.76,48.08,34.55,Maize,Loamy,Urea,,,,,,0,0,1,0,0,0
8,1,11,23.01,46.97,52.66,Maize,Sandy,14-35-14,,,,,,0,0,0,0,0,0
12,0,34,36.87,74.71,25.27,Barley,Sandy,17-17-17,,,,,,0,0,0,0,1,0
12,0,14,30.79,62.82,29.74,Barley,Black,14-35-14,,,,,,0,0,0,0,1,0
13,1,36,34.83,74.84,38.55,Barley,Clayey,14-35-14,,,,,,0,0,0,0,0,0
19,0,44,40.0,72.53,69.09,Barley,Loamy,10-26-26,,,,,,0,0,0,0,1,0
24,0,22,32.53,66.27,24.96,Sugarcane,Red,14-35-14,,,,,,0,0,0,0,1,0
5,3,33,34.05,57.39,35.01,Millets,Loamy,20-20,,,,,,0,0,0,0,0,0
10,8,31,33.84,78.28,54.01,Ground Nuts,Sandy,Urea,,,,,,0,0,0,0,0,0
6,0,6,26.13,59.47,53.78,Paddy,Black,Urea,,,,,,0,0,0,0,1,0
10,11,8,32.31,65.98,51.84,Wheat,Red,28-28,,,,,,0,0,0,0,0,0
19,0,13,27.78,63.49,36.53,Maize,Red,10-26-26,,,,,,0,0,0,0,1,0
40,0,0,30.03,59.76,24.55,Barley,Sandy,Urea,,,,,,0,0,1,0,1,0
1,20,15,28.6,61.06,46.54,Ground Nuts,Black,Urea,,,,,,0,0,0,0,0,0
22,0,20,36.31,72.79,46.6,Barley,Sandy,DAP,,,,,,0,0,0,0,1,0
14,18,12,27.71,61.57,28.73,Sugarcane,Loamy,17-17-17,,,,,,0,0,0,0,0,0
6,11,33,32.34,57.71,24.9,Maize,Loamy,DAP,,,,,,0,0,0,0,0,0
40,4,0,38.64,77.51,43.0,Barley,Sandy,DAP,,,,,,0,0,1,0,0,0
6,0,8,27.61,69.47,34.64,Maize,Black,Urea,,,,,,0,0,0,0,1,0
9,10,25,29.73,65.44,62.54,Paddy,Sandy,17-17-17,,,,,,0,0,0,0,0,0
24,0,21,27.55,50.87,37.69,Wheat,Loamy,14-35-14,,,,,,0,0,0,0,1,0
11,8,25,27.26,62.16,33.59,Barley,Black,28-28,,,,,,0,0,0,0,0,0
13,1,44,24.69,55.52,22.39,Ground Nuts,Clayey,14-35-14,,,,,,0,0,0,0,0,0
37,0,0,33.35,65.13,26.44,Wheat,Clayey,14-35-14,,,,,,0,0,1,0,1,0
25,4,20,33.4,49.71,50.01,Sugarcane,Clayey,20-20,,,,,,0,0,0,0,0,0
2,8,32,32.29,62.66,37.32,Barley,Clayey,Urea,,,,,,0,0,0,0,0,0
22,0,23,23.18,59.48,46.95,Sugarcane,Sandy,Urea,,,,,,0,0,0,0,1,0
35,1,0,37.6,61.35,36.62,Barley,Red,14-35-14,,,,,,0,0,1,0,0,0
5,6,32,34.08,67.3,66.45,Wheat,Black,Urea,,,,,,0,0,0,0,0,0
12,4,5,33.39,58.29,46.97,Wheat,Black,Urea,,,,,,0,0,0,0,0,0
20,0,25,31.97,56.43,38.33,Ground Nuts,Red,DAP,,,,,,0,0,0,0,1,0
14,0,11,29.39,52.92,44.26,Sugarcane,Red,10-26-26,,,,,,0,0,0,0,1,0
33,0,1,28.99,57.8,41.7,Wheat,Black,DAP,,,,,,0,0,0,0,1,0
17,0,22,31.7,60.31,42.96,Barley,Loamy,20-20,,,,,,0,0,0,0,1,0
11,9,29,28.82,62.02,40.63,Maize,Clayey,14-35-14,,,,,,0,0,0,0,0,0
10,12,31,27.04,53.79,60.68,Millets,Black,DAP,,,,,,0,0,0,0,0,0
18,0,27,28.31,66.5,29.81,Millets,Clayey,20-20,,,,,,0,0,0,0,1,0
27,2,19,27.83,55.13,30.2,Wheat,Loamy,14-35-14,,,,,,0,0,0,0,0,0
2,17,12,30.04,58.87,38.82,Paddy,Clayey,28-28,,,,,,0,0,0,0,0,0
6,0,15,35.85,70.43,52.65,Wheat,Black,20-20,,,,,,0,0,0,0,1,0
38,0,4,32.69,55.16,54.36,Paddy,Red,28-28,,,,,,0,0,0,0,1,0
38,0,2,32.87,55.38,34.81,Maize,Loamy,20-20,,,,,,0,0,0,0,1,0
6,7,31,33.54,64.83,36.55,Barley,Clayey,10-26-26,,,,,,0,0,0,0,0,0
37,3,4,30.85,62.67,70.0,Maize,Loamy,28-28,,,,,,0,0,0,0,0,0
1,19,12,31.2,58.13,55.28,Maize,Clayey,20-20,,,,,,0,0,0,0,0,0
22,0,17,30.08,70.01,35.0,Sugarcane,Clayey,20-20,,,,,,0,0,0,0,1,0
7,5,27,30.41,57.18,58.29,Paddy,Red,28-28,,,,,,0,0,0,0,0,0
45,1,2,29.58,55.83,32.4,Sugarcane,Sandy,17-17-17,,,,,,0,0,0,0,0,0
25,0,25,24.66,51.66,45.41,Wheat,Black,14-35-14,,,,,,0,0,0,0,1,0
10,3,13,26.95,47.7,20.39,Ground Nuts,Clayey,17-17-17,,,,,,0,0,0,0,0,0
7,7,16,26.25,56.03,69.41,Sugarcane,Sandy,10-26-26,,,,,,0,0,0,0,0,0
24,0,15,26.88,54.41,28.3,Maize,Clayey,10-26-26,,,,,,0,0,0,0,1,0
37,4,0,38.72,72.63,44.83,Paddy,Black,14-35-14,,,,,,0,0,1,0,0,0
2,9,33,29.2,55.04,68.65,Millets,Loamy,20-20,,,,,,0,0,0,0,0,0
37,3,4,24.84,54.15,44.72,Maize,Clayey,10-26-26,,,,,,0,0,0,0,0,0
8,1,10,31.87,61.74,41.71,Sugarcane,Sandy,Urea,,,,,,0,0,0,0,0,0
17,0,12,33.82,72.77,45.9,Paddy,Sandy,17-17-17,,,,,,0,0,0,0,1,0
39,0,0,40.0,66.66,43.95,Millets,Black,28-28,,,,,,0,0,1,0,1,0
11,0,40,23.32,51.38,36.32,Paddy,Clayey,20-20,,,,,,0,0,0,0,1,0
8,4,13,35.78,74.8,29.82,Ground Nuts,Black,28-28,,,,,,0,0,0,0,0,0
8,4,27,28.48,54.42,23.99,Maize,Red,20-20,,,,,,0,0,0,0,0,0
44,0,0,32.1,66.19,31.38,Paddy,Clayey,28-28,,,,,,0,0,1,0,1,0
10,2,9,26.47,52.11,39.99,Sugarcane,Black,DAP,,,,,,0,0,0,0,0,0
38,0,0,25.28,45.69,24.19,Sugarcane,Loamy,17-17-17,,,,,,0,0,1,0,1,0
8,9,30,31.12,58.29,37.01,Ground Nuts,Clayey,Urea,,,,,,0,0,0,0,0,0
22,4,19,27.26,62.29,46.78,Paddy,Sandy,10-26-26,,,,,,0,0,0,0,0,0
36,0,1,35.75,63.57,38.89,Barley,Loamy,28-28,,,,,,0,0,0,0,1,0
5,17,14,25.55,63.42,27.81,Paddy,Loamy,DAP,,,,,,0,0,0,0,0,0
21,4,18,28.63,52.84,34.25,Maize,Clayey,14-35-14,,,,,,0,0,0,0,0,0
10,0,41,32.94,72.52,37.15,Barley,Sandy,17-17-17,,,,,,0,0,0,0,1,0
12,2,11,22.27,40.25,63.8,Sugarcane,Clayey,10-26-26,,,,,,0,0,0,0,0,0
15,0,38,33.02,49.45,31.28,Barley,Black,10-26-26,,,,,,0,0,0,0,1,0
13,3,35,30.45,57.02,53.78,Sugarcane,Sandy,17-17-17,,,,,,0,0,0,0,0,0
12,4,41,37.66,55.23,31.77,Maize,Clayey,17-17-17,,,,,,0,0,0,0,0,0
23,0,16,32.13,55.38,43.65,Sugarcane,Black,Urea,,,,,,0,0,0,0,1,0
33,0,0,36.31,62.76,31.8,Wheat,Sandy,20-20,,,,,,0,0,1,0,1,0
8,0,41,30.0,48.39,24.07,Maize,Clayey,14-35-14,,,,,,0,0,0,0,1,0
8,14,13,23.74,48.91,62.89,Paddy,Sandy,28-28,,,,,,0,0,0,0,0,0
38,0,0,22.61,51.15,40.5,Barley,Sandy,Urea,,,,,,0,0,1,0,1,0
23,0,26,22.26,58.83,33.35,Millets,Red,10-26-26,,,,,,0,0,0,0,1,0
15,3,9,27.42,50.44,30.86,Millets,Loamy,10-26-26,,,,,,0,0,0,0,0,0
3,10,28,32.77,60.55,61.77,Sugarcane,Clayey,20-20,,,,,,0,0,0,0,0,0
24,3,20,28.08,58.59,44.33,Millets,Red,14-35-14,,,,,,0,0,0,0,0,0
14,0,35,38.07,67.05,32.47,Wheat,Sandy,20-20,,,,,,0,0,0,0,1,0
36,0,0,25.38,57.54,70.0,Barley,Black,Urea,,,,,,0,0,1,0,1,0
14,4,45,22.05,52.83,36.27,Sugarcane,Red,20-20,,,,,,0,0,0,0,0,0
39,0,0,29.42,56.7,47.96,Maize,Black,10-26-26,,,,,,0,0,1,0,1,0
22,0,28,29.51,56.65,41.98,Millets,Loamy,DAP,,,,,,0,0,0,0,1,0
43,0,3,35.66,53.57,31.42,Ground Nuts,Sandy,17-17-17,,,,,,0,0,0,0,1,0
14,6,24,30.28,53.79,45.41,Ground Nuts,Black,DAP,,,,,,0,0,0,0,0,0
21,0,20,33.46,60.18,43.06,Maize,Black,17-17-17,,,,,,0,0,0,0,1,0
16,0,15,22.05,46.19,28.77,Ground Nuts,Clayey,28-28,,,,,,0,0,0,0,1,0
9,0,11,32.0,69.37,40.63,Millets,Red,14-35-14,,,,,,0,0,0,0,1,0
7,0,11,28.35,55.27,47.18,Barley,Loamy,20-20,,,,,,0,0,0,0,1,0
12,0,35,36.17,70.81,32.25,Sugarcane,Clayey,17-17-17,,,,,,0,0,0,0,1,0
18,2,16,28.12,49.45,37.57,Sugarcane,Sandy,DAP,,,,,,0,0,0,0,0,0
42,0,3,31.84,54.29,26.55,Paddy,Loamy,20-20,,,,,,0,0,0,0,1,0
16,4,6,34.76,56.86,47.11,Wheat,Red,Urea,,,,,,0,0,0,0,0,0
11,3,32,30.08,49.47,60.63,Paddy,Black,20-20,,,,,,0,0,0,0,0,0
7,13,15,25.3,50.39,29.86,Sugarcane,Red,10-26-26,,,,,,0,0,0,0,0,0
8,4,36,29.65,55.27,57.09,Millets,Black,14-35-14,,,,,,0,0,0,0,0,0
13,0,6,28.53,57.4,65.78,Wheat,Clayey,17-17-17,,,,,,0,0,0,0,1,0
13,2,16,23.52,62.06,63.73,Wheat,Red,DAP,,,,,,0,0,0,0,0,0
8,19,11,30.8,59.23,32.46,Ground Nuts,Clayey,28-28,,,,,,0,0,0,0,0,0
22,0,22,34.33,61.6,35.53,Maize,Clayey,DAP,,,,,,0,0,0,0,1,0
43,0,3,25.38,61.44,49.36,Wheat,Sandy,DAP,,,,,,0,0,0,0,1,0
26,0,17,35.61,69.21,45.08,Sugarcane,Clayey,10-26-26,,,,,,0,0,0,0,1,0
10,7,32,26.38,57.12,57.3,Barley,Sandy,20-20,,,,,,0,0,0,0,0,0
22,4,20,33.29,64.15,33.58,Paddy,Loamy,20-20,,,,,,0,0,0,0,0,0
18,0,38,40.0,68.47,49.84,Maize,Red,10-26-26,,,,,,0,0,0,0,1,0
7,17,9,38.84,59.67,60.84,Paddy,Loamy,14-35-14,,,,,,0,0,0,0,0,0
11,1,7,31.42,54.93,41.21,Ground Nuts,Clayey,10-26-26,,,,,,0,0,0,0,0,0
16,0,8,31.94,52.61,58.38,Millets,Loamy,Urea,,,,,,0,0,0,0,1,0
37,0,1,28.61,59.13,22.9,Sugarcane,Clayey,10-26-26,,,,,,0,0,0,0,1,0
10,3,13,33.41,53.69,63.42,Barley,Red,14-35-14,,,,,,0,0,0,0,0,0
33,0,0,29.76,60.63,45.62,Wheat,Black,28-28,,,,,,0,0,1,0,1,0
9,2,44,40.0,61.65,27.12,Ground Nuts,Red,DAP,,,,,,0,0,0,0,0,0
3,20,16,29.2,62.74,46.45,Maize,Black,28-28,,,,,,0,0,0,0,0,0
37,0,2,27.05,62.62,35.54,Millets,Loamy,Urea,,,,,,0,0,0,0,1,0
21,0,20,24.98,62.27,48.83,Maize,Clayey,14-35-14,,,,,,0,0,0,0,1,0
9,13,29,38.05,68.85,57.68,Wheat,Black,28-28,,,,,,0,0,0,0,0,0
38,2,0,32.47,67.69,65.89,Wheat,Loamy,28-28,,,,,,0,0,1,0,0,0
36,2,1,33.86,54.7,28.74,Ground Nuts,Sandy,17-17-17,,,,,,0,0,0,0,0,0
14,4,4,34.71,54.61,40.22,Sugarcane,Clayey,DAP,,,,,,0,0,0,0,0,0
20,0,22,37.76,58.09,57.42,Ground Nuts,Loamy,17-17-17,,,,,,0,0,0,0,1,0
11,0,45,35.18,74.22,33.33,Wheat,Sandy,10-26-26,,,,,,0,0,0,0,1,0
24,2,21,29.31,62.5,47.47,Ground Nuts,Red,17-17-17,,,,,,0,0,0,0,0,0
38,2,0,27.15,60.37,37.43,Wheat,Red,10-26-26,,,,,,0,0,1,0,0,0
27,1,23,25.93,53.67,42.39,Paddy,Clayey,Urea,,,,,,0,0,0,0,0,0
12,0,33,30.13,48.9,67.41,Paddy,Loamy,DAP,,,,,,0,0,0,0,1,0
17,0,35,31.28,61.86,62.26,Maize,Black,Urea,,,,,,0,0,0,0,1,0
14,10,15,28.76,40.17,64.52,Millets,Sandy,20-20,,,,,,0,0,0,0,0,0
10,0,9,27.83,49.73,58.42,Millets,Clayey,28-28,,,,,,0,0,0,0,1,0
19,0,17,22.65,53.84,38.27,Sugarcane,Sandy,10-26-26,,,,,,0,0,0,0,1,0
10,12,16,30.17,60.55,43.86,Sugarcane,Clayey,17-17-17,,,,,,0,0,0,0,0,0
11,2,35,34.6,69.2,49.03,Millets,Clayey,10-26-26,,,,,,0,0,0,0,0,0
10,0,41,24.45,57.16,37.8,Barley,Black,14-35-14,,,,,,0,0,0,0,1,0
13,0,9,26.37,62.64,41.83,Ground Nuts,Clayey,28-28,,,,,,0,0,0,0,1,0
20,2,22,36.73,55.27,32.64,Sugarcane,Loamy,Urea,,,,,,0,0,0,0,0,0
5,6,29,28.61,53.73,50.17,Millets,Clayey,DAP,,,,,,0,0,0,0,0,0
8,1,36,33.97,70.45,35.84,Sugarcane,Sandy,Urea,,,,,,0,0,0,0,0,0
12,0,17,32.51,57.48,30.67,Sugarcane,Sandy,28-28,,,,,,0,0,0,0,1,0
19,3,24,29.18,45.12,49.86,Ground Nuts,Clayey,20-20,,,,,,0,0,0,0,0,0
33,0,0,28.4,58.17,39.15,Paddy,Red,10-26-26,,,,,,0,0,1,0,1,0
26,0,26,34.28,67.15,39.35,Paddy,Red,14-35-14,,,,,,0,0,0,0,1,0
15,13,12,31.35,59.91,24.9,Sugarcane,Black,28-28,,,,,,0,0,0,0,0,0
34,0,0,32.56,55.34,46.86,Millets,Sandy,14-35-14,,,,,,0,0,1,0,1,0
8,4,25,34.65,63.66,47.3,Millets,Clayey,DAP,,,,,,0,0,0,0,0,0
40,0,4,30.12,51.7,31.85,Millets,Loamy,20-20,,,,,,0,0,0,0,1,0
7,11,29,37.03,72.04,29.53,Ground Nuts,Loamy,28-28,,,,,,0,0,0,0,0,0
40,0,0,32.53,62.34,30.4,Sugarcane,Clayey,10-26-26,,,,,,0,0,1,0,1,0
41,2,1,29.13,73.22,52.98,Sugarcane,Black,20-20,,,,,,0,0,0,0,0,0
37,2,0,28.23,56.74,28.06,Sugarcane,Clayey,20-20,,,,,,0,0,1,0,0,0
40,0,0,23.37,45.91,67.84,Sugarcane,Sandy,20-20,,,,,,0,0,1,0,1,0
40,0,3,26.83,54.4,41.76,Sugarcane,Loamy,20-20,,,,,,0,0,0,0,1,0
6,12,28,33.02,65.44,50.47,Wheat,Loamy,28-28,,,,,,0,0,0,0,0,0
23,0,22,31.59,71.2,27.7,Paddy,Black,28-28,,,,,,0,0,0,0,1,0
3,7,34,33.15,58.53,32.29,Sugarcane,Loamy,DAP,,,,,,0,0,0,0,0,0
15,0,8,26.27,48.43,36.14,Maize,Loamy,17-17-17,,,,,,0,0,0,0,1,0
15,0,36,24.59,47.16,21.81,Barley,Clayey,14-35-14,,,,,,0,0,0,0,1,0
11,0,17,24.59,59.0,58.71,Ground Nuts,Black,10-26-26,,,,,,0,0,0,0,1,0
11,10,36,27.09,50.45,54.43,Sugarcane,Loamy,Urea,,,,,,0,0,0,0,0,0
11,0,12,29.32,66.28,55.01,Sugarcane,Loamy,10-26-26,,,,,,0,0,0,0,1,0
8,9,14,25.75,55.81,39.52,Wheat,Clayey,DAP,,,,,,0,0,0,0,0,0
42,3,0,29.62,61.0,31.32,Maize,Black,14-35-14,,,,,,0,0,1,0,0,0
37,0,2,28.76,55.72,49.49,Millets,Black,10-26-26,,,,,,0,0,0,0,1,0
26,0,15,31.33,67.83,68.19,Barley,Sandy,17-17-17,,,,,,0,0,0,0,1,0
16,1,42,38.04,73.24,69.06,Barley,Loamy,20-20,,,,,,0,0,0,0,0,0
11,13,33,29.22,57.29,29.75,Wheat,Clayey,14-35-14,,,,,,0,0,0,0,0,0
26,3,25,30.67,66.76,52.32,Maize,Sandy,20-20,,,,,,0,0,0,0,0,0
6,19,18,30.39,54.66,40.53,Barley,Black,DAP,,,,,,0,0,0,0,0,0
12,0,39,24.04,54.47,46.62,Barley,Black,14-35-14,,,,,,0,0,0,0,1,0
9,1,35,36.53,60.86,45.04,Ground Nuts,Black,28-28,,,,,,0,0,0,0,0,0
21,1,16,23.6,54.64,32.83,Barley,Sandy,14-35-14,,,,,,0,0,0,0,0,0
14,4,43,28.95,45.51,33.51,Millets,Red,17-17-17,,,,,,0,0,0,0,0,0
7,8,34,28.75,60.69,32.81,Barley,Black,28-28,,,,,,0,0,0,0,0,0
9,3,32,35.11,67.01,48.64,Sugarcane,Black,14-35-14,,,,,,0,0,0,0,0,0
13,19,18,33.94,62.53,22.09,Barley,Black,DAP,,,,,,0,0,0,0,0,0
34,2,3,30.89,58.68,33.78,Maize,Sandy,DAP,,,,,,0,0,0,0,0,0
25,2,23,33.14,60.57,35.83,Barley,Red,17-17-17,,,,,,0,0,0,0,0,0
7,0,14,32.53,58.97,39.94,Ground Nuts,Red,10-26-26,,,,,,0,0,0,0,1,0
5,6,29,34.13,59.23,63.23,Sugarcane,Loamy,Urea,,,,,,0,0,0,0,0,0
13,0,7,30.53,65.11,53.95,Millets,Clayey,10-26-26,,,,,,0,0,0,0,1,0
13,12,18,26.0,66.36,26.96,Sugarcane,Clayey,14-35-14,,,,,,0,0,0,0,0,0
42,0,0,38.44,62.45,46.09,Ground Nuts,Red,17-17-17,,,,,,0,0,1,0,1,0
10,0,45,29.37,62.57,51.8,Wheat,Red,28-28,,,,,,0,0,0,0,1,0
30,1,4,31.31,48.85,25.68,Sugarcane,Black,28-28,,,,,,0,0,0,0,0,0
14,0,41,32.51,67.8,42.49,Sugarcane,Black,17-17-17,,,,,,0,0,0,0,1,0
18,0,40,39.87,60.83,56.01,Barley,Clayey,DAP,,,,,,0,0,0,0,1,0
14,9,15,22.54,44.49,64.67,Barley,Clayey,17-17-17,,,,,,0,0,0,0,0,0
42,1,0,36.66,60.99,46.13,Wheat,Loamy,20-20,,,,,,0,0,1,0,0,0
37,4,3,30.67,59.09,30.58,Sugarcane,Red,20-20,,,,,,0,0,0,0,0,0
23,4,14,28.01,54.25,39.67,Maize,Red,28-28,,,,,,0,0,0,0,0,0
45,0,3,29.26,60.28,34.61,Sugarcane,Loamy,28-28,,,,,,0,0,0,0,1,0
35,4,0,35.64,76.74,55.07,Sugarcane,Loamy,DAP,,,,,,0,0,1,0,0,0
14,2,34,25.85,59.28,48.78,Barley,Red,14-35-14,,,,,,0,0,0,0,0,0
11,1,45,27.37,52.08,45.62,Maize,Clayey,28-28,,,,,,0,0,0,0,0,0
8,2,15,36.24,55.86,52.22,Ground Nuts,Sandy,DAP,,,,,,0,0,0,0,0,0
26,3,20,33.06,52.39,40.7,Millets,Loamy,Urea,,,,,,0,0,0,0,0,0
17,1,17,32.03,57.94,48.58,Wheat,Clayey,17-17-17,,,,,,0,0,0,0,0,0
6,0,16,33.47,59.46,64.44,Wheat,Sandy,28-28,,,,,,0,0,0,0,1,0
8,0,41,40.0,62.39,45.31,Paddy,Clayey,Urea,,,,,,0,0,0,0,1,0
15,0,13,32.84,62.04,32.05,Sugarcane,Sandy,17-17-17,,,,,,0,0,0,0,1,0
11,0,17,27.96,54.06,47.23,Millets,Black,14-35-14,,,,,,0,0,0,0,1,0
8,0,11,32.11,71.86,56.34,Barley,Clayey,20-20,,,,,,0,0,0,0,1,0
11,4,40,37.68,71.36,32.07,Ground Nuts,Clayey,Urea,,,,,,0,0,0,0,0,0
13,0,10,24.24,45.3,68.56,Barley,Clayey,20-20,,,,,,0,0,0,0,1,0
6,20,14,29.39,58.92,32.77,Wheat,Sandy,20-20,,,,,,0,0,0,0,0,0
10,2,39,31.46,60.92,35.26,Barley,Black,20-20,,,,,,0,0,0,0,0,0
43,0,0,25.84,46.79,35.77,Paddy,Clayey,10-26-26,,,,,,0,0,1,0,1,0
22,0,23,30.65,57.55,43.54,Maize,Black,Urea,,,,,,0,0,0,0,1,0
6,8,28,36.25,60.68,42.98,Sugarcane,Black,17-17-17,,,,,,0,0,0,0,0,0
14,4,32,36.5,52.36,24.4,Paddy,Red,17-17-17,,,,,,0,0,0,0,0,0
18,0,14,21.57,50.51,47.72,Wheat,Black,DAP,,,,,,0,0,0,0,1,0
19,0,42,33.9,74.86,57.18,Wheat,Sandy,Urea,,,,,,0,0,0,0,1,0
36,1,0,37.18,70.69,58.98,Sugarcane,Red,20-20,,,,,,0,0,1,0,0,0
9,17,19,33.28,76.03,40.66,Barley,Clayey,28-28,,,,,,0,0,0,0,0,0
32,0,0,30.29,46.16,40.66,Paddy,Clayey,DAP,,,,,,0,0,1,0,1,0
10,13,19,29.84,42.95,34.38,Sugarcane,Clayey,14-35-14,,,,,,0,0,0,0,0,0
12,4,27,39.75,66.91,26.89,Barley,Black,10-26-26,,,,,,0,0,0,0,0,0
26,0,16,30.44,68.6,66.26,Barley,Clayey,14-35-14,,,,,,0,0,0,0,1,0
11,1,43,30.86,51.58,34.05,Millets,Red,20-20,,,,,,0,0,0,0,0,0
25,0,16,20.55,57.33,36.43,Wheat,Red,DAP,,,,,,0,0,0,0,1,0
40,0,0,28.3,62.72,42.06,Wheat,Clayey,20-20,,,,,,0,0,1,0,1,0
12,0,33,33.03,50.75,42.07,Sugarcane,Loamy,17-17-17,,,,,,0,0,0,0,1,0
12,0,40,24.26,66.8,29.59,Barley,Loamy,17-17-17,,,,,,0,0,0,0,1,0
40,1,4,36.13,61.57,35.14,Maize,Loamy,14-35-14,,,,,,0,0,0,0,0,0
12,3,9,36.76,72.35,33.65,Paddy,Black,14-35-14,,,,,,0,0,0,0,0,0
28,0,19,30.12,52.36,33.8,Barley,Sandy,28-28,,,,,,0,0,0,0,1,0
8,0,6,32.65,68.89,29.69,Millets,Clayey,14-35-14,,,,,,0,0,0,0,1,0
37,3,4,26.89,51.17,70.0,Sugarcane,Clayey,10-26-26,,,,,,0,0,0,0,0,0
25,4,18,29.67,47.88,23.8,Ground Nuts,Red,10-26-26,,,,,,0,0,0,0,0,0
13,1,11,25.12,50.56,52.48,Millets,Sandy,28-28,,,,,,0,0,0,0,0,0
16,0,10,29.06,68.31,52.37,Ground Nuts,Red,14-35-14,,,,,,0,0,0,0,1,0
13,4,38,25.78,64.69,32.38,Barley,Loamy,28-28,,,,,,0,0,0,0,0,0
17,2,29,30.4,55.27,41.63,Ground Nuts,Clayey,DAP,,,,,,0,0,0,0,0,0
9,13,10,36.0,59.46,52.35,Wheat,Clayey,28-28,,,,,,0,0,0,0,0,0
16,1,38,34.49,54.23,21.17,Sugarcane,Black,DAP,,,,,,0,0,0,0,0,0
11,4,18,30.5,59.68,35.22,Wheat,Black,Urea,,,,,,0,0,0,0,0,0
15,15,13,27.52,42.91,21.12,Ground Nuts,Red,10-26-26,,,,,,0,0,0,0,0,0
11,4,12,24.68,49.97,70.0,Barley,Loamy,DAP,,,,,,0,0,0,0,0,0
17,10,12,31.83,55.75,46.33,Millets,Sandy,Urea,,,,,,0,0,0,0,0,0
9,3,26,27.8,65.85,31.27,Wheat,Clayey,20-20,,,,,,0,0,0,0,0,0
13,2,13,31.7,55.64,40.28,Maize,Sandy,17-17-17,,,,,,0,0,0,0,0,0
10,2,32,29.0,65.07,70.0,Maize,Red,DAP,,,,,,0,0,0,0,0,0
12,0,13,29.04,70.01,36.9,Barley,Black,DAP,,,,,,0,0,0,0,1,0
12,0,35,35.17,73.71,70.0,Maize,Loamy,Urea,,,,,,0,0,0,0,1,0
17,0,17,24.54,46.43,32.67,Ground Nuts,Black,28-28,,,,,,0,0,0,0,1,0
10,3,37,32.82,66.47,59.62,Ground Nuts,Red,10-26-26,,,,,,0,0,0,0,0,0
14,18,12,24.05,56.01,29.3,Sugarcane,Red,10-26-26,,,,,,0,0,0,0,0,0
8,2,11,31.25,49.31,59.62,Ground Nuts,Sandy,28-28,,,,,,0,0,0,0,0,0
7,5,25,30.14,74.53,67.61,Paddy,Black,17-17-17,,,,,,0,0,0,0,0,0
13,0,39,28.38,62.44,55.9,Wheat,Black,20-20,,,,,,0,0,0,0,1,0
18,4,36,40.0,53.38,44.17,Barley,Black,20-20,,,,,,0,0,0,0,0,0
16,0,14,30.51,56.56,31.01,Ground Nuts,Sandy,10-26-26,,,,,,0,0,0,0,1,0
17,0,23,29.85,60.19,51.81,Millets,Black,DAP,,,,,,0,0,0,0,1,0
13,3,39,27.57,58.96,56.6,Wheat,Red,DAP,,,,,,0,0,0,0,0,0
19,4,21,26.57,53.43,43.69,Ground Nuts,Clayey,28-28,,,,,,0,0,0,0,0,0
4,10,27,25.87,64.11,67.58,Wheat,Loamy,Urea,,,,,,0,0,0,0,0,0
37,0,3,23.29,59.14,42.14,Maize,Red,17-17-17,,,,,,0,0,0,0,1,0
38,4,1,24.68,58.73,43.06,Millets,Sandy,DAP,,,,,,0,0,0,0,0,0
8,10,25,40.0,68.68,34.13,Ground Nuts,Sandy,28-28,,,,,,0,0,0,0,0,0
6,3,37,27.62,67.62,64.74,Barley,Red,10-26-26,,,,,,0,0,0,0,0,0
12,16,13,26.49,61.97,42.04,Ground Nuts,Clayey,DAP,,,,,,0,0,0,0,0,0
12,0,36,29.25,62.0,55.15,Barley,Clayey,10-26-26,,,,,,0,0,0,0,1,0
32,0,0,25.85,48.14,39.33,Maize,Loamy,Urea,,,,,,0,0,1,0,1,0
10,0,40,30.02,55.06,30.59,Wheat,Red,17-17-17,,,,,,0,0,0,0,1,0
33,0,0,32.8,65.87,49.94,Barley,Clayey,14-35-14,,,,,,0,0,1,0,1,0
8,0,32,33.34,61.94,32.31,Sugarcane,Black,17-17-17,,,,,,0,0,0,0,1,0
38,0,0,22.34,45.29,39.49,Millets,Loamy,10-26-26,,,,,,0,0,1,0,1,0
6,0,6,21.07,60.95,61.29,Millets,Clayey,20-20,,,,,,0,0,0,0,1,0
11,0,13,24.0,49.02,37.37,Sugarcane,Clayey,DAP,,,,,,0,0,0,0,1,0
39,0,4,29.13,43.28,36.14,Sugarcane,Black,14-35-14,,,,,,0,0,0,0,1,0
12,3,34,28.08,52.69,32.35,Ground Nuts,Clayey,17-17-17,,,,,,0,0,0,0,0,0
11,0,39,21.29,54.85,26.51,Millets,Sandy,17-17-17,,,,,,0,0,0,0,1,0
31,0,0,28.54,49.45,46.17,Millets,Red,10-26-26,,,,,,0,0,1,0,1,0
19,3,28,22.97,44.59,43.69,Barley,Clayey,28-28,,,,,,0,0,0,0,0,0
9,0,38,27.52,52.42,36.15,Maize,Red,DAP,,,,,,0,0,0,0,1,0
7,12,8,30.57,64.68,51.73,Wheat,Clayey,DAP,,,,,,0,0,0,0,0,0
21,0,23,34.97,72.4,57.83,Wheat,Loamy,DAP,,,,,,0,0,0,0,1,0
16,0,12,32.85,69.09,29.04,Ground Nuts,Black,14-35-14,,,,,,0,0,0,0,1,0
8,2,34,24.33,66.27,70.0,Ground Nuts,Black,20-20,,,,,,0,0,0,0,0,0
41,3,4,35.36,64.36,36.49,Wheat,Loamy,DAP,,,,,,0,0,0,0,0,0
11,0,38,27.09,62.94,50.51,Wheat,Red,DAP,,,,,,0,0,0,0,1,0
38,1,0,25.2,48.23,41.84,Ground Nuts,Black,20-20,,,,,,0,0,1,0,0,0
41,4,2,23.98,52.41,24.26,Ground Nuts,Loamy,17-17-17,,,,,,0,0,0,0,0,0
42,1,3,32.12,57.29,40.78,Millets,Sandy,DAP,,,,,,0,0,0,0,0,0
14,1,45,27.8,44.81,22.17,Sugarcane,Red,17-17-17,,,,,,0,0,0,0,0,0
4,9,25,35.41,69.11,70.0,Sugarcane,Clayey,10-26-26,,,,,,0,0,0,0,0,0
26,3,22,27.13,43.23,35.28,Paddy,Red,14-35-14,,,,,,0,0,0,0,0,0
22,4,21,28.99,66.71,43.03,Paddy,Clayey,DAP,,,,,,0,0,0,0,0,0
7,10,25,27.79,62.14,30.06,Sugarcane,Red,10-26-26,,,,,,0,0,0,0,0,0
10,2,41,33.41,67.81,41.34,Ground Nuts,Loamy,20-20,,,,,,0,0,0,0,0,0
35,0,0,32.11,71.08,29.01,Barley,Sandy,10-26-26,,,,,,0,0,1,0,1,0
39,0,3,36.82,57.69,30.19,Barley,Red,28-28,,,,,,0,0,0,0,1,0
16,0,8,25.12,64.48,52.92,Wheat,Sandy,14-35-14,,,,,,0,0,0,0,1,0
38,2,0,32.68,58.16,41.4,Paddy,Loamy,20-20,,,,,,0,0,1,0,0,0
10,0,37,35.81,76.09,24.48,Paddy,Red,DAP,,,,,,0,0,0,0,1,0
38,0,0,29.14,59.77,42.79,Barley,Clayey,10-26-26,,,,,,0,0,1,0,1,0
32,3,0,24.6,51.17,29.76,Wheat,Clayey,17-17-17,,,,,,0,0,1,0,0,0
11,16,14,28.87,57.65,56.9,Barley,Black,28-28,,,,,,0,0,0,0,0,0
13,0,38,33.72,61.76,45.98,Maize,Clayey,10-26-26,,,,,,0,0,0,0,1,0
40,0,4,30.63,60.56,22.33,Maize,Black,Urea,,,,,,0,0,0,0,1,0
38,0,2,27.05,50.1,30.22,Maize,Sandy,14-35-14,,,,,,0,0,0,0,1,0
37,0,0,22.79,59.47,28.56,Millets,Sandy,10-26-26,,,,,,0,0,1,0,1,0
14,18,11,38.77,55.67,55.59,Paddy,Clayey,DAP,,,,,,0,0,0,0,0,0
14,10,17,28.8,49.98,58.83,Sugarcane,Black,20-20,,,,,,0,0,0,0,0,0
12,15,15,27.76,65.79,45.56,Ground Nuts,Loamy,14-35-14,,,,,,0,0,0,0,0,0
18,17,10,22.48,53.68,29.96,Millets,Clayey,10-26-26,,,,,,0,0,0,0,0,0
45,1,3,32.73,55.44,47.85,Ground Nuts,Clayey,10-26-26,,,,,,0,0,0,0,0,0
19,13,13,24.2,41.69,33.6,Ground Nuts,Red,10-26-26,,,,,,0,0,0,0,0,0
10,11,24,40.0,67.75,57.85,Barley,Loamy,DAP,,,,,,0,0,0,0,0,0
11,14,32,26.86,46.9,28.95,Wheat,Clayey,10-26-26,,,,,,0,0,0,0,0,0
6,16,17,24.44,46.56,30.45,Ground Nuts,Red,20-20,,,,,,0,0,0,0,0,0
0,15,18,27.95,69.26,31.79,Ground Nuts,Red,10-26-26,,,,,,1,0,0,0,0,0
11,0,8,30.57,47.43,58.26,Ground Nuts,Sandy,20-20,,,,,,0,0,0,0,1,0
9,3,9,24.1,63.6,25.87,Sugarcane,Clayey,14-35-14,,,,,,0,0,0,0,0,0
13,1,41,37.79,62.57,61.86,Sugarcane,Clayey,20-20,,,,,,0,0,0,0,0,0
12,19,12,28.18,65.54,54.63,Millets,Clayey,Urea,,,,,,0,0,0,0,0,0
13,0,40,35.83,76.88,66.33,Sugarcane,Red,14-35-14,,,,,,0,0,0,0,1,0
10,3,13,33.04,56.04,63.33,Maize,Black,Urea,,,,,,0,0,0,0,0,0
37,3,0,36.49,74.83,63.59,Sugarcane,Red,28-28,,,,,,0,0,1,0,0,0
6,2,15,30.11,48.12,54.43,Maize,Red,28-28,,,,,,0,0,0,0,0,0
39,4,0,32.82,65.38,24.04,Ground Nuts,Red,28-28,,,,,,0,0,1,0,0,0
10,0,14,32.87,59.11,59.71,Sugarcane,Clayey,Urea,,,,,,0,0,0,0,1,0
15,9,17,30.81,51.96,35.61,Millets,Loamy,20-20,,,,,,0,0,0,0,0,0
18,2,32,32.86,68.29,37.77,Maize,Black,Urea,,,,,,0,0,0,0,0,0
9,17,11,22.72,50.47,51.87,Sugarcane,Black,DAP,,,,,,0,0,0,0,0,0
43,0,3,32.33,74.41,49.11,Ground Nuts,Loamy,14-35-14,,,,,,0,0,0,0,1,0
33,0,0,31.57,59.49,44.41,Wheat,Loamy,10-26-26,,,,,,0,0,1,0,1,0
30,1,0,23.64,54.21,33.68,Barley,Clayey,Urea,,,,,,0,0,1,0,0,0
14,2,13,35.48,68.25,34.7,Wheat,Clayey,14-35-14,,,,,,0,0,0,0,0,0
7,0,11,29.3,44.76,52.52,Paddy,Red,17-17-17,,,,,,0,0,0,0,1,0
10,11,15,31.85,56.67,68.54,Sugarcane,Sandy,10-26-26,,,,,,0,0,0,0,0,0
9,4,17,37.34,56.16,66.28,Ground Nuts,Loamy,DAP,,,,,,0,0,0,0,0,0
11,10,28,39.21,74.83,33.14,Wheat,Sandy,14-35-14,,,,,,0,0,0,0,0,0
9,1,36,35.11,67.52,40.53,Paddy,Black,DAP,,,,,,0,0,0,0,0,0
20,1,22,30.26,42.39,34.0,Wheat,Black,28-28,,,,,,0,0,0,0,0,0
40,0,0,27.72,47.55,65.62,Wheat,Sandy,17-17-17,,,,,,0,0,1,0,1,0
12,3,31,39.16,75.73,34.03,Sugarcane,Black,14-35-14,,,,,,0,0,0,0,0,0
8,0,8,32.11,68.19,40.77,Paddy,Clayey,DAP,,,,,,0,0,0,0,1,0
11,11,14,33.45,64.37,58.6,Millets,Loamy,14-35-14,,,,,,0,0,0,0,0,0
36,0,0,32.97,58.85,60.26,Paddy,Black,20-20,,,,,,0,0,1,0,1,0
8,1,42,34.98,59.82,34.18,Millets,Loamy,DAP,,,,,,0,0,0,0,0,0
39,2,2,28.85,45.61,27.28,Millets,Clayey,DAP,,,,,,0,0,0,0,0,0
10,1,39,32.15,59.62,52.44,Wheat,Red,28-28,,,,,,0,0,0,0,0,0
9,4,42,31.55,52.46,20.0,Sugarcane,Sandy,17-17-17,,,,,,0,0,0,0,0,0
25,3,20,25.85,47.66,44.43,Ground Nuts,Clayey,10-26-26,,,,,,0,0,0,0,0,0
45,0,0,29.09,53.7,30.89,Sugarcane,Red,Urea,,,,,,0,0,1,0,1,0
22,1,15,35.09,73.25,64.96,Paddy,Red,20-20,,,,,,0,0,0,0,0,0
22,0,22,36.03,68.01,34.95,Barley,Red,20-20,,,,,,0,0,0,0,1,0
10,0,36,37.72,53.18,50.18,Millets,Red,Urea,,,,,,0,0,0,0,1,0
12,13,11,34.19,58.06,70.0,Paddy,Loamy,10-26-26,,,,,,0,0,0,0,0,0
19,0,22,24.85,44.22,44.43,Ground Nuts,Black,10-26-26,,,,,,0,0,0,0,1,0
28,4,21,26.79,51.89,45.51,Maize,Sandy,14-35-14,,,,,,0,0,0,0,0,0
12,4,35,29.28,54.11,33.43,Sugarcane,Loamy,Urea,,,,,,0,0,0,0,0,0
5,10,33,23.96,52.37,25.81,Maize,Sandy,DAP,,,,,,0,0,0,0,0,0
33,0,4,36.64,64.68,42.16,Wheat,Black,Urea,,,,,,0,0,0,0,1,0
34,0,1,26.37,60.29,50.88,Millets,Black,14-35-14,,,,,,0,0,0,0,1,0
13,1,34,33.21,79.62,35.61,Barley,Loamy,Urea,,,,,,0,0,0,0,0,0
9,0,38,34.78,55.26,29.66,Ground Nuts,Black,10-26-26,,,,,,0,0,0,0,1,0
41,1,0,31.53,61.06,40.48,Ground Nuts,Black,28-28,,,,,,0,0,1,0,0,0
11,2,45,26.71,49.27,30.54,Ground Nuts,Sandy,28-28,,,,,,0,0,0,0,0,0
7,10,32,25.99,57.23,60.76,Ground Nuts,Sandy,20-20,,,,,,0,0,0,0,0,0
17,0,36,32.14,67.16,57.06,Sugarcane,Clayey,10-26-26,,,,,,0,0,0,0,1,0
9,0,6,29.09,65.94,42.43,Paddy,Loamy,20-20,,,,,,0,0,0,0,1,0
27,0,28,24.53,59.27,42.34,Sugarcane,Clayey,28-28,,,,,,0,0,0,0,1,0
7,0,9,37.56,61.34,62.16,Sugarcane,Black,10-26-26,,,,,,0,0,0,0,1,0
12,1,30,24.83,54.28,62.54,Maize,Clayey,10-26-26,,,,,,0,0,0,0,0,0
15,0,17,29.19,47.17,37.7,Ground Nuts,Black,20-20,,,,,,0,0,0,0,1,0
20,0,28,35.36,66.71,31.57,Wheat,Sandy,Urea,,,,,,0,0,0,0,1,0
13,4,34,32.94,58.58,52.48,Barley,Red,10-26-26,,,,,,0,0,0,0,0,0
9,7,33,39.46,69.85,20.0,Sugarcane,Red,Urea,,,,,,0,0,0,0,0,0
2,12,15,29.13,62.34,26.54,Wheat,Red,17-17-17,,,,,,0,0,0,0,0,0
5,0,34,39.89,68.39,50.49,Paddy,Black,20-20,,,,,,0,0,0,0,1,0
38,0,0,23.49,45.84,58.18,Wheat,Clayey,Urea,,,,,,0,0,1,0,1,0
14,0,11,30.68,63.25,46.38,Paddy,Black,14-35-14,,,,,,0,0,0,0,1,0
16,18,10,27.17,69.52,47.69,Maize,Sandy,17-17-17,,,,,,0,0,0,0,0,0
12,0,31,35.51,72.18,36.2,Maize,Loamy,DAP,,,,,,0,0,0,0,1,0
6,12,32,32.08,55.08,52.81,Ground Nuts,Red,DAP,,,,,,0,0,0,0,0,0
38,0,0,35.09,72.5,46.73,Barley,Sandy,DAP,,,,,,0,0,1,0,1,0
3,12,27,28.54,63.37,52.98,Sugarcane,Clayey,17-17-17,,,,,,0,0,0,0,0,0
16,0,11,31.89,59.31,30.26,Millets,Red,28-28,,,,,,0,0,0,0,1,0
20,3,20,27.42,62.06,43.64,Maize,Clayey,17-17-17,,,,,,0,0,0,0,0,0
41,0,1,32.76,48.27,44.77,Millets,Clayey,10-26-26,,,,,,0,0,0,0,1,0
12,3,26,24.71,53.0,33.7,Millets,Sandy,14-35-14,,,,,,0,0,0,0,0,0
16,1,36,37.83,62.2,38.9,Sugarcane,Red,DAP,,,,,,0,0,0,0,0,0
39,2,2,29.62,67.51,41.82,Wheat,Clayey,28-28,,,,,,0,0,0,0,0,0
44,0,0,24.95,54.7,25.03,Wheat,Sandy,DAP,,,,,,0,0,1,0,1,0
12,0,35,34.84,66.6,26.52,Ground Nuts,Red,17-17-17,,,,,,0,0,0,0,1,0
9,9,15,34.76,66.83,47.24,Wheat,Clayey,DAP,,,,,,0,0,0,0,0,0
3,5,30,34.36,59.48,61.29,Maize,Sandy,14-35-14,,,,,,0,0,0,0,0,0
6,5,33,33.1,52.18,63.48,Wheat,Red,20-20,,,,,,0,0,0,0,0,0
34,0,0,33.29,57.7,37.44,Millets,Black,Urea,,,,,,0,0,1,0,1,0
14,1,16,28.76,54.72,37.74,Wheat,Red,DAP,,,,,,0,0,0,0,0,0
10,18,12,26.27,49.13,21.16,Ground Nuts,Sandy,28-28,,,,,,0,0,0,0,0,0
38,0,1,31.58,66.26,59.62,Paddy,Sandy,DAP,,,,,,0,0,0,0,1,0
8,19,20,33.11,71.83,57.15,Paddy,Loamy,17-17-17,,,,,,0,0,0,0,0,0
27,2,20,25.72,60.71,43.46,Wheat,Clayey,28-28,,,,,,0,0,0,0,0,0
12,11,30,29.16,50.01,56.58,Maize,Clayey,14-35-14,,,,,,0,0,0,0,0,0
8,0,17,40.0,74.03,39.34,Paddy,Loamy,10-26-26,,,,,,0,0,0,0,1,0
13,0,10,28.03,53.76,60.86,Wheat,Sandy,Urea,,,,,,0,0,0,0,1,0
25,0,19,29.86,59.28,62.62,Maize,Sandy,20-20,,,,,,0,0,0,0,1,0
15,4,39,23.9,44.45,32.53,Barley,Red,10-26-26,,,,,,0,0,0,0,0,0
27,0,19,30.2,57.56,52.01,Wheat,Loamy,17-17-17,,,,,,0,0,0,0,1,0
22,3,22,21.51,55.9,45.54,Maize,Clayey,28-28,,,,,,0,0,0,0,0,0
10,0,40,28.78,66.87,49.42,Millets,Clayey,10-26-26,,,,,,0,0,0,0,1,0
33,3,0,30.85,67.85,27.32,Ground Nuts,Loamy,20-20,,,,,,0,0,1,0,0,0
3,18,17,30.37,61.22,43.8,Paddy,Loamy,Urea,,,,,,0,0,0,0,0,0
13,0,36,33.88,72.42,32.65,Ground Nuts,Black,DAP,,,,,,0,0,0,0,1,0
7,0,38,40.0,79.99,35.61,Sugarcane,Loamy,10-26-26,,,,,,0,0,0,0,1,0
12,8,33,33.2,53.06,64.27,Sugarcane,Sandy,14-35-14,,,,,,0,0,0,0,0,0
34,0,0,27.05,50.17,43.61,Millets,Loamy,14-35-14,,,,,,0,0,1,0,1,0
37,2,0,25.34,51.56,38.67,Barley,Clayey,10-26-26,,,,,,0,0,1,0,0,0
42,3,1,24.41,53.52,66.7,Millets,Black,14-35-14,,,,,,0,0,0,0,0,0
12,0,10,30.88,56.44,68.29,Maize,Sandy,20-20,,,,,,0,0,0,0,1,0
13,0,37,26.62,58.03,23.34,Ground Nuts,Sandy,20-20,,,,,,0,0,0,0,1,0
8,0,18,30.9,68.66,34.94,Wheat,Clayey,20-20,,,,,,0,0,0,0,1,0
21,2,14,32.61,63.84,45.4,Sugarcane,Black,10-26-26,,,,,,0,0,0,0,0,0
36,0,0,25.11,49.18,41.82,Paddy,Red,DAP,,,,,,0,0,1,0,1,0
15,2,38,31.05,52.85,37.01,Sugarcane,Clayey,17-17-17,,,,,,0,0,0,0,0,0
21,4,21,29.6,70.57,54.2,Sugarcane,Black,14-35-14,,,,,,0,0,0,0,0,0
35,1,0,27.69,55.28,34.84,Ground Nuts,Clayey,10-26-26,,,,,,0,0,1,0,0,0
40,0,0,39.91,76.62,45.94,Millets,Red,20-20,,,,,,0,0,1,0,1,0
10,8,26,27.11,66.09,67.85,Wheat,Black,20-20,,,,,,0,0,0,0,0,0
34,0,0,30.72,62.41,35.53,Barley,Sandy,14-35-14,,,,,,0,0,1,0,1,0
42,2,0,24.51,46.17,65.49,Sugarcane,Sandy,10-26-26,,,,,,0,0,1,0,0,0
17,2,19,35.48,55.43,28.66,Millets,Red,10-26-26,,,,,,0,0,0,0,0,0
17,0,40,35.39,65.38,54.92,Paddy,Sandy,10-26-26,,,,,,0,0,0,0,1,0
10,4,43,26.3,62.73,20.0,Millets,Black,10-26-26,,,,,,0,0,0,0,0,0
12,9,23,28.26,50.41,34.56,Barley,Clayey,17-17-17,,,,,,0,0,0,0,0,0
22,2,20,37.61,60.54,64.55,Maize,Loamy,28-28,,,,,,0,0,0,0,0,0
33,0,0,30.21,59.88,47.25,Paddy,Loamy,Urea,,,,,,0,0,1,0,1,0
12,0,9,30.9,52.93,43.05,Millets,Red,14-35-14,,,,,,0,0,0,0,1,0
11,0,39,38.8,74.45,38.5,Ground Nuts,Red,20-20,,,,,,0,0,0,0,1,0
39,0,0,29.07,73.52,52.71,Millets,Loamy,28-28,,,,,,0,0,1,0,1,0
18,2,19,29.8,52.93,39.95,Sugarcane,Black,DAP,,,,,,0,0,0,0,0,0
39,0,1,33.53,68.45,31.56,Sugarcane,Red,17-17-17,,,,,,0,0,0,0,1,0
42,4,0,35.43,73.21,53.28,Wheat,Loamy,10-26-26,,,,,,0,0,1,0,0,0
12,11,34,29.54,60.61,54.07,Sugarcane,Loamy,DAP,,,,,,0,0,0,0,0,0
23,0,23,38.11,69.4,54.47,Wheat,Black,14-35-14,,,,,,0,0,0,0,1,0
13,17,11,26.28,48.37,65.31,Millets,Black,10-26-26,,,,,,0,0,0,0,0,0
34,0,0,36.48,63.87,20.37,Sugarcane,Sandy,Urea,,,,,,0,0,1,0,1,0
11,2,11,36.73,56.57,49.51,Millets,Red,10-26-26,,,,,,0,0,0,0,0,0
20,0,19,32.23,54.15,54.33,Sugarcane,Red,DAP,,,,,,0,0,0,0,1,0
37,0,0,32.17,63.37,31.63,Ground Nuts,Red,20-20,,,,,,0,0,1,0,1,0
36,0,0,29.44,50.92,34.24,Barley,Loamy,20-20,,,,,,0,0,1,0,1,0
10,3,14,25.42,52.97,21.71,Paddy,Red,17-17-17,,,,,,0,0,0,0,0,0
7,1,8,29.19,61.81,48.68,Sugarcane,Clayey,17-17-17,,,,,,0,0,0,0,0,0
8,2,5,27.44,54.73,62.9,Maize,Clayey,28-28,,,,,,0,0,0,0,0,0
9,3,41,25.08,66.46,20.54,Millets,Clayey,28-28,,,,,,0,0,0,0,0,0
13,0,34,32.32,58.02,68.23,Sugarcane,Sandy,10-26-26,,,,,,0,0,0,0,1,0
12,14,18,28.86,61.44,55.03,Sugarcane,Clayey,20-20,,,,,,0,0,0,0,0,0
39,0,0,36.97,72.6,43.87,Ground Nuts,Sandy,14-35-14,,,,,,0,0,1,0,1,0
8,2,39,33.36,62.22,24.56,Millets,Sandy,10-26-26,,,,,,0,0,0,0,0,0
13,0,17,28.16,53.4,40.78,Millets,Sandy,20-20,,,,,,0,0,0,0,1,0
13,0,41,36.49,75.76,26.28,Wheat,Black,Urea,,,,,,0,0,0,0,1,0
5,8,26,25.35,50.13,25.76,Maize,Red,10-26-26,,,,,,0,0,0,0,0,0
8,0,11,28.71,64.1,44.78,Maize,Loamy,14-35-14,,,,,,0,0,0,0,1,0
19,0,25,30.79,63.59,37.55,Millets,Clayey,20-20,,,,,,0,0,0,0,1,0
38,2,3,26.02,48.46,37.47,Ground Nuts,Loamy,28-28,,,,,,0,0,0,0,0,0
6,0,36,36.2,58.84,44.43,Millets,Clayey,10-26-26,,,,,,0,0,0,0,1,0
24,0,28,35.97,56.08,39.97,Sugarcane,Black,14-35-14,,,,,,0,0,0,0,1,0
12,2,40,36.44,69.49,70.0,Ground Nuts,Loamy,20-20,,,,,,0,0,0,0,0,0
4,14,15,28.75,45.15,32.3,Sugarcane,Clayey,20-20,,,,,,0,0,0,0,0,0
12,1,42,31.11,63.86,68.38,Paddy,Loamy,14-35-14,,,,,,0,0,0,0,0,0
10,2,43,26.43,45.04,30.14,Sugarcane,Black,DAP,,,,,,0,0,0,0,0,0
35,0,0,29.0,73.39,38.46,Wheat,Clayey,Urea,,,,,,0,0,1,0,1,0
10,0,37,37.55,62.6,24.11,Paddy,Sandy,10-26-26,,,,,,0,0,0,0,1,0
33,0,0,26.18,47.19,39.82,Barley,Loamy,DAP,,,,,,0,0,1,0,1,0
11,12,26,33.14,68.2,49.7,Paddy,Clayey,17-17-17,,,,,,0,0,0,0,0,0
43,3,0,31.92,67.01,48.12,Ground Nuts,Red,28-28,,,,,,0,0,1,0,0,0
13,5,30,33.98,51.19,32.23,Sugarcane,Red,Urea,,,,,,0,0,0,0,0,0
6,6,32,28.65,49.45,27.65,Ground Nuts,Loamy,17-17-17,,,,,,0,0,0,0,0,0
8,15,19,35.77,60.14,36.61,Maize,Black,10-26-26,,,,,,0,0,0,0,0,0
15,14,16,38.55,58.08,53.88,Paddy,Loamy,17-17-17,,,,,,0,0,0,0,0,0
7,0,32,26.71,42.66,48.03,Millets,Black,28-28,,,,,,0,0,0,0,1,0
26,2,18,32.29,56.56,63.14,Barley,Loamy,10-26-26,,,,,,0,0,0,0,0,0
11,0,12,24.48,64.32,40.94,Ground Nuts,Clayey,17-17-17,,,,,,0,0,0,0,1,0
40,0,0,30.09,52.45,34.93,Barley,Black,20-20,,,,,,0,0,1,0,1,0
21,0,24,30.67,44.15,46.13,Maize,Loamy,28-28,,,,,,0,0,0,0,1,0
9,11,34,24.97,59.67,27.05,Paddy,Red,Urea,,,,,,0,0,0,0,0,0
7,4,43,33.86,62.68,37.06,Paddy,Loamy,10-26-26,,,,,,0,0,0,0,0,0
10,5,24,33.35,53.25,64.49,Millets,Sandy,28-28,,,,,,0,0,0,0,0,0
5,10,32,27.73,53.14,25.75,Sugarcane,Clayey,28-28,,,,,,0,0,0,0,0,0
25,0,22,37.09,56.19,40.03,Paddy,Loamy,Urea,,,,,,0,0,0,0,1,0
38,1,1,26.19,61.82,26.83,Ground Nuts,Sandy,DAP,,,,,,0,0,0,0,0,0
15,0,37,24.93,67.58,47.18,Millets,Red,20-20,,,,,,0,0,0,0,1,0
11,2,39,33.39,71.79,31.6,Wheat,Black,28-28,,,,,,0,0,0,0,0,0
11,8,27,32.93,56.53,28.8,Maize,Clayey,17-17-17,,,,,,0,0,0,0,0,0
20,3,27,36.94,53.17,24.98,Paddy,Sandy,20-20,,,,,,0,0,0,0,0,0
36,2,0,35.14,69.23,39.79,Ground Nuts,Sandy,17-17-17,,,,,,0,0,1,0,0,0
18,0,10,30.29,55.55,44.77,Wheat,Red,20-20,,,,,,0,0,0,0,1,0
7,0,7,21.54,43.75,56.74,Wheat,Clayey,10-26-26,,,,,,0,0,0,0,1,0
17,0,20,26.69,61.8,55.35,Paddy,Sandy,14-35-14,,,,,,0,0,0,0,1,0
8,7,25,37.94,60.1,56.48,Maize,Loamy,17-17-17,,,,,,0,0,0,0,0,0
5,4,14,30.62,46.34,61.19,Barley,Black,28-28,,,,,,0,0,0,0,0,0
7,22,14,24.14,45.84,44.84,Sugarcane,Black,20-20,,,,,,0,0,0,0,0,0
38,0,0,21.95,59.83,69.07,Wheat,Sandy,DAP,,,,,,0,0,1,0,1,0
14,0,38,24.98,67.9,70.0,Wheat,Loamy,10-26-26,,,,,,0,0,0,0,1,0
25,0,20,23.0,55.77,37.58,Sugarcane,Clayey,17-17-17,,,,,,0,0,0,0,1,0
6,0,34,31.65,69.41,33.59,Millets,Sandy,20-20,,,,,,0,0,0,0,1,0
36,0,3,30.68,61.61,38.4,Paddy,Loamy,14-35-14,,,,,,0,0,0,0,1,0
16,3,10,30.65,59.18,52.5,Paddy,Clayey,20-20,,,,,,0,0,0,0,0,0
28,0,20,31.58,55.46,70.0,Wheat,Red,DAP,,,,,,0,0,0,0,1,0
6,16,21,26.73,56.88,29.16,Maize,Red,14-35-14,,,,,,0,0,0,0,0,0
8,0,6,27.32,69.77,41.0,Barley,Loamy,10-26-26,,,,,,0,0,0,0,1,0
36,0,2,31.49,69.94,50.94,Paddy,Black,14-35-14,,,,,,0,0,0,0,1,0
11,1,38,39.76,50.39,44.02,Wheat,Red,17-17-17,,,,,,0,0,0,0,0,0
11,5,32,28.09,68.54,27.88,Maize,Red,10-26-26,,,,,,0,0,0,0,0,0
35,0,2,33.09,77.6,43.37,Maize,Clayey,Urea,,,,,,0,0,0,0,1,0
11,10,13,27.89,49.02,36.06,Millets,Black,DAP,,,,,,0,0,0,0,0,0
20,4,26,31.17,69.37,43.42,Sugarcane,Sandy,20-20,,,,,,0,0,0,0,0,0
6,0,9,31.53,56.66,34.79,Ground Nuts,Clayey,10-26-26,,,,,,0,0,0,0,1,0
6,4,34,36.4,62.17,27.49,Ground Nuts,Loamy,20-20,,,,,,0,0,0,0,0,0
36,0,0,29.6,51.91,43.03,Sugarcane,Sandy,10-26-26,,,,,,0,0,1,0,1,0
6,7,25,31.32,65.36,47.86,Sugarcane,Black,28-28,,,,,,0,0,0,0,0,0
25,3,21,32.98,67.67,45.92,Barley,Loamy,14-35-14,,,,,,0,0,0,0,0,0
3,0,14,28.48,49.43,44.67,Barley,Sandy,17-17-17,,,,,,0,0,0,0,1,0
8,3,29,28.02,48.84,51.42,Wheat,Sandy,28-28,,,,,,0,0,0,0,0,0
7,21,24,37.73,70.55,52.64,Paddy,Black,17-17-17,,,,,,0,0,0,0,0,0
21,0,19,27.7,62.14,37.45,Wheat,Sandy,10-26-26,,,,,,0,0,0,0,1,0
21,0,23,23.32,60.72,41.52,Sugarcane,Loamy,Urea,,,,,,0,0,0,0,1,0
17,0,21,23.39,59.59,32.49,Millets,Red,17-17-17,,,,,,0,0,0,0,1,0
16,19,9,31.91,64.57,48.22,Sugarcane,Sandy,28-28,,,,,,0,0,0,0,0,0
8,7,25,26.27,51.6,34.24,Wheat,Sandy,10-26-26,,,,,,0,0,0,0,0,0
6,10,31,25.72,53.66,21.91,Barley,Red,28-28,,,,,,0,0,0,0,0,0
6,15,23,28.01,42.25,31.47,Maize,Black,DAP,,,,,,0,0,0,0,0,0
4,0,12,22.55,43.39,55.77,Millets,Sandy,Urea,,,,,,0,0,0,0,1,0
35,4,0,34.51,66.37,51.86,Paddy,Black,28-28,,,,,,0,0,1,0,0,0
8,18,8,38.69,71.21,50.84,Wheat,Loamy,Urea,,,,,,0,0,0,0,0,0
22,0,13,30.33,52.42,35.68,Wheat,Sandy,DAP,,,,,,0,0,0,0,1,0
8,11,18,28.97,59.55,36.01,Wheat,Sandy,17-17-17,,,,,,0,0,0,0,0,0
39,0,2,35.45,70.4,26.6,Maize,Loamy,DAP,,,,,,0,0,0,0,1,0
10,16,23,31.27,70.01,49.6,Sugarcane,Red,10-26-26,,,,,,0,0,0,0,0,0
7,9,31,23.79,63.74,20.0,Wheat,Red,17-17-17,,,,,,0,0,0,0,0,0
9,4,17,31.04,45.07,31.17,Millets,Clayey,28-28,,,,,,0,0,0,0,0,0
41,4,0,31.74,64.98,31.38,Paddy,Loamy,10-26-26,,,,,,0,0,1,0,0,0
38,4,0,24.78,60.16,32.61,Maize,Sandy,DAP,,,,,,0,0,1,0,0,0
15,0,13,32.21,54.41,61.25,Maize,Clayey,28-28,,,,,,0,0,0,0,1,0
38,2,0,27.01,57.18,41.37,Barley,Clayey,28-28,,,,,,0,0,1,0,0,0
37,2,3,25.91,59.25,20.86,Ground Nuts,Clayey,20-20,,,,,,0,0,0,0,0,0
9,9,33,26.13,52.53,60.62,Maize,Sandy,DAP,,,,,,0,0,0,0,0,0
26,0,26,30.54,60.14,32.76,Sugarcane,Clayey,14-35-14,,,,,,0,0,0,0,1,0
23,0,22,31.78,66.16,38.27,Maize,Clayey,20-20,,,,,,0,0,0,0,1,0
24,0,19,22.1,52.62,42.41,Paddy,Black,17-17-17,,,,,,0,0,0,0,1,0
7,19,11,23.98,55.96,30.85,Wheat,Red,Urea,,,,,,0,0,0,0,0,0
44,0,0,35.61,66.92,54.5,Sugarcane,Clayey,DAP,,,,,,0,0,1,0,1,0
11,0,42,29.78,73.97,57.26,Paddy,Sandy,Urea,,,,,,0,0,0,0,1,0
40,0,3,32.94,74.58,61.13,Paddy,Clayey,10-26-26,,,,,,0,0,0,0,1,0
14,0,44,40.0,77.51,44.13,Paddy,Black,17-17-17,,,,,,0,0,0,0,1,0
2,6,33,31.51,69.17,49.11,Sugarcane,Red,17-17-17,,,,,,0,0,0,0,0,0
11,0,43,31.94,71.92,36.07,Maize,Black,17-17-17,,,,,,0,0,0,0,1,0
12,4,38,36.44,61.1,60.46,Millets,Red,14-35-14,,,,,,0,0,0,0,0,0
46,3,4,31.24,49.93,37.99,Maize,Black,17-17-17,,,,,,0,0,0,0,0,0
43,2,0,37.22,61.58,47.35,Ground Nuts,Loamy,14-35-14,,,,,,0,0,1,0,0,0
7,21,18,32.45,68.21,21.16,Ground Nuts,Sandy,Urea,,,,,,0,0,0,0,0,0
12,0,12,38.94,73.94,64.07,Maize,Red,17-17-17,,,,,,0,0,0,0,1,0
13,9,22,32.45,52.61,41.79,Sugarcane,Loamy,28-28,,,,,,0,0,0,0,0,0
26,0,17,32.41,66.99,33.52,Barley,Red,20-20,,,,,,0,0,0,0,1,0
13,9,12,37.99,74.34,48.62,Wheat,Clayey,10-26-26,,,,,,0,0,0,0,0,0
36,4,0,28.55,43.74,27.1,Barley,Clayey,20-20,,,,,,0,0,1,0,0,0
13,0,39,33.48,78.42,32.25,Paddy,Clayey,Urea,,,,,,0,0,0,0,1,0
42,0,0,38.37,71.47,41.35,Paddy,Red,20-20,,,,,,0,0,1,0,1,0
37,0,1,38.52,65.09,55.29,Sugarcane,Black,17-17-17,,,,,,0,0,0,0,1,0
36,0,0,32.42,57.29,59.35,Maize,Red,10-26-26,,,,,,0,0,1,0,1,0
10,0,38,33.54,62.45,27.73,Maize,Black,17-17-17,,,,,,0,0,0,0,1,0
21,0,26,22.94,55.21,33.2,Sugarcane,Black,DAP,,,,,,0,0,0,0,1,0
36,0,4,34.64,54.07,30.24,Ground Nuts,Red,20-20,,,,,,0,0,0,0,1,0
42,4,0,36.75,74.17,53.07,Millets,Black,28-28,,,,,,0,0,1,0,0,0
15,3,41,35.59,76.91,52.53,Millets,Clayey,17-17-17,,,,,,0,0,0,0,0,0
25,0,23,32.68,69.24,30.61,Ground Nuts,Loamy,DAP,,,,,,0,0,0,0,1,0
9,22,11,27.23,45.13,46.5,Millets,Red,14-35-14,,,,,,0,0,0,0,0,0
14,0,3,23.23,56.75,26.54,Wheat,Clayey,DAP,,,,,,0,0,0,0,1,0
4,10,32,32.08,56.04,57.99,Sugarcane,Sandy,14-35-14,,,,,,0,0,0,0,0,0
34,1,2,32.37,57.03,65.34,Paddy,Loamy,28-28,,,,,,0,0,0,0,0,0
21,0,23,32.77,65.31,56.5,Sugarcane,Loamy,10-26-26,,,,,,0,0,0,0,1,0
5,9,27,36.35,64.04,65.28,Barley,Black,Urea,,,,,,0,0,0,0,0,0
25,0,18,20.36,57.7,38.39,Ground Nuts,Red,DAP,,,,,,0,0,0,0,1,0
7,15,18,33.04,52.2,21.85,Millets,Clayey,10-26-26,,,,,,0,0,0,0,0,0
3,6,26,35.94,62.93,28.98,Barley,Red,DAP,,,,,,0,0,0,0,0,0
36,2,4,27.55,59.01,28.77,Ground Nuts,Loamy,20-20,,,,,,0,0,0,0,0,0
12,2,38,38.84,74.14,70.0,Ground Nuts,Loamy,20-20,,,,,,0,0,0,0,0,0
11,2,10,32.3,62.68,41.53,Sugarcane,Clayey,10-26-26,,,,,,0,0,0,0,0,0
35,3,0,34.98,76.76,43.81,Barley,Loamy,DAP,,,,,,0,0,1,0,0,0
7,14,14,38.09,65.45,47.28,Barley,Loamy,17-17-17,,,,,,0,0,0,0,0,0
25,0,24,34.57,53.65,30.56,Ground Nuts,Sandy,20-20,,,,,,0,0,0,0,1,0
20,0,16,35.93,63.52,47.76,Wheat,Clayey,Urea,,,,,,0,0,0,0,1,0
40,0,4,23.9,50.65,40.95,Ground Nuts,Red,17-17-17,,,,,,0,0,0,0,1,0
25,2,20,32.3,58.56,36.13,Millets,Sandy,20-20,,,,,,0,0,0,0,0,0
8,0,6,30.6,46.79,28.45,Maize,Red,14-35-14,,,,,,0,0,0,0,1,0
40,0,0,38.02,73.39,34.53,Barley,Black,17-17-17,,,,,,0,0,1,0,1,0
9,0,12,30.06,56.63,49.63,Ground Nuts,Clayey,10-26-26,,,,,,0,0,0,0,1,0
24,0,19,30.11,55.41,33.96,Millets,Loamy,28-28,,,,,,0,0,0,0,1,0
8,0,14,40.0,66.23,24.12,Paddy,Black,20-20,,,,,,0,0,0,0,1,0
7,10,25,32.94,60.02,33.0,Ground Nuts,Black,DAP,,,,,,0,0,0,0,0,0
1,10,28,30.05,71.84,55.66,Millets,Black,17-17-17,,,,,,0,0,0,0,0,0
16,0,37,36.14,63.53,29.95,Ground Nuts,Red,20-20,,,,,,0,0,0,0,1,0
15,0,42,29.07,58.16,32.93,Sugarcane,Clayey,Urea,,,,,,0,0,0,0,1,0
38,1,2,34.84,63.19,45.19,Sugarcane,Red,10-26-26,,,,,,0,0,0,0,0,0
37,4,0,34.61,67.29,36.72,Millets,Loamy,Urea,,,,,,0,0,1,0,0,0
36,3,0,26.2,53.65,56.71,Maize,Sandy,14-35-14,,,,,,0,0,1,0,0,0
12,0,10,33.91,63.82,41.45,Wheat,Black,14-35-14,,,,,,0,0,0,0,1,0
38,2,0,34.79,61.91,46.9,Wheat,Clayey,10-26-26,,,,,,0,0,1,0,0,0
37,0,4,26.74,57.16,20.0,Millets,Clayey,17-17-17,,,,,,0,0,0,0,1,0
4,0,18,32.91,56.48,45.87,Millets,Black,Urea,,,,,,0,0,0,0,1,0
10,3,29,33.94,69.64,41.55,Paddy,Loamy,17-17-17,,,,,,0,0,0,0,0,0
14,14,13,35.04,69.13,59.45,Sugarcane,Black,10-26-26,,,,,,0,0,0,0,0,0
21,0,23,36.75,59.8,37.97,Sugarcane,Black,17-17-17,,,,,,0,0,0,0,1,0
13,0,36,34.2,64.85,39.67,Maize,Clayey,10-26-26,,,,,,0,0,0,0,1,0
12,12,28,34.06,71.7,43.15,Barley,Red,28-28,,,,,,0,0,0,0,0,0
11,13,27,26.51,56.57,20.0,Ground Nuts,Sandy,DAP,,,,,,0,0,0,0,0,0
3,15,24,21.36,56.53,34.78,Maize,Black,28-28,,,,,,0,0,0,0,0,0
7,8,24,28.11,45.27,48.25,Paddy,Sandy,Urea,,,,,,0,0,0,0,0,0
21,3,18,22.54,52.75,31.79,Millets,Red,DAP,,,,,,0,0,0,0,0,0
14,19,23,34.26,72.48,43.81,Ground Nuts,Clayey,17-17-17,,,,,,0,0,0,0,0,0
13,1,39,36.19,77.04,57.3,Ground Nuts,Black,DAP,,,,,,0,0,0,0,0,0
14,0,13,21.14,58.75,31.2,Maize,Loamy,DAP,,,,,,0,0,0,0,1,0
14,0,36,24.28,50.9,34.64,Millets,Loamy,17-17-17,,,,,,0,0,0,0,1,0
18,0,43,25.06,56.22,22.4,Millets,Sandy,17-17-17,,,,,,0,0,0,0,1,0
5,1,16,30.21,50.79,37.79,Barley,Clayey,Urea,,,,,,0,0,0,0,0,0
8,0,33,35.17,60.97,34.42,Ground Nuts,Black,17-17-17,,,,,,0,0,0,0,1,0
8,1,11,29.63,58.39,64.42,Barley,Sandy,28-28,,,,,,0,0,0,0,0,0
38,0,0,31.41,50.97,45.98,Millets,Sandy,14-35-14,,,,,,0,0,1,0,1,0
12,5,35,32.84,66.47,69.01,Sugarcane,Red,Urea,,,,,,0,0,0,0,0,0
7,16,9,30.87,74.24,62.38,Maize,Clayey,14-35-14,,,,,,0,0,0,0,0,0
41,0,3,26.02,52.58,39.77,Sugarcane,Red,14-35-14,,,,,,0,0,0,0,1,0
13,3,11,31.0,64.07,51.2,Wheat,Black,28-28,,,,,,0,0,0,0,0,0
36,0,0,30.33,54.91,37.16,Millets,Black,Urea,,,,,,0,0,1,0,1,0
43,0,0,24.62,63.54,33.9,Wheat,Loamy,Urea,,,,,,0,0,1,0,1,0
13,12,24,34.45,61.44,70.0,Sugarcane,Red,DAP,,,,,,0,0,0,0,0,0
34,0,3,28.91,60.07,39.93,Barley,Black,20-20,,,,,,0,0,0,0,1,0
32,0,0,26.19,63.76,35.68,Millets,Red,28-28,,,,,,0,0,1,0,1,0
8,6,14,25.14,48.37,28.64,Millets,Black,14-35-14,,,,,,0,0,0,0,0,0
9,0,36,38.41,74.99,25.39,Maize,Black,Urea,,,,,,0,0,0,0,1,0
12,0,37,29.57,70.26,37.15,Millets,Red,14-35-14,,,,,,0,0,0,0,1,0
36,3,0,29.6,58.3,44.4,Wheat,Clayey,20-20,,,,,,0,0,1,0,0,0
40,2,3,27.83,60.88,29.59,Sugarcane,Red,14-35-14,,,,,,0,0,0,0,0,0
17,0,39,24.31,49.48,27.55,Millets,Red,17-17-17,,,,,,0,0,0,0,1,0
10,13,22,28.65,59.24,40.45,Barley,Clayey,28-28,,,,,,0,0,0,0,0,0
17,4,10,23.86,56.94,45.96,Paddy,Black,14-35-14,,,,,,0,0,0,0,0,0
22,4,22,32.86,54.42,41.19,Ground Nuts,Red,DAP,,,,,,0,0,0,0,0,0
1,13,13,31.58,60.79,41.51,Barley,Sandy,14-35-14,,,,,,0,0,0,0,0,0
45,0,0,34.45,66.86,35.97,Maize,Black,Urea,,,,,,0,0,1,0,1,0
23,1,13,31.51,63.07,38.77,Ground Nuts,Loamy,Urea,,,,,,0,0,0,0,0,0
32,1,0,27.67,45.92,36.55,Sugarcane,Loamy,20-20,,,,,,0,0,1,0,0,0
44,1,0,28.12,45.77,43.16,Ground Nuts,Sandy,17-17-17,,,,,,0,0,1,0,0,0
19,4,21,30.04,45.43,37.77,Maize,Black,10-26-26,,,,,,0,0,0,0,0,0
16,3,42,28.79,73.96,35.13,Wheat,Clayey,DAP,,,,,,0,0,0,0,0,0
11,13,16,31.74,63.18,24.75,Maize,Loamy,10-26-26,,,,,,0,0,0,0,0,0
22,1,20,36.76,59.74,39.36,Wheat,Black,17-17-17,,,,,,0,0,0,0,0,0
3,14,20,25.37,50.94,25.52,Sugarcane,Black,14-35-14,,,,,,0,0,0,0,0,0
8,0,42,25.49,59.63,68.9,Barley,Red,28-28,,,,,,0,0,0,0,1,0
10,0,38,29.73,44.95,36.64,Sugarcane,Clayey,Urea,,,,,,0,0,0,0,1,0
17,0,43,30.05,59.14,39.13,Ground Nuts,Red,20-20,,,,,,0,0,0,0,1,0
9,2,35,24.3,53.62,60.71,Sugarcane,Clayey,10-26-26,,,,,,0,0,0,0,0,0
27,0,15,37.7,56.61,57.93,Wheat,Loamy,10-26-26,,,,,,0,0,0,0,1,0
9,11,21,27.09,48.1,39.39,Ground Nuts,Clayey,Urea,,,,,,0,0,0,0,0,0
33,0,2,28.02,43.47,37.43,Sugarcane,Black,28-28,,,,,,0,0,0,0,1,0
21,1,19,34.62,64.2,39.87,Millets,Sandy,28-28,,,,,,0,0,0,0,0,0
11,3,36,33.0,72.49,26.85,Millets,Loamy,20-20,,,,,,0,0,0,0,0,0
33,0,2,37.48,74.71,50.16,Wheat,Sandy,10-26-26,,,,,,0,0,0,0,1,0
42,4,0,40.0,80.0,55.43,Paddy,Clayey,DAP,,,,,,0,0,1,0,0,0
17,0,39,33.47,62.71,36.43,Sugarcane,Loamy,Urea,,,,,,0,0,0,0,1,0
41,1,0,30.89,57.6,53.41,Maize,Sandy,28-28,,,,,,0,0,1,0,0,0
17,0,38,30.68,66.46,37.19,Sugarcane,Red,17-17-17,,,,,,0,0,0,0,1,0
12,11,32,27.33,64.51,61.53,Millets,Sandy,20-20,,,,,,0,0,0,0,0,0
13,4,6,29.96,54.53,67.99,Ground Nuts,Black,20-20,,,,,,0,0,0,0,0,0
4,15,14,32.99,50.56,44.4,Sugarcane,Clayey,14-35-14,,,,,,0,0,0,0,0,0
9,3,8,24.59,51.79,70.0,Paddy,Black,28-28,,,,,,0,0,0,0,0,0
14,0,7,28.14,64.83,42.85,Wheat,Loamy,17-17-17,,,,,,0,0,0,0,1,0
18,4,17,31.92,57.22,51.32,Millets,Black,Urea,,,,,,0,0,0,0,0,0
27,0,20,29.54,58.68,37.33,Paddy,Black,28-28,,,,,,0,0,0,0,1,0
8,0,8,37.62,54.26,47.98,Sugarcane,Red,17-17-17,,,,,,0,0,0,0,1,0
33,3,0,33.55,58.99,28.88,Paddy,Loamy,20-20,,,,,,0,0,1,0,0,0
5,16,13,25.2,54.36,56.57,Barley,Black,14-35-14,,,,,,0,0,0,0,0,0
40,0,0,28.1,57.31,69.25,Millets,Sandy,10-26-26,,,,,,0,0,1,0,1,0
11,4,28,36.26,72.92,70.0,Barley,Red,17-17-17,,,,,,0,0,0,0,0,0
45,0,0,26.61,51.72,36.01,Ground Nuts,Red,28-28,,,,,,0,0,1,0,1,0
24,1,24,22.55,57.45,46.58,Paddy,Red,DAP,,,,,,0,0,0,0,0,0
13,20,20,35.44,68.66,47.39,Wheat,Loamy,20-20,,,,,,0,0,0,0,0,0
13,3,28,31.47,64.11,65.21,Sugarcane,Black,20-20,,,,,,0,0,0,0,0,0
33,4,1,23.45,48.04,34.71,Sugarcane,Loamy,14-35-14,,,,,,0,0,0,0,0,0
14,19,23,32.33,75.18,40.55,Sugarcane,Black,10-26-26,,,,,,0,0,0,0,0,0
38,0,3,25.0,43.01,70.0,Maize,Sandy,10-26-26,,,,,,0,0,0,0,1,0
15,9,6,20.85,59.67,27.39,Ground Nuts,Black,DAP,,,,,,0,0,0,0,0,0
9,8,25,34.47,55.91,64.25,Paddy,Loamy,17-17-17,,,,,,0,0,0,0,0,0
40,1,0,22.37,49.0,70.0,Paddy,Red,28-28,,,,,,0,0,1,0,0,0
36,0,0,25.06,59.78,44.6,Millets,Clayey,28-28,,,,,,0,0,1,0,1,0
5,5,34,30.22,50.85,59.57,Wheat,Clayey,10-26-26,,,,,,0,0,0,0,0,0
38,2,0,36.74,61.86,29.3,Wheat,Clayey,14-35-14,,,,,,0,0,1,0,0,0
33,2,0,29.86,61.53,51.88,Millets,Loamy,20-20,,,,,,0,0,1,0,0,0
8,0,17,26.18,44.54,66.14,Wheat,Loamy,20-20,,,,,,0,0,0,0,1,0
6,11,34,27.46,66.87,26.04,Maize,Loamy,14-35-14,,,,,,0,0,0,0,0,0
10,15,17,31.41,56.68,46.38,Paddy,Loamy,28-28,,,,,,0,0,0,0,0,0
12,3,32,27.77,54.61,46.77,Wheat,Loamy,10-26-26,,,,,,0,0,0,0,0,0
26,0,21,32.86,65.21,45.16,Sugarcane,Sandy,DAP,,,,,,0,0,0,0,1,0
11,13,17,28.3,60.42,55.44,Paddy,Sandy,Urea,,,,,,0,0,0,0,0,0
11,3,33,27.41,48.69,52.62,Wheat,Black,DAP,,,,,,0,0,0,0,0,0
34,2,0,23.91,43.52,39.54,Sugarcane,Black,17-17-17,,,,,,0,0,1,0,0,0
6,0,34,38.7,65.81,23.13,Wheat,Loamy,20-20,,,,,,0,0,0,0,1,0
11,6,11,30.9,55.65,30.7,Ground Nuts,Loamy,20-20,,,,,,0,0,0,0,0,0
21,0,24,27.98,46.24,47.68,Maize,Loamy,Urea,,,,,,0,0,0,0,1,0
2,15,20,38.99,59.31,46.91,Ground Nuts,Clayey,10-26-26,,,,,,0,0,0,0,0,0
17,0,38,26.44,66.93,58.88,Barley,Clayey,10-26-26,,,,,,0,0,0,0,1,0
14,0,38,32.59,52.77,67.32,Wheat,Sandy,Urea,,,,,,0,0,0,0,1,0
9,8,24,40.0,61.28,57.03,Paddy,Clayey,10-26-26,,,,,,0,0,0,0,0,0
22,1,26,35.08,60.37,45.69,Barley,Loamy,17-17-17,,,,,,0,0,0,0,0,0
19,0,21,32.95,66.06,24.22,Millets,Red,28-28,,,,,,0,0,0,0,1,0
10,1,37,40.0,56.21,37.48,Ground Nuts,Sandy,20-20,,,,,,0,0,0,0,0,0
12,2,27,30.85,53.02,26.39,Wheat,Sandy,10-26-26,,,,,,0,0,0,0,0,0
40,3,2,24.58,43.05,67.17,Millets,Clayey,14-35-14,,,,,,0,0,0,0,0,0
10,0,32,32.99,64.5,30.16,Paddy,Red,14-35-14,,,,,,0,0,0,0,1,0
5,13,15,30.82,56.4,56.14,Paddy,Red,Urea,,,,,,0,0,0,0,0,0
12,2,34,33.65,64.1,41.88,Maize,Loamy,14-35-14,,,,,,0,0,0,0,0,0
11,12,21,27.99,52.83,35.74,Ground Nuts,Loamy,Urea,,,,,,0,0,0,0,0,0
19,14,13,22.87,44.91,24.78,Barley,Loamy,28-28,,,,,,0,0,0,0,0,0
21,0,15,29.95,68.13,38.6,Sugarcane,Red,DAP,,,,,,0,0,0,0,1,0
12,0,37,39.25,76.98,28.94,Ground Nuts,Clayey,Urea,,,,,,0,0,0,0,1,0
26,1,17,28.82,53.22,38.74,Ground Nuts,Clayey,DAP,,,,,,0,0,0,0,0,0
39,0,4,23.42,54.77,33.63,Paddy,Black,DAP,,,,,,0,0,0,0,1,0
17,0,37,28.45,62.42,52.98,Ground Nuts,Black,17-17-17,,,,,,0,0,0,0,1,0
11,0,15,24.76,58.45,38.36,Wheat,Sandy,DAP,,,,,,0,0,0,0,1,0
19,3,27,31.65,56.41,30.22,Paddy,Red,28-28,,,,,,0,0,0,0,0,0
39,4,4,23.2,46.23,65.9,Wheat,Red,Urea,,,,,,0,0,0,0,0,0
40,2,4,27.52,51.39,46.96,Wheat,Black,28-28,,,,,,0,0,0,0,0,0
21,1,17,29.77,63.09,47.01,Sugarcane,Red,17-17-17,,,,,,0,0,0,0,0,0
15,0,16,26.34,61.87,22.93,Maize,Red,20-20,,,,,,0,0,0,0,1,0
9,1,41,37.17,73.45,62.33,Millets,Black,28-28,,,,,,0,0,0,0,0,0
9,3,39,29.78,65.45,39.96,Paddy,Loamy,14-35-14,,,,,,0,0,0,0,0,0
40,1,4,23.59,54.55,43.39,Ground Nuts,Sandy,DAP,,,,,,0,0,0,0,0,0
8,0,5,22.2,55.19,60.43,Wheat,Black,10-26-26,,,,,,0,0,0,0,1,0
11,4,18,28.33,61.2,58.57,Wheat,Red,20-20,,,,,,0,0,0,0,0,0
20,3,16,34.24,61.19,31.95,Maize,Sandy,DAP,,,,,,0,0,0,0,0,0
39,0,3,38.51,72.73,54.65,Paddy,Sandy,14-35-14,,,,,,0,0,0,0,1,0
34,0,0,26.86,60.39,30.72,Maize,Clayey,Urea,,,,,,0,0,1,0,1,0
13,0,13,20.03,52.64,70.0,Sugarcane,Sandy,20-20,,,,,,0,0,0,0,1,0
15,14,14,37.86,61.26,47.91,Barley,Loamy,Urea,,,,,,0,0,0,0,0,0
20,0,13,28.75,65.85,40.56,Ground Nuts,Sandy,10-26-26,,,,,,0,0,0,0,1,0
45,0,2,34.35,68.28,37.3,Wheat,Loamy,20-20,,,,,,0,0,0,0,1,0
37,2,0,23.09,47.76,36.04,Barley,Red,20-20,,,,,,0,0,1,0,0,0
9,8,31,31.45,59.17,41.86,Maize,Sandy,DAP,,,,,,0,0,0,0,0,0
8,12,10,29.76,68.21,44.33,Wheat,Sandy,DAP,,,,,,0,0,0,0,0,0
19,0,23,31.65,58.98,60.38,Wheat,Loamy,28-28,,,,,,0,0,0,0,1,0
14,0,37,32.72,68.34,67.2,Barley,Red,DAP,,,,,,0,0,0,0,1,0
12,4,38,30.58,57.79,62.55,Sugarcane,Loamy,20-20,,,,,,0,0,0,0,0,0
10,0,10,24.24,61.14,60.21,Wheat,Red,14-35-14,,,,,,0,0,0,0,1,0
19,0,20,36.13,58.84,40.14,Paddy,Clayey,28-28,,,,,,0,0,0,0,1,0
9,19,18,33.8,67.31,32.57,Paddy,Clayey,17-17-17,,,,,,0,0,0,0,0,0
11,2,8,23.99,49.61,27.08,Millets,Red,17-17-17,,,,,,0,0,0,0,0,0
41,0,0,32.05,53.97,35.02,Millets,Loamy,Urea,,,,,,0,0,1,0,1,0
38,2,0,23.89,51.43,32.44,Ground Nuts,Clayey,20-20,,,,,,0,0,1,0,0,0
34,0,3,22.58,47.54,39.32,Ground Nuts,Red,Urea,,,,,,0,0,0,0,1,0
26,2,24,30.78,72.03,70.0,Maize,Sandy,Urea,,,,,,0,0,0,0,0,0
34,3,0,28.14,44.5,35.74,Paddy,Red,14-35-14,,,,,,0,0,1,0,0,0
23,0,18,36.75,61.32,50.32,Ground Nuts,Clayey,28-28,,,,,,0,0,0,0,1,0
41,0,0,34.03,59.52,31.77,Sugarcane,Red,10-26-26,,,,,,0,0,1,0,1,0
13,4,42,36.54,74.27,38.52,Ground Nuts,Red,17-17-17,,,,,,0,0,0,0,0,0
16,0,15,29.01,55.34,29.06,Millets,Clayey,14-35-14,,,,,,0,0,0,0,1,0
8,0,13,34.65,60.23,61.23,Ground Nuts,Red,10-26-26,,,,,,0,0,0,0,1,0
6,10,29,34.12,72.45,52.22,Ground Nuts,Black,14-35-14,,,,,,0,0,0,0,0,0
11,8,14,30.61,56.22,43.7,Maize,Red,17-17-17,,,,,,0,0,0,0,0,0
16,1,34,34.29,62.12,28.36,Wheat,Loamy,28-28,,,,,,0,0,0,0,0,0
44,0,2,27.72,52.05,49.01,Maize,Clayey,14-35-14,,,,,,0,0,0,0,1,0
35,3,4,27.44,55.79,34.2,Ground Nuts,Sandy,Urea,,,,,,0,0,0,0,0,0
21,0,21,30.94,58.19,66.53,Sugarcane,Red,17-17-17,,,,,,0,0,0,0,1,0
13,0,35,36.87,73.12,54.53,Barley,Sandy,Urea,,,,,,0,0,0,0,1,0
24,0,17,35.05,70.45,42.95,Millets,Sandy,Urea,,,,,,0,0,0,0,1,0
19,4,26,35.26,55.7,38.7,Millets,Red,DAP,,,,,,0,0,0,0,0,0
16,3,27,30.84,54.44,38.5,Wheat,Red,20-20,,,,,,0,0,0,0,0,0
10,8,11,25.41,56.57,63.78,Paddy,Sandy,Urea,,,,,,0,0,0,0,0,0
13,8,32,31.29,48.4,35.57,Barley,Sandy,10-26-26,,,,,,0,0,0,0,0,0
8,0,10,33.77,70.96,30.96,Maize,Red,20-20,,,,,,0,0,0,0,1,0
20,0,22,22.79,44.82,36.75,Sugarcane,Clayey,DAP,,,,,,0,0,0,0,1,0
9,0,38,32.69,67.2,30.23,Barley,Clayey,14-35-14,,,,,,0,0,0,0,1,0
12,0,32,29.04,52.28,61.27,Maize,Sandy,20-20,,,,,,0,0,0,0,1,0
18,0,25,30.97,52.6,49.95,Wheat,Black,17-17-17,,,,,,0,0,0,0,1,0
5,5,28,24.14,65.95,36.58,Millets,Red,DAP,,,,,,0,0,0,0,0,0
13,0,11,28.89,50.23,31.86,Wheat,Red,17-17-17,,,,,,0,0,0,0,1,0
9,11,23,36.76,71.34,50.85,Wheat,Sandy,20-20,,,,,,0,0,0,0,0,0
23,0,15,32.93,69.74,37.19,Maize,Sandy,28-28,,,,,,0,0,0,0,1,0
10,8,32,25.77,51.57,49.07,Wheat,Clayey,14-35-14,,,,,,0,0,0,0,0,0
11,4,26,38.24,69.68,42.29,Ground Nuts,Sandy,DAP,,,,,,0,0,0,0,0,0
8,18,10,31.38,57.81,50.23,Barley,Clayey,20-20,,,,,,0,0,0,0,0,0
26,0,16,25.77,49.55,51.79,Wheat,Loamy,17-17-17,,,,,,0,0,0,0,1,0
40,2,0,33.65,61.98,34.79,Sugarcane,Red,Urea,,,,,,0,0,1,0,0,0
19,0,16,34.32,60.9,35.02,Barley,Loamy,Urea,,,,,,0,0,0,0,1,0
17,0,34,25.14,56.51,36.84,Millets,Clayey,17-17-17,,,,,,0,0,0,0,1,0
43,2,0,24.5,55.97,58.19,Sugarcane,Loamy,10-26-26,,,,,,0,0,1,0,0,0
9,0,34,31.41,52.35,70.0,Paddy,Red,Urea,,,,,,0,0,0,0,1,0
4,12,28,34.62,67.2,34.63,Wheat,Red,17-17-17,,,,,,0,0,0,0,0,0
39,0,0,30.58,58.47,28.12,Ground Nuts,Sandy,DAP,,,,,,0,0,1,0,1,0
15,0,37,30.55,67.12,36.98,Paddy,Sandy,10-26-26,,,,,,0,0,0,0,1,0
13,4,38,30.53,61.98,28.75,Sugarcane,Black,Urea,,,,,,0,0,0,0,0,0
16,2,15,22.28,49.48,37.92,Barley,Red,20-20,,,,,,0,0,0,0,0,0
40,0,0,30.81,42.46,46.84,Millets,Black,Urea,,,,,,0,0,1,0,1,0
11,5,29,32.76,74.84,69.17,Sugarcane,Red,28-28,,,,,,0,0,0,0,0,0
21,0,18,35.3,68.25,43.64,Maize,Red,Urea,,,,,,0,0,0,0,1,0
15,0,43,36.47,70.93,66.79,Barley,Black,10-26-26,,,,,,0,0,0,0,1,0
16,4,44,31.73,56.97,32.88,Paddy,Red,17-17-17,,,,,,0,0,0,0,0,0
5,10,28,25.9,51.18,36.61,Barley,Sandy,14-35-14,,,,,,0,0,0,0,0,0
15,4,38,30.5,57.68,54.46,Barley,Sandy,DAP,,,,,,0,0,0,0,0,0
14,11,18,26.68,69.77,60.71,Wheat,Loamy,DAP,,,,,,0,0,0,0,0,0
15,0,32,27.88,53.3,39.79,Sugarcane,Clayey,28-28,,,,,,0,0,0,0,1,0
40,2,0,36.39,77.53,52.2,Sugarcane,Red,28-28,,,,,,0,0,1,0,0,0
2,17,16,33.67,66.03,37.65,Barley,Clayey,10-26-26,,,,,,0,0,0,0,0,0
16,0,38,29.68,51.55,20.35,Barley,Red,10-26-26,,,,,,0,0,0,0,1,0
4,9,34,31.25,69.46,61.24,Wheat,Loamy,Urea,,,,,,0,0,0,0,0,0
27,1,19,33.27,51.22,37.76,Barley,Sandy,17-17-17,,,,,,0,0,0,0,0,0
8,0,14,24.02,45.82,22.13,Paddy,Loamy,28-28,,,,,,0,0,0,0,1,0
16,11,14,26.56,65.45,48.14,Maize,Sandy,20-20,,,,,,0,0,0,0,0,0
9,12,33,29.18,66.16,70.0,Sugarcane,Clayey,10-26-26,,,,,,0,0,0,0,0,0
27,0,16,37.57,64.34,38.29,Maize,Black,Urea,,,,,,0,0,0,0,1,0
12,6,32,30.95,54.47,55.47,Maize,Red,10-26-26,,,,,,0,0,0,0,0,0
10,3,36,33.49,63.22,25.31,Maize,Clayey,28-28,,,,,,0,0,0,0,0,0
5,16,9,28.59,64.2,42.62,Ground Nuts,Clayey,10-26-26,,,,,,0,0,0,0,0,0
16,2,37,27.62,44.14,40.81,Paddy,Loamy,Urea,,,,,,0,0,0,0,0,0
41,1,0,35.0,76.24,53.72,Ground Nuts,Clayey,28-28,,,,,,0,0,1,0,0,0
8,13,16,32.31,67.68,43.35,Wheat,Red,14-35-14,,,,,,0,0,0,0,0,0
22,4,16,36.05,70.84,30.08,Barley,Black,14-35-14,,,,,,0,0,0,0,0,0
20,0,21,32.14,52.59,32.09,Millets,Clayey,DAP,,,,,,0,0,0,0,1,0
9,6,29,34.61,67.18,64.16,Millets,Clayey,17-17-17,,,,,,0,0,0,0,0,0
15,3,38,27.65,50.22,42.85,Barley,Red,14-35-14,,,,,,0,0,0,0,0,0
8,17,20,29.61,53.81,38.02,Wheat,Loamy,17-17-17,,,,,,0,0,0,0,0,0
46,0,0,29.03,45.0,32.9,Ground Nuts,Black,20-20,,,,,,0,0,1,0,1,0
42,0,0,27.24,70.93,28.75,Maize,Clayey,28-28,,,,,,0,0,1,0,1,0
7,12,31,31.92,63.7,57.16,Ground Nuts,Loamy,14-35-14,,,,,,0,0,0,0,0,0
5,11,13,35.48,60.05,46.78,Sugarcane,Black,17-17-17,,,,,,0,0,0,0,0,0
42,1,0,25.04,63.36,32.13,Paddy,Red,10-26-26,,,,,,0,0,1,0,0,0
17,3,42,32.89,70.11,70.0,Ground Nuts,Red,DAP,,,,,,0,0,0,0,0,0
17,0,35,34.39,54.77,35.05,Sugarcane,Clayey,Urea,,,,,,0,0,0,0,1,0
21,0,20,26.35,68.18,46.83,Millets,Sandy,Urea,,,,,,0,0,0,0,1,0
5,6,21,24.66,48.76,43.36,Millets,Black,DAP,,,,,,0,0,0,0,0,0
14,0,5,33.86,52.1,38.67,Wheat,Clayey,20-20,,,,,,0,0,0,0,1,0
28,4,22,34.8,59.89,59.4,Barley,Sandy,10-26-26,,,,,,0,0,0,0,0,0
11,4,9,37.71,69.38,61.7,Barley,Loamy,Urea,,,,,,0,0,0,0,0,0
6,12,23,38.41,68.47,56.4,Maize,Sandy,DAP,,,,,,0,0,0,0,0,0
25,0,21,22.63,51.01,51.05,Maize,Loamy,DAP,,,,,,0,0,0,0,1,0
11,11,29,27.06,57.03,60.52,Maize,Loamy,17-17-17,,,,,,0,0,0,0,0,0
34,0,0,23.58,57.41,25.05,Paddy,Red,14-35-14,,,,,,0,0,1,0,1,0
3,23,12,23.34,53.4,38.18,Paddy,Sandy,20-20,,,,,,0,0,0,0,0,0
26,0,18,28.35,60.55,52.54,Barley,Clayey,DAP,,,,,,0,0,0,0,1,0
23,0,17,26.77,47.3,36.53,Barley,Red,Urea,,,,,,0,0,0,0,1,0
25,2,25,23.9,58.01,40.51,Barley,Black,20-20,,,,,,0,0,0,0,0,0
42,0,1,25.47,58.41,26.01,Maize,Clayey,14-35-14,,,,,,0,0,0,0,1,0
43,0,0,30.36,44.69,42.18,Paddy,Red,14-35-14,,,,,,0,0,1,0,1,0
26,1,23,29.82,55.72,58.33,Barley,Loamy,28-28,,,,,,0,0,0,0,0,0
8,11,27,28.84,63.97,65.22,Millets,Black,17-17-17,,,,,,0,0,0,0,0,0
18,3,41,38.35,68.02,65.33,Sugarcane,Red,DAP,,,,,,0,0,0,0,0,0
17,0,36,31.65,48.98,39.39,Wheat,Red,DAP,,,,,,0,0,0,0,1,0
7,1,11,31.54,65.06,37.86,Wheat,Loamy,17-17-17,,,,,,0,0,0,0,0,0
12,0,32,31.58,72.23,37.14,Ground Nuts,Loamy,14-35-14,,,,,,0,0,0,0,1,0
21,0,23,21.05,55.2,44.12,Ground Nuts,Clayey,10-26-26,,,,,,0,0,0,0,1,0
25,2,18,34.34,59.47,35.55,Maize,Loamy,Urea,,,,,,0,0,0,0,0,0
12,2,11,25.59,65.45,43.71,Sugarcane,Clayey,17-17-17,,,,,,0,0,0,0,0,0
17,4,26,31.66,64.62,44.32,Sugarcane,Loamy,Urea,,,,,,0,0,0,0,0,0
15,3,33,30.89,62.85,24.23,Barley,Red,10-26-26,,,,,,0,0,0,0,0,0
33,0,0,29.42,54.67,40.55,Ground Nuts,Sandy,10-26-26,,,,,,0,0,1,0,1,0
8,0,11,30.44,56.5,51.85,Wheat,Sandy,17-17-17,,,,,,0,0,0,0,1,0
10,0,30,25.52,48.23,58.6,Ground Nuts,Red,DAP,,,,,,0,0,0,0,1,0
12,0,39,32.59,59.67,42.91,Paddy,Red,Urea,,,,,,0,0,0,0,1,0
14,8,27,29.65,66.39,49.42,Millets,Red,28-28,,,,,,0,0,0,0,0,0
5,7,37,27.13,62.1,64.44,Millets,Clayey,DAP,,,,,,0,0,0,0,0,0
5,17,25,31.41,62.69,41.19,Millets,Sandy,DAP,,,,,,0,0,0,0,0,0
15,0,8,37.46,68.41,36.8,Millets,Loamy,Urea,,,,,,0,0,0,0,1,0
25,0,23,24.96,46.72,36.73,Sugarcane,Red,DAP,,,,,,0,0,0,0,1,0
12,18,16,33.51,59.04,44.65,Barley,Sandy,DAP,,,,,,0,0,0,0,0,0
42,1,2,35.86,71.33,44.81,Millets,Sandy,10-26-26,,,,,,0,0,0,0,0,0
15,3,41,24.48,55.7,30.78,Paddy,Black,28-28,,,,,,0,0,0,0,0,0
22,0,21,33.46,62.44,56.11,Sugarcane,Sandy,Urea,,,,,,0,0,0,0,1,0
15,1,39,26.03,60.45,46.4,Barley,Black,Urea,,,,,,0,0,0,0,0,0
5,14,18,27.4,56.16,45.88,Barley,Sandy,17-17-17,,,,,,0,0,0,0,0,0
26,0,23,27.9,47.35,51.36,Millets,Sandy,17-17-17,,,,,,0,0,0,0,1,0
5,21,12,29.97,47.72,39.53,Paddy,Black,14-35-14,,,,,,0,0,0,0,0,0
33,0,0,22.15,60.48,34.02,Sugarcane,Loamy,28-28,,,,,,0,0,1,0,1,0
24,0,19,22.8,50.81,39.07,Ground Nuts,Sandy,DAP,,,,,,0,0,0,0,1,0
22,3,25,37.29,65.56,39.68,Millets,Black,20-20,,,,,,0,0,0,0,0,0
17,1,13,35.89,64.76,36.97,Ground Nuts,Loamy,28-28,,,,,,0,0,0,0,0,0
6,0,8,32.94,60.91,47.5,Wheat,Black,28-28,,,,,,0,0,0,0,1,0
28,0,24,34.9,67.59,66.01,Ground Nuts,Clayey,DAP,,,,,,0,0,0,0,1,0
10,4,38,28.59,68.53,38.94,Maize,Clayey,DAP,,,,,,0,0,0,0,0,0
36,4,0,33.19,72.33,65.98,Maize,Red,DAP,,,,,,0,0,1,0,0,0
12,11,18,27.56,51.96,40.99,Maize,Sandy,17-17-17,,,,,,0,0,0,0,0,0
15,0,6,31.46,59.57,51.47,Wheat,Loamy,DAP,,,,,,0,0,0,0,1,0
36,0,0,37.35,58.34,47.42,Sugarcane,Clayey,Urea,,,,,,0,0,1,0,1,0
6,15,16,33.96,65.91,53.47,Sugarcane,Black,10-26-26,,,,,,0,0,0,0,0,0
32,0,0,31.91,49.74,29.66,Millets,Sandy,28-28,,,,,,0,0,1,0,1,0
15,15,14,27.18,66.92,38.33,Paddy,Red,DAP,,,,,,0,0,0,0,0,0
34,0,4,26.49,47.78,41.66,Paddy,Black,17-17-17,,,,,,0,0,0,0,1,0
38,0,0,27.06,54.68,45.88,Ground Nuts,Clayey,10-26-26,,,,,,0,0,1,0,1,0
12,7,28,33.27,61.23,22.66,Millets,Red,10-26-26,,,,,,0,0,0,0,0,0
3,11,26,35.63,68.45,20.0,Wheat,Black,DAP,,,,,,0,0,0,0,0,0
25,0,20,27.52,42.81,39.1,Paddy,Loamy,10-26-26,,,,,,0,0,0,0,1,0
3,0,15,32.0,58.03,31.37,Millets,Red,17-17-17,,,,,,0,0,0,0,1,0
10,3,33,31.78,76.46,33.24,Ground Nuts,Loamy,17-17-17,,,,,,0,0,0,0,0,0
21,0,19,30.72,58.16,47.3,Wheat,Red,Urea,,,,,,0,0,0,0,1,0
7,16,19,29.65,59.65,26.35,Barley,Red,20-20,,,,,,0,0,0,0,0,0
36,0,0,32.36,54.03,43.93,Maize,Red,17-17-17,,,,,,0,0,1,0,1,0
10,0,44,40.0,71.02,52.73,Wheat,Clayey,DAP,,,,,,0,0,0,0,1,0
38,1,0,29.19,65.8,33.2,Barley,Red,17-17-17,,,,,,0,0,1,0,0,0
8,7,29,31.77,59.25,32.16,Ground Nuts,Sandy,20-20,,,,,,0,0,0,0,0,0
9,17,16,30.66,53.38,41.56,Paddy,Sandy,10-26-26,,,,,,0,0,0,0,0,0
12,10,16,31.84,69.56,69.24,Maize,Clayey,14-35-14,,,,,,0,0,0,0,0,0
14,10,19,26.63,64.94,56.15,Millets,Loamy,28-28,,,,,,0,0,0,0,0,0
16,14,23,38.51,73.59,59.59,Sugarcane,Clayey,17-17-17,,,,,,0,0,0,0,0,0
28,0,22,28.28,64.37,33.6,Wheat,Black,20-20,,,,,,0,0,0,0,1,0
16,0,12,36.61,58.99,45.91,Paddy,Red,DAP,,,,,,0,0,0,0,1,0
42,4,0,33.82,55.15,55.67,Ground Nuts,Red,10-26-26,,,,,,0,0,1,0,0,0
6,0,34,24.1,52.08,65.93,Barley,Sandy,28-28,,,,,,0,0,0,0,1,0
13,0,43,39.52,75.51,62.39,Sugarcane,Sandy,14-35-14,,,,,,0,0,0,0,1,0
39,0,0,31.73,67.18,35.49,Maize,Red,10-26-26,,,,,,0,0,1,0,1,0
15,1,6,25.98,52.5,64.54,Sugarcane,Sandy,17-17-17,,,,,,0,0,0,0,0,0
21,0,24,29.55,69.71,40.07,Millets,Red,28-28,,,,,,0,0,0,0,1,0
12,13,24,26.96,58.09,33.74,Millets,Loamy,17-17-17,,,,,,0,0,0,0,0,0
19,0,25,23.28,54.92,45.0,Barley,Black,Urea,,,,,,0,0,0,0,1,0
38,0,1,33.26,75.36,44.89,Millets,Sandy,17-17-17,,,,,,0,0,0,0,1,0
25,1,20,33.52,67.5,38.1,Ground Nuts,Clayey,17-17-17,,,,,,0,0,0,0,0,0
36,2,3,30.26,47.16,68.58,Barley,Red,DAP,,,,,,0,0,0,0,0,0
35,0,0,27.11,61.0,27.46,Paddy,Loamy,28-28,,,,,,0,0,1,0,1,0
5,5,29,29.79,67.81,50.66,Wheat,Red,10-26-26,,,,,,0,0,0,0,0,0
13,1,36,32.22,66.16,25.02,Sugarcane,Red,17-17-17,,,,,,0,0,0,0,0,0
13,0,36,37.04,63.37,38.19,Paddy,Black,10-26-26,,,,,,0,0,0,0,1,0
6,5,25,36.12,64.07,33.97,Maize,Clayey,17-17-17,,,,,,0,0,0,0,0,0
8,0,10,30.35,45.09,59.54,Paddy,Clayey,17-17-17,,,,,,0,0,0,0,1,0
25,0,14,23.51,56.63,32.65,Millets,Sandy,10-26-26,,,,,,0,0,0,0,1,0
13,12,13,26.75,50.01,47.53,Sugarcane,Loamy,Urea,,,,,,0,0,0,0,0,0
11,14,20,26.78,67.64,30.81,Ground Nuts,Sandy,28-28,,,,,,0,0,0,0,0,0
24,0,25,29.51,68.51,21.92,Wheat,Sandy,28-28,,,,,,0,0,0,0,1,0
3,10,28,28.13,52.62,45.16,Wheat,Red,Urea,,,,,,0,0,0,0,0,0
23,0,25,27.42,63.5,45.7,Barley,Loamy,Urea,,,,,,0,0,0,0,1,0
24,0,23,33.83,56.14,43.31,Paddy,Red,17-17-17,,,,,,0,0,0,0,1,0
12,19,15,24.06,65.98,28.05,Ground Nuts,Black,20-20,,,,,,0,0,0,0,0,0
4,13,15,21.23,44.7,27.36,Millets,Sandy,Urea,,,,,,0,0,0,0,0,0
15,15,12,33.91,72.18,53.83,Barley,Sandy,DAP,,,,,,0,0,0,0,0,0
18,3,11,30.92,42.88,26.76,Barley,Sandy,28-28,,,,,,0,0,0,0,0,0
5,1,39,32.59,62.11,51.5,Wheat,Black,17-17-17,,,,,,0,0,0,0,0,0
46,0,4,24.01,56.49,43.18,Paddy,Red,20-20,,,,,,0,0,0,0,1,0
11,2,37,27.22,51.42,53.92,Sugarcane,Red,DAP,,,,,,0,0,0,0,0,0
21,4,20,34.9,69.62,40.23,Wheat,Black,DAP,,,,,,0,0,0,0,0,0
21,3,16,23.62,48.41,28.57,Barley,Sandy,10-26-26,,,,,,0,0,0,0,0,0
8,0,41,25.1,57.55,23.93,Paddy,Red,DAP,,,,,,0,0,0,0,1,0
2,15,17,21.92,52.16,29.78,Wheat,Red,10-26-26,,,,,,0,0,0,0,0,0
17,20,17,30.33,51.57,25.0,Paddy,Sandy,DAP,,,,,,0,0,0,0,0,0
23,0,21,35.11,58.44,37.33,Ground Nuts,Loamy,10-26-26,,,,,,0,0,0,0,1,0
7,1,39,27.45,53.07,54.24,Barley,Sandy,28-28,,,,,,0,0,0,0,0,0
24,0,24,34.06,66.03,26.03,Maize,Loamy,DAP,,,,,,0,0,0,0,1,0
10,0,35,32.01,71.7,23.49,Ground Nuts,Black,Urea,,,,,,0,0,0,0,1,0
38,0,1,26.22,62.62,25.5,Maize,Clayey,Urea,,,,,,0,0,0,0,1,0
42,0,0,36.29,62.57,47.91,Paddy,Sandy,20-20,,,,,,0,0,1,0,1,0
11,0,33,26.2,59.39,38.04,Ground Nuts,Sandy,14-35-14,,,,,,0,0,0,0,1,0
28,0,19,31.87,49.23,49.23,Wheat,Sandy,20-20,,,,,,0,0,0,0,1,0
17,0,38,21.47,50.02,34.05,Millets,Red,20-20,,,,,,0,0,0,0,1,0
11,17,14,29.93,59.13,61.65,Maize,Loamy,DAP,,,,,,0,0,0,0,0,0
37,0,0,29.68,46.23,66.65,Paddy,Loamy,Urea,,,,,,0,0,1,0,1,0
11,2,37,29.99,48.04,23.13,Barley,Red,28-28,,,,,,0,0,0,0,0,0
17,21,18,29.02,55.34,29.32,Wheat,Red,20-20,,,,,,0,0,0,0,0,0
7,2,10,30.52,49.1,40.54,Millets,Loamy,DAP,,,,,,0,0,0,0,0,0
10,15,13,29.34,65.43,70.0,Ground Nuts,Sandy,Urea,,,,,,0,0,0,0,0,0
13,8,28,32.64,56.9,51.27,Maize,Sandy,10-26-26,,,,,,0,0,0,0,0,0
10,3,8,29.21,55.25,39.75,Ground Nuts,Black,17-17-17,,,,,,0,0,0,0,0,0
14,0,36,28.94,64.26,68.96,Millets,Black,20-20,,,,,,0,0,0,0,1,0
11,3,10,23.94,56.65,31.99,Barley,Loamy,28-28,,,,,,0,0,0,0,0,0
40,0,2,27.89,57.64,45.92,Paddy,Red,10-26-26,,,,,,0,0,0,0,1,0
19,1,20,36.12,65.18,32.53,Wheat,Sandy,17-17-17,,,,,,0,0,0,0,0,0
5,12,34,34.55,59.02,70.0,Millets,Clayey,Urea,,,,,,0,0,0,0,0,0
18,0,37,31.24,69.27,26.9,Wheat,Sandy,14-35-14,,,,,,0,0,0,0,1,0
8,0,43,31.43,54.36,22.99,Sugarcane,Loamy,DAP,,,,,,0,0,0,0,1,0
26,4,21,33.99,62.76,44.95,Ground Nuts,Sandy,DAP,,,,,,0,0,0,0,0,0
40,4,3,27.42,45.99,47.82,Barley,Black,DAP,,,,,,0,0,0,0,0,0
25,0,20,34.06,63.07,24.49,Wheat,Clayey,Urea,,,,,,0,0,0,0,1,0
9,0,38,32.51,61.04,31.07,Sugarcane,Red,Urea,,,,,,0,0,0,0,1,0
35,4,4,27.59,60.38,29.02,Maize,Clayey,17-17-17,,,,,,0,0,0,0,0,0
11,0,39,32.71,79.55,37.63,Paddy,Red,10-26-26,,,,,,0,0,0,0,1,0
36,0,0,29.6,54.82,64.66,Maize,Red,20-20,,,,,,0,0,1,0,1,0
39,0,0,27.94,56.62,29.68,Wheat,Loamy,10-26-26,,,,,,0,0,1,0,1,0
9,4,35,34.57,78.28,41.55,Wheat,Red,17-17-17,,,,,,0,0,0,0,0,0
3,7,33,31.75,60.66,70.0,Barley,Red,14-35-14,,,,,,0,0,0,0,0,0
17,3,22,34.36,60.34,38.08,Wheat,Clayey,20-20,,,,,,0,0,0,0,0,0
6,22,11,25.33,50.43,55.18,Maize,Sandy,14-35-14,,,,,,0,0,0,0,0,0
24,0,23,36.33,57.1,27.1,Paddy,Sandy,20-20,,,,,,0,0,0,0,1,0
10,1,38,28.09,63.65,22.19,Millets,Sandy,28-28,,,,,,0,0,0,0,0,0
9,4,40,27.18,50.81,27.65,Ground Nuts,Sandy,14-35-14,,,,,,0,0,0,0,0,0
19,0,24,26.73,53.73,35.6,Millets,Sandy,28-28,,,,,,0,0,0,0,1,0
8,22,11,22.88,50.27,31.25,Maize,Sandy,14-35-14,,,,,,0,0,0,0,0,0
11,0,37,31.09,64.92,39.02,Wheat,Red,17-17-17,,,,,,0,0,0,0,1,0
31,2,0,27.26,44.35,28.6,Paddy,Black,14-35-14,,,,,,0,0,1,0,0,0
16,0,41,28.54,58.89,24.6,Wheat,Clayey,20-20,,,,,,0,0,0,0,1,0
10,0,13,27.26,47.32,67.89,Maize,Sandy,17-17-17,,,,,,0,0,0,0,1,0
8,5,28,25.84,53.73,49.86,Millets,Loamy,28-28,,,,,,0,0,0,0,0,0
6,10,25,31.67,70.69,60.18,Ground Nuts,Red,10-26-26,,,,,,0,0,0,0,0,0
16,1,28,33.9,63.27,38.72,Paddy,Red,14-35-14,,,,,,0,0,0,0,0,0
16,0,38,29.95,49.83,44.85,Barley,Red,Urea,,,,,,0,0,0,0,1,0
7,4,10,27.49,67.39,29.17,Maize,Loamy,28-28,,,,,,0,0,0,0,0,0
3,18,21,28.11,66.77,34.26,Wheat,Red,DAP,,,,,,0,0,0,0,0,0
6,2,31,33.09,48.02,24.74,Wheat,Clayey,DAP,,,,,,0,0,0,0,0,0
4,11,29,37.89,65.59,59.98,Maize,Black,Urea,,,,,,0,0,0,0,0,0
7,18,15,36.36,71.72,62.3,Millets,Red,DAP,,,,,,0,0,0,0,0,0
19,0,16,33.84,54.6,41.99,Sugarcane,Red,DAP,,,,,,0,0,0,0,1,0
16,0,33,32.31,67.96,62.73,Barley,Clayey,10-26-26,,,,,,0,0,0,0,1,0
23,0,28,28.55,50.4,41.51,Millets,Sandy,28-28,,,,,,0,0,0,0,1,0
35,2,2,24.0,59.32,44.9,Wheat,Red,20-20,,,,,,0,0,0,0,0,0
1,15,18,31.22,58.05,35.74,Ground Nuts,Black,10-26-26,,,,,,0,0,0,0,0,0
10,3,36,26.2,52.3,56.27,Paddy,Clayey,14-35-14,,,,,,0,0,0,0,0,0
16,4,6,30.75,53.95,62.15,Wheat,Loamy,10-26-26,,,,,,0,0,0,0,0,0
33,3,0,29.58,59.37,36.3,Barley,Loamy,10-26-26,,,,,,0,0,1,0,0,0
40,0,2,28.73,62.78,46.34,Millets,Red,14-35-14,,,,,,0,0,0,0,1,0
25,0,23,25.55,50.51,49.12,Sugarcane,Clayey,DAP,,,,,,0,0,0,0,1,0
41,4,4,38.74,67.83,43.16,Ground Nuts,Loamy,DAP,,,,,,0,0,0,0,0,0
35,0,0,30.04,56.4,48.79,Maize,Sandy,10-26-26,,,,,,0,0,1,0,1,0
20,4,20,21.85,49.88,44.21,Barley,Clayey,10-26-26,,,,,,0,0,0,0,0,0
36,0,3,31.7,58.19,66.88,Wheat,Loamy,28-28,,,,,,0,0,0,0,1,0
42,1,0,34.98,65.83,33.5,Maize,Red,17-17-17,,,,,,0,0,1,0,0,0
4,14,26,25.77,68.16,56.63,Ground Nuts,Black,28-28,,,,,,0,0,0,0,0,0
35,0,2,29.66,71.24,50.78,Paddy,Clayey,DAP,,,,,,0,0,0,0,1,0
12,0,15,25.23,44.95,23.32,Maize,Sandy,28-28,,,,,,0,0,0,0,1,0
36,4,0,24.2,46.04,70.0,Millets,Clayey,DAP,,,,,,0,0,1,0,0,0
10,0,11,31.69,53.43,54.42,Maize,Red,17-17-17,,,,,,0,0,0,0,1,0
23,0,19,30.0,47.92,45.35,Paddy,Clayey,14-35-14,,,,,,0,0,0,0,1,0
7,4,18,26.2,68.6,43.15,Wheat,Loamy,28-28,,,,,,0,0,0,0,0,0
8,9,28,37.6,72.26,46.43,Paddy,Red,DAP,,,,,,0,0,0,0,0,0
13,3,40,34.81,63.81,20.0,Sugarcane,Clayey,28-28,,,,,,0,0,0,0,0,0
4,7,27,33.48,65.81,38.6,Maize,Black,20-20,,,,,,0,0,0,0,0,0
11,6,30,39.16,72.53,36.73,Maize,Loamy,17-17-17,,,,,,0,0,0,0,0,0
37,0,0,28.12,58.63,70.0,Maize,Clayey,Urea,,,,,,0,0,1,0,1,0
30,4,0,30.09,68.74,68.71,Paddy,Red,DAP,,,,,,0,0,1,0,0,0
10,13,20,26.29,59.73,44.01,Maize,Black,DAP,,,,,,0,0,0,0,0,0
12,0,39,39.26,53.38,45.18,Millets,Black,20-20,,,,,,0,0,0,0,1,0
18,0,14,28.85,58.66,43.76,Barley,Loamy,28-28,,,,,,0,0,0,0,1,0
38,4,4,40.0,75.29,59.96,Maize,Sandy,10-26-26,,,,,,0,0,0,0,0,0
9,0,11,28.05,62.05,36.35,Paddy,Red,DAP,,,,,,0,0,0,0,1,0
18,0,39,28.86,54.81,57.96,Millets,Loamy,17-17-17,,,,,,0,0,0,0,1,0
45,0,0,26.24,44.87,25.31,Millets,Loamy,DAP,,,,,,0,0,1,0,1,0
19,0,19,28.62,54.16,37.37,Sugarcane,Red,17-17-17,,,,,,0,0,0,0,1,0
21,3,28,32.79,70.93,38.13,Barley,Black,DAP,,,,,,0,0,0,0,0,0
27,1,25,27.54,62.3,34.0,Sugarcane,Black,10-26-26,,,,,,0,0,0,0,0,0
17,0,43,24.13,62.11,20.0,Sugarcane,Loamy,DAP,,,,,,0,0,0,0,1,0
11,13,34,31.69,58.0,68.66,Sugarcane,Red,17-17-17,,,,,,0,0,0,0,0,0
5,16,23,25.37,57.8,41.73,Millets,Black,Urea,,,,,,0,0,0,0,0,0
12,11,15,30.14,53.06,60.78,Millets,Black,10-26-26,,,,,,0,0,0,0,0,0
31,0,0,25.73,62.59,36.32,Sugarcane,Sandy,Urea,,,,,,0,0,1,0,1,0
9,8,19,25.55,48.32,39.01,Sugarcane,Loamy,10-26-26,,,,,,0,0,0,0,0,0
16,0,17,28.35,41.51,29.49,Barley,Red,DAP,,,,,,0,0,0,0,1,0
10,0,31,33.68,67.87,35.69,Paddy,Clayey,Urea,,,,,,0,0,0,0,1,0
12,0,9,34.91,63.17,38.77,Sugarcane,Black,14-35-14,,,,,,0,0,0,0,1,0
15,0,15,35.76,60.56,36.72,Ground Nuts,Black,14-35-14,,,,,,0,0,0,0,1,0
5,14,19,27.37,49.31,43.7,Paddy,Black,14-35-14,,,,,,0,0,0,0,0,0
37,0,0,33.5,63.58,29.96,Paddy,Clayey,20-20,,,,,,0,0,1,0,1,0
40,1,0,31.17,48.39,33.21,Barley,Sandy,14-35-14,,,,,,0,0,1,0,0,0
16,0,39,35.06,67.4,28.28,Ground Nuts,Loamy,DAP,,,,,,0,0,0,0,1,0
12,11,30,35.37,71.39,35.62,Paddy,Clayey,20-20,,,,,,0,0,0,0,0,0
7,11,31,29.85,60.51,70.0,Wheat,Black,DAP,,,,,,0,0,0,0,0,0
39,0,0,30.02,66.59,44.84,Maize,Loamy,14-35-14,,,,,,0,0,1,0,1,0
36,0,2,31.8,46.25,33.35,Millets,Red,20-20,,,,,,0,0,0,0,1,0
21,0,19,21.98,50.4,45.37,Ground Nuts,Loamy,10-26-26,,,,,,0,0,0,0,1,0
11,14,11,30.31,54.48,25.49,Barley,Loamy,28-28,,,,,,0,0,0,0,0,0
43,0,0,29.56,45.48,37.32,Ground Nuts,Sandy,DAP,,,,,,0,0,1,0,1,0
17,4,32,25.76,66.16,25.05,Paddy,Black,20-20,,,,,,0,0,0,0,0,0
12,14,17,24.62,60.53,49.03,Wheat,Clayey,20-20,,,,,,0,0,0,0,0,0
11,11,33,26.11,62.81,52.46,Maize,Black,20-20,,,,,,0,0,0,0,0,0
37,0,0,31.74,56.28,31.1,Sugarcane,Red,14-35-14,,,,,,0,0,1,0,1,0
8,0,36,26.51,50.69,57.11,Sugarcane,Sandy,DAP,,,,,,0,0,0,0,1,0
8,3,10,27.64,45.49,55.3,Ground Nuts,Sandy,Urea,,,,,,0,0,0,0,0,0
10,20,15,23.87,47.11,30.61,Barley,Red,17-17-17,,,,,,0,0,0,0,0,0
7,0,14,23.66,40.83,70.0,Millets,Clayey,17-17-17,,,,,,0,0,0,0,1,0
19,0,25,33.76,58.07,50.17,Paddy,Sandy,10-26-26,,,,,,0,0,0,0,1,0
5,4,31,31.68,68.95,50.54,Maize,Red,14-35-14,,,,,,0,0,0,0,0,0
6,9,22,31.1,63.92,36.28,Sugarcane,Clayey,Urea,,,,,,0,0,0,0,0,0
18,4,21,24.74,47.58,54.2,Millets,Black,14-35-14,,,,,,0,0,0,0,0,0
19,0,43,35.22,60.12,46.49,Barley,Sandy,28-28,,,,,,0,0,0,0,1,0
13,2,36,35.93,65.09,36.26,Sugarcane,Red,14-35-14,,,,,,0,0,0,0,0,0
43,0,0,29.69,56.63,36.01,Sugarcane,Sandy,28-28,,,,,,0,0,1,0,1,0
14,13,14,30.73,63.13,53.36,Sugarcane,Clayey,14-35-14,,,,,,0,0,0,0,0,0
11,4,35,34.58,63.02,35.88,Wheat,Clayey,17-17-17,,,,,,0,0,0,0,0,0
33,0,0,32.91,71.31,38.32,Barley,Black,14-35-14,,,,,,0,0,1,0,1,0
17,0,39,25.82,56.17,23.88,Ground Nuts,Red,10-26-26,,,,,,0,0,0,0,1,0
23,0,25,30.59,60.6,24.53,Maize,Black,Urea,,,,,,0,0,0,0,1,0
21,2,24,27.23,66.1,32.32,Millets,Black,Urea,,,,,,0,0,0,0,0,0
37,0,0,25.95,57.37,31.82,Maize,Clayey,14-35-14,,,,,,0,0,1,0,1,0
26,0,21,32.7,69.18,36.19,Sugarcane,Black,28-28,,,,,,0,0,0,0,1,0
22,0,24,28.9,48.22,39.67,Barley,Clayey,17-17-17,,,,,,0,0,0,0,1,0
40,0,1,35.66,61.27,31.86,Barley,Loamy,10-26-26,,,,,,0,0,0,0,1,0
10,3,42,33.06,62.0,55.12,Ground Nuts,Loamy,20-20,,,,,,0,0,0,0,0,0
7,19,19,31.14,77.02,43.96,Wheat,Loamy,17-17-17,,,,,,0,0,0,0,0,0
8,22,23,34.57,63.31,53.18,Millets,Red,17-17-17,,,,,,0,0,0,0,0,0
16,4,14,27.6,48.28,62.38,Ground Nuts,Loamy,10-26-26,,,,,,0,0,0,0,0,0
7,12,29,24.17,52.54,33.16,Wheat,Clayey,10-26-26,,,,,,0,0,0,0,0,0
14,0,12,28.28,46.26,50.83,Paddy,Black,Urea,,,,,,0,0,0,0,1,0
38,0,0,24.12,45.11,46.29,Barley,Red,20-20,,,,,,0,0,1,0,1,0
16,0,13,36.9,71.22,41.65,Paddy,Loamy,Urea,,,,,,0,0,0,0,1,0
13,0,40,29.28,63.52,20.0,Wheat,Sandy,20-20,,,,,,0,0,0,0,1,0
9,0,31,24.87,54.64,70.0,Wheat,Clayey,DAP,,,,,,0,0,0,0,1,0
6,10,26,31.79,50.54,69.15,Paddy,Sandy,Urea,,,,,,0,0,0,0,0,0
34,0,0,24.1,56.35,69.1,Wheat,Red,28-28,,,,,,0,0,1,0,1,0
26,0,24,34.29,70.43,40.37,Millets,Sandy,14-35-14,,,,,,0,0,0,0,1,0
9,0,45,34.53,60.32,35.86,Wheat,Red,28-28,,,,,,0,0,0,0,1,0
20,4,18,29.51,53.95,38.65,Maize,Loamy,Urea,,,,,,0,0,0,0,0,0
10,6,32,24.11,60.41,41.46,Barley,Loamy,Urea,,,,,,0,0,0,0,0,0
7,22,10,24.44,60.46,56.1,Wheat,Loamy,14-35-14,,,,,,0,0,0,0,0,0
9,13,33,29.34,45.2,20.0,Ground Nuts,Clayey,10-26-26,,,,,,0,0,0,0,0,0
14,4,34,31.05,53.19,63.73,Ground Nuts,Black,14-35-14,,,,,,0,0,0,0,0,0
43,0,0,23.13,55.8,33.99,Sugarcane,Loamy,20-20,,,,,,0,0,1,0,1,0
11,10,15,30.74,66.87,53.32,Wheat,Sandy,28-28,,,,,,0,0,0,0,0,0
10,0,11,23.04,47.21,40.69,Barley,Red,Urea,,,,,,0,0,0,0,1,0
12,12,30,27.52,61.83,53.46,Paddy,Red,17-17-17,,,,,,0,0,0,0,0,0
14,4,34,24.65,52.32,60.58,Paddy,Red,17-17-17,,,,,,0,0,0,0,0,0
14,0,6,29.71,47.01,64.16,Ground Nuts,Loamy,28-28,,,,,,0,0,0,0,1,0
19,0,21,23.74,54.65,41.61,Sugarcane,Red,17-17-17,,,,,,0,0,0,0,1,0
11,3,9,32.75,65.56,34.53,Sugarcane,Red,10-26-26,,,,,,0,0,0,0,0,0
11,13,34,30.4,61.28,25.58,Paddy,Sandy,20-20,,,,,,0,0,0,0,0,0
8,6,32,37.09,60.97,41.55,Ground Nuts,Sandy,20-20,,,,,,0,0,0,0,0,0
41,2,0,27.41,53.99,29.32,Paddy,Sandy,17-17-17,,,,,,0,0,1,0,0,0
35,0,3,21.99,47.5,60.36,Wheat,Black,DAP,,,,,,0,0,0,0,1,0
40,0,4,31.21,64.21,39.12,Paddy,Red,10-26-26,,,,,,0,0,0,0,1,0
20,4,18,36.34,65.98,39.34,Ground Nuts,Black,17-17-17,,,,,,0,0,0,0,0,0
43,0,3,27.51,53.02,38.86,Wheat,Black,10-26-26,,,,,,0,0,0,0,1,0
42,4,0,36.5,66.66,48.43,Paddy,Red,10-26-26,,,,,,0,0,1,0,0,0
18,0,18,22.66,52.77,39.99,Wheat,Sandy,Urea,,,,,,0,0,0,0,1,0
9,5,30,34.78,71.14,47.75,Millets,Loamy,20-20,,,,,,0,0,0,0,0,0
5,8,31,28.78,45.77,50.49,Ground Nuts,Loamy,17-17-17,,,,,,0,0,0,0,0,0
18,0,42,37.26,69.8,44.45,Sugarcane,Red,10-26-26,,,,,,0,0,0,0,1,0
17,0,15,31.02,71.81,28.02,Millets,Red,10-26-26,,,,,,0,0,0,0,1,0
12,0,38,36.85,64.33,49.71,Maize,Red,DAP,,,,,,0,0,0,0,1,0
8,8,27,27.4,63.02,52.99,Sugarcane,Black,10-26-26,,,,,,0,0,0,0,0,0
24,0,21,33.68,57.45,56.5,Ground Nuts,Red,20-20,,,,,,0,0,0,0,1,0
25,0,21,33.12,60.82,39.61,Ground Nuts,Sandy,Urea,,,,,,0,0,0,0,1,0
41,4,2,27.99,45.61,37.12,Maize,Red,28-28,,,,,,0,0,0,0,0,0
16,0,38,23.59,61.65,24.77,Paddy,Red,17-17-17,,,,,,0,0,0,0,1,0
11,0,41,31.36,53.84,27.06,Ground Nuts,Red,28-28,,,,,,0,0,0,0,1,0
12,0,36,40.0,63.61,36.05,Wheat,Sandy,28-28,,,,,,0,0,0,0,1,0
13,3,43,38.04,56.36,50.4,Wheat,Loamy,DAP,,,,,,0,0,0,0,0,0
11,1,14,30.09,63.52,37.48,Paddy,Black,20-20,,,,,,0,0,0,0,0,0
22,0,19,21.12,49.29,25.08,Millets,Loamy,28-28,,,,,,0,0,0,0,1,0
6,4,18,29.06,63.72,47.54,Ground Nuts,Loamy,DAP,,,,,,0,0,0,0,0,0
9,11,30,25.38,51.53,63.5,Ground Nuts,Sandy,10-26-26,,,,,,0,0,0,0,0,0
14,9,11,24.56,57.17,20.0,Maize,Black,10-26-26,,,,,,0,0,0,0,0,0
24,1,20,30.94,49.64,52.81,Wheat,Black,17-17-17,,,,,,0,0,0,0,0,0
10,13,12,21.84,58.1,32.37,Wheat,Loamy,28-28,,,,,,0,0,0,0,0,0
10,0,36,31.2,65.53,61.24,Ground Nuts,Loamy,10-26-26,,,,,,0,0,0,0,1,0
39,3,3,27.77,60.44,28.67,Maize,Sandy,10-26-26,,,,,,0,0,0,0,0,0
34,0,0,28.58,59.41,34.2,Sugarcane,Black,28-28,,,,,,0,0,1,0,1,0
45,0,2,23.87,62.47,29.22,Sugarcane,Loamy,Urea,,,,,,0,0,0,0,1,0
35,0,1,28.72,42.07,47.05,Maize,Sandy,20-20,,,,,,0,0,0,0,1,0
5,17,21,27.77,59.49,32.14,Wheat,Clayey,20-20,,,,,,0,0,0,0,0,0
8,0,16,31.06,67.37,38.26,Millets,Loamy,14-35-14,,,,,,0,0,0,0,1,0
9,19,19,31.94,59.91,47.92,Sugarcane,Black,20-20,,,,,,0,0,0,0,0,0
20,4,29,35.86,55.82,52.48,Wheat,Red,17-17-17,,,,,,0,0,0,0,0,0
19,0,34,27.17,66.27,40.8,Maize,Sandy,DAP,,,,,,0,0,0,0,1,0
37,0,4,32.45,57.72,20.29,Paddy,Clayey,Urea,,,,,,0,0,0,0,1,0
40,0,3,30.79,55.86,51.44,Maize,Clayey,17-17-17,,,,,,0,0,0,0,1,0
42,4,1,32.83,55.5,42.51,Wheat,Black,14-35-14,,,,,,0,0,0,0,0,0
23,0,18,35.2,70.49,38.88,Wheat,Black,Urea,,,,,,0,0,0,0,1,0
37,0,0,30.64,51.42,38.91,Sugarcane,Black,10-26-26,,,,,,0,0,1,0,1,0
24,0,20,27.83,53.52,35.02,Wheat,Clayey,Urea,,,,,,0,0,0,0,1,0
8,14,16,34.85,58.22,40.91,Ground Nuts,Clayey,28-28,,,,,,0,0,0,0,0,0
15,11,15,27.3,49.21,20.19,Paddy,Red,20-20,,,,,,0,0,0,0,0,0
23,4,25,33.34,69.09,26.48,Sugarcane,Black,28-28,,,,,,0,0,0,0,0,0
43,2,2,35.9,54.1,36.4,Wheat,Black,Urea,,,,,,0,0,0,0,0,0
7,0,11,21.64,49.34,59.85,Ground Nuts,Sandy,Urea,,,,,,0,0,0,0,1,0
13,1,33,33.09,55.04,57.68,Wheat,Red,DAP,,,,,,0,0,0,0,0,0
17,3,42,27.43,53.4,34.5,Ground Nuts,Red,28-28,,,,,,0,0,0,0,0,0
11,0,39,25.14,52.47,52.19,Paddy,Sandy,14-35-14,,,,,,0,0,0,0,1,0
33,0,1,23.14,56.97,42.97,Paddy,Black,Urea,,,,,,0,0,0,0,1,0
10,15,16,24.44,51.85,42.54,Wheat,Black,17-17-17,,,,,,0,0,0,0,0,0
2,5,34,30.4,59.17,62.79,Ground Nuts,Red,DAP,,,,,,0,0,0,0,0,0
43,0,0,31.12,77.29,39.51,Paddy,Clayey,10-26-26,,,,,,0,0,1,0,1,0
3,7,32,30.64,63.54,56.5,Maize,Red,28-28,,,,,,0,0,0,0,0,0
37,0,2,30.29,72.81,52.72,Ground Nuts,Black,Urea,,,,,,0,0,0,0,1,0
6,14,25,30.73,69.57,52.05,Ground Nuts,Black,10-26-26,,,,,,0,0,0,0,0,0
36,0,0,36.18,60.7,35.67,Wheat,Loamy,10-26-26,,,,,,0,0,1,0,1,0
12,7,29,31.6,67.29,67.06,Maize,Clayey,DAP,,,,,,0,0,0,0,0,0
14,2,32,33.49,67.08,35.44,Sugarcane,Sandy,28-28,,,,,,0,0,0,0,0,0
11,3,39,39.7,66.38,45.01,Ground Nuts,Clayey,20-20,,,,,,0,0,0,0,0,0
38,0,0,31.62,57.89,39.02,Barley,Clayey,20-20,,,,,,0,0,1,0,1,0
16,11,11,28.66,59.28,48.06,Maize,Loamy,DAP,,,,,,0,0,0,0,0,0
34,0,2,37.76,71.09,43.07,Ground Nuts,Red,DAP,,,,,,0,0,0,0,1,0
42,0,0,24.25,54.71,65.01,Sugarcane,Red,14-35-14,,,,,,0,0,1,0,1,0
6,15,19,27.1,62.84,62.37,Maize,Black,DAP,,,,,,0,0,0,0,0,0
8,7,30,28.94,57.14,30.57,Barley,Black,Urea,,,,,,0,0,0,0,0,0
5,12,9,31.81,70.43,57.66,Sugarcane,Loamy,DAP,,,,,,0,0,0,0,0,0
13,2,37,28.93,58.65,20.0,Sugarcane,Loamy,20-20,,,,,,0,0,0,0,0,0
12,16,15,20.41,46.34,20.0,Paddy,Loamy,20-20,,,,,,0,0,0,0,0,0
24,0,18,26.18,52.68,52.49,Maize,Clayey,10-26-26,,,,,,0,0,0,0,1,0
20,1,31,31.43,58.06,40.83,Maize,Sandy,Urea,,,,,,0,0,0,0,0,0
18,3,24,27.76,70.78,43.94,Wheat,Loamy,Urea,,,,,,0,0,0,0,0,0
34,0,4,30.69,63.98,42.43,Sugarcane,Sandy,20-20,,,,,,0,0,0,0,1,0
14,0,40,30.14,64.68,59.96,Sugarcane,Sandy,DAP,,,,,,0,0,0,0,1,0
33,3,0,22.78,51.18,70.0,Ground Nuts,Black,Urea,,,,,,0,0,1,0,0,0
14,0,35,28.43,54.4,36.47,Wheat,Sandy,14-35-14,,,,,,0,0,0,0,1,0
18,0,22,32.73,60.24,44.34,Wheat,Loamy,Urea,,,,,,0,0,0,0,1,0
14,4,34,35.64,65.52,26.3,Sugarcane,Loamy,20-20,,,,,,0,0,0,0,0,0
6,1,14,36.01,73.09,57.84,Millets,Clayey,20-20,,,,,,0,0,0,0,0,0
15,3,38,25.96,58.08,31.11,Sugarcane,Red,DAP,,,,,,0,0,0,0,0,0
9,0,6,25.75,44.84,61.62,Maize,Black,10-26-26,,,,,,0,0,0,0,1,0
13,5,24,30.71,62.97,46.49,Paddy,Loamy,20-20,,,,,,0,0,0,0,0,0
4,9,28,30.3,65.41,62.34,Millets,Loamy,DAP,,,,,,0,0,0,0,0,0
34,1,0,30.6,53.91,34.29,Millets,Sandy,Urea,,,,,,0,0,1,0,0,0
6,0,14,24.76,66.01,33.21,Paddy,Loamy,10-26-26,,,,,,0,0,0,0,1,0
16,0,6,33.83,53.28,46.07,Sugarcane,Loamy,DAP,,,,,,0,0,0,0,1,0
8,5,31,32.95,47.94,29.06,Maize,Red,28-28,,,,,,0,0,0,0,0,0
38,0,4,29.43,72.23,62.55,Sugarcane,Sandy,DAP,,,,,,0,0,0,0,1,0
12,8,14,24.91,47.76,39.44,Ground Nuts,Loamy,Urea,,,,,,0,0,0,0,0,0
40,0,0,35.11,64.06,54.89,Wheat,Clayey,10-26-26,,,,,,0,0,1,0,1,0
31,0,2,26.55,45.87,28.29,Sugarcane,Loamy,14-35-14,,,,,,0,0,0,0,1,0
41,4,1,33.86,58.35,43.35,Sugarcane,Sandy,Urea,,,,,,0,0,0,0,0,0
41,0,2,31.8,58.18,56.23,Maize,Red,10-26-26,,,,,,0,0,0,0,1,0
31,0,0,32.57,74.55,66.3,Millets,Loamy,DAP,,,,,,0,0,1,0,1,0
7,0,17,30.45,58.6,50.65,Barley,Sandy,14-35-14,,,,,,0,0,0,0,1,0
13,13,13,38.32,66.46,54.06,Barley,Clayey,17-17-17,,,,,,0,0,0,0,0,0
14,0,41,27.94,53.62,29.48,Wheat,Loamy,17-17-17,,,,,,0,0,0,0,1,0
33,3,0,27.79,67.17,27.0,Ground Nuts,Sandy,17-17-17,,,,,,0,0,1,0,0,0
11,6,9,26.1,59.75,42.28,Paddy,Clayey,14-35-14,,,,,,0,0,0,0,0,0
10,6,29,31.46,61.7,26.0,Ground Nuts,Black,DAP,,,,,,0,0,0,0,0,0
7,0,33,29.15,45.48,44.29,Wheat,Clayey,17-17-17,,,,,,0,0,0,0,1,0
20,4,15,31.89,58.53,38.83,Paddy,Loamy,DAP,,,,,,0,0,0,0,0,0
11,10,28,26.62,60.59,21.88,Barley,Sandy,10-26-26,,,,,,0,0,0,0,0,0
34,0,0,33.07,75.97,55.05,Ground Nuts,Black,17-17-17,,,,,,0,0,1,0,1,0
42,0,4,37.36,62.5,53.31,Wheat,Sandy,20-20,,,,,,0,0,0,0,1,0
10,6,10,21.51,50.09,32.94,Maize,Red,17-17-17,,,,,,0,0,0,0,0,0
5,0,13,33.64,72.94,60.39,Ground Nuts,Sandy,10-26-26,,,,,,0,0,0,0,1,0
31,4,1,29.71,61.87,54.45,Sugarcane,Sandy,17-17-17,,,,,,0,0,0,0,0,0
10,13,11,21.84,58.79,53.97,Maize,Loamy,14-35-14,,,,,,0,0,0,0,0,0
36,0,0,24.82,48.36,32.63,Paddy,Red,Urea,,,,,,0,0,1,0,1,0
26,0,14,23.69,51.88,45.1,Ground Nuts,Loamy,14-35-14,,,,,,0,0,0,0,1,0
26,0,16,29.45,57.06,52.39,Paddy,Sandy,14-35-14,,,,,,0,0,0,0,1,0
8,0,36,36.82,59.9,37.21,Paddy,Black,17-17-17,,,,,,0,0,0,0,1,0
5,0,10,24.72,53.8,54.35,Ground Nuts,Red,10-26-26,,,,,,0,0,0,0,1,0
9,18,8,32.9,59.42,57.62,Millets,Black,10-26-26,,,,,,0,0,0,0,0,0
11,4,37,28.19,64.77,65.2,Millets,Sandy,Urea,,,,,,0,0,0,0,0,0
11,6,31,26.97,65.25,21.35,Sugarcane,Red,DAP,,,,,,0,0,0,0,0,0
21,0,19,33.2,73.6,53.85,Sugarcane,Sandy,20-20,,,,,,0,0,0,0,1,0
13,0,36,34.76,73.32,59.45,Barley,Black,10-26-26,,,,,,0,0,0,0,1,0
12,0,41,35.09,61.52,60.88,Paddy,Black,14-35-14,,,,,,0,0,0,0,1,0
9,12,26,33.24,58.1,55.98,Barley,Sandy,Urea,,,,,,0,0,0,0,0,0
17,2,37,27.77,54.87,39.6,Ground Nuts,Loamy,14-35-14,,,,,,0,0,0,0,0,0
39,0,1,36.98,63.67,54.3,Millets,Red,10-26-26,,,,,,0,0,0,0,1,0
11,13,31,24.26,49.84,30.21,Barley,Sandy,20-20,,,,,,0,0,0,0,0,0
36,0,2,37.53,70.73,37.05,Sugarcane,Loamy,Urea,,,,,,0,0,0,0,1,0
8,17,15,27.18,65.88,42.06,Wheat,Clayey,14-35-14,,,,,,0,0,0,0,0,0
12,8,26,27.6,58.3,56.77,Ground Nuts,Loamy,10-26-26,,,,,,0,0,0,0,0,0
13,0,38,34.44,71.0,29.79,Sugarcane,Loamy,28-28,,,,,,0,0,0,0,1,0
33,2,0,35.13,56.04,35.97,Paddy,Sandy,10-26-26,,,,,,0,0,1,0,0,0
22,0,22,26.62,54.93,36.24,Sugarcane,Loamy,28-28,,,,,,0,0,0,0,1,0
7,4,39,35.15,68.47,44.92,Wheat,Clayey,20-20,,,,,,0,0,0,0,0,0
13,1,6,22.57,49.51,27.81,Ground Nuts,Loamy,20-20,,,,,,0,0,0,0,0,0
37,1,0,25.17,46.44,37.04,Barley,Black,10-26-26,,,,,,0,0,1,0,0,0
40,3,1,32.35,71.84,33.21,Millets,Clayey,DAP,,,,,,0,0,0,0,0,0
25,3,27,27.51,71.11,49.17,Paddy,Loamy,20-20,,,,,,0,0,0,0,0,0
20,4,24,23.8,61.91,42.75,Ground Nuts,Loamy,Urea,,,,,,0,0,0,0,0,0
39,0,0,32.18,68.06,59.24,Wheat,Clayey,DAP,,,,,,0,0,1,0,1,0
12,12,19,30.31,61.48,37.51,Maize,Black,17-17-17,,,,,,0,0,0,0,0,0
16,3,42,39.45,64.39,43.62,Sugarcane,Clayey,14-35-14,,,,,,0,0,0,0,0,0
39,0,0,27.51,65.29,33.53,Millets,Red,17-17-17,,,,,,0,0,1,0,1,0
18,0,18,26.15,52.69,49.11,Ground Nuts,Sandy,14-35-14,,,,,,0,0,0,0,1,0
13,10,33,29.88,54.42,65.71,Ground Nuts,Clayey,14-35-14,,,,,,0,0,0,0,0,0
35,0,0,30.23,73.9,61.14,Ground Nuts,Red,14-35-14,,,,,,0,0,1,0,1,0
15,0,13,26.15,51.15,60.56,Sugarcane,Sandy,Urea,,,,,,0,0,0,0,1,0
11,0,10,34.32,72.1,42.27,Ground Nuts,Sandy,14-35-14,,,,,,0,0,0,0,1,0
9,10,27,32.34,67.4,31.24,Wheat,Red,Urea,,,,,,0,0,0,0,0,0
8,3,33,29.27,48.14,55.71,Paddy,Black,17-17-17,,,,,,0,0,0,0,0,0
8,0,36,32.73,73.02,33.9,Paddy,Black,14-35-14,,,,,,0,0,0,0,1,0
39,0,0,31.05,58.8,59.36,Ground Nuts,Loamy,14-35-14,,,,,,0,0,1,0,1,0
9,5,30,31.7,51.03,48.18,Paddy,Loamy,28-28,,,,,,0,0,0,0,0,0
25,2,20,34.05,74.82,66.24,Ground Nuts,Red,28-28,,,,,,0,0,0,0,0,0
5,7,31,30.87,55.7,69.78,Millets,Loamy,20-20,,,,,,0,0,0,0,0,0
8,12,33,29.63,55.16,68.27,Paddy,Loamy,28-28,,,,,,0,0,0,0,0,0
34,0,2,31.51,64.47,59.18,Barley,Sandy,17-17-17,,,,,,0,0,0,0,1,0
11,0,7,30.64,62.44,50.79,Millets,Red,DAP,,,,,,0,0,0,0,1,0
36,0,2,26.9,60.69,37.88,Millets,Red,Urea,,,,,,0,0,0,0,1,0
41,3,0,38.72,73.5,49.78,Barley,Loamy,10-26-26,,,,,,0,0,1,0,0,0
35,0,0,30.44,62.02,31.71,Millets,Clayey,Urea,,,,,,0,0,1,0,1,0
9,0,10,34.0,62.86,45.13,Sugarcane,Clayey,DAP,,,,,,0,0,0,0,1,0
18,0,23,30.48,58.07,30.84,Paddy,Sandy,DAP,,,,,,0,0,0,0,1,0
33,2,3,25.71,51.45,32.95,Maize,Red,14-35-14,,,,,,0,0,0,0,0,0
13,9,25,32.03,62.83,20.0,Paddy,Black,14-35-14,,,,,,0,0,0,0,0,0
36,0,1,26.74,63.11,41.43,Maize,Sandy,10-26-26,,,,,,0,0,0,0,1,0
23,2,19,35.78,52.73,32.13,Sugarcane,Sandy,10-26-26,,,,,,0,0,0,0,0,0
38,0,2,24.42,56.1,47.1,Wheat,Red,DAP,,,,,,0,0,0,0,1,0
19,12,15,28.15,40.67,31.16,Ground Nuts,Clayey,Urea,,,,,,0,0,0,0,0,0
14,13,17,24.56,57.15,43.97,Barley,Red,20-20,,,,,,0,0,0,0,0,0
9,12,31,31.1,61.27,51.17,Millets,Sandy,17-17-17,,,,,,0,0,0,0,0,0
8,21,14,25.05,55.58,39.01,Paddy,Black,10-26-26,,,,,,0,0,0,0,0,0
36,0,0,31.87,45.49,37.69,Millets,Loamy,20-20,,,,,,0,0,1,0,1,0
39,3,0,35.08,66.89,59.2,Maize,Loamy,DAP,,,,,,0,0,1,0,0,0
25,3,21,28.01,69.78,32.44,Barley,Clayey,20-20,,,,,,0,0,0,0,0,0
22,4,28,33.92,59.98,42.08,Ground Nuts,Red,20-20,,,,,,0,0,0,0,0,0
10,8,11,29.37,58.84,44.67,Millets,Black,28-28,,,,,,0,0,0,0,0,0
41,0,0,33.85,69.07,48.24,Barley,Sandy,14-35-14,,,,,,0,0,1,0,1,0
16,0,43,36.97,75.86,59.72,Maize,Loamy,10-26-26,,,,,,0,0,0,0,1,0
19,0,37,31.11,62.66,29.66,Paddy,Clayey,28-28,,,,,,0,0,0,0,1,0
13,3,39,40.0,65.82,37.56,Barley,Clayey,14-35-14,,,,,,0,0,0,0,0,0
38,3,0,35.06,74.46,31.5,Millets,Black,10-26-26,,,,,,0,0,1,0,0,0
8,17,18,32.29,63.71,48.26,Sugarcane,Loamy,20-20,,,,,,0,0,0,0,0,0
39,0,0,28.08,53.67,37.19,Paddy,Clayey,10-26-26,,,,,,0,0,1,0,1,0
17,0,10,26.48,55.64,33.13,Ground Nuts,Sandy,14-35-14,,,,,,0,0,0,0,1,0
4,19,19,23.4,59.41,54.77,Paddy,Sandy,17-17-17,,,,,,0,0,0,0,0,0
17,0,41,31.32,55.37,58.58,Barley,Loamy,DAP,,,,,,0,0,0,0,1,0
37,0,1,34.21,67.02,41.72,Barley,Sandy,28-28,,,,,,0,0,0,0,1,0
10,11,11,31.33,60.21,59.87,Maize,Clayey,14-35-14,,,,,,0,0,0,0,0,0
32,0,0,28.65,59.53,29.64,Millets,Sandy,14-35-14,,,,,,0,0,1,0,1,0
19,3,22,38.88,70.87,44.32,Ground Nuts,Sandy,14-35-14,,,,,,0,0,0,0,0,0
22,4,16,28.63,44.44,45.65,Wheat,Sandy,10-26-26,,,,,,0,0,0,0,0,0
35,4,0,37.22,66.08,50.07,Paddy,Sandy,DAP,,,,,,0,0,1,0,0,0
10,0,41,33.6,66.97,34.42,Barley,Black,DAP,,,,,,0,0,0,0,1,0
12,8,17,26.63,46.79,30.36,Millets,Red,20-20,,,,,,0,0,0,0,0,0
19,3,18,36.3,68.21,70.0,Barley,Red,17-17-17,,,,,,0,0,0,0,0,0
12,4,17,21.76,55.45,30.34,Ground Nuts,Loamy,14-35-14,,,,,,0,0,0,0,0,0
25,0,24,24.29,50.63,39.13,Wheat,Red,20-20,,,,,,0,0,0,0,1,0
10,4,29,34.32,64.31,36.15,Maize,Clayey,14-35-14,,,,,,0,0,0,0,0,0
33,0,0,32.82,59.79,46.25,Wheat,Red,DAP,,,,,,0,0,1,0,1,0
10,1,37,39.67,70.21,40.71,Maize,Red,DAP,,,,,,0,0,0,0,0,0
10,13,18,22.13,57.13,50.74,Paddy,Clayey,14-35-14,,,,,,0,0,0,0,0,0
16,0,23,29.23,43.46,33.17,Ground Nuts,Loamy,14-35-14,,,,,,0,0,0,0,1,0
12,0,35,30.52,70.95,33.52,Wheat,Loamy,28-28,,,,,,0,0,0,0,1,0
38,0,1,34.1,73.46,37.36,Ground Nuts,Red,20-20,,,,,,0,0,0,0,1,0
6,11,23,39.08,71.98,43.54,Maize,Sandy,20-20,,,,,,0,0,0,0,0,0
7,13,18,29.07,55.27,45.77,Millets,Red,17-17-17,,,,,,0,0,0,0,0,0
22,0,20,34.07,57.14,68.4,Paddy,Red,14-35-14,,,,,,0,0,0,0,1,0
8,15,11,33.45,48.18,38.02,Ground Nuts,Clayey,Urea,,,,,,0,0,0,0,0,0
12,3,33,31.9,69.5,42.17,Millets,Clayey,Urea,,,,,,0,0,0,0,0,0
14,0,11,31.14,60.35,52.46,Sugarcane,Sandy,20-20,,,,,,0,0,0,0,1,0
37,1,2,30.97,54.68,37.37,Paddy,Black,17-17-17,,,,,,0,0,0,0,0,0
14,0,19,24.63,56.02,63.95,Maize,Red,DAP,,,,,,0,0,0,0,1,0
9,4,8,25.98,46.81,32.02,Barley,Loamy,17-17-17,,,,,,0,0,0,0,0,0
14,2,34,32.35,50.94,60.56,Sugarcane,Clayey,Urea,,,,,,0,0,0,0,0,0
17,4,42,38.73,64.24,58.22,Wheat,Loamy,DAP,,,,,,0,0,0,0,0,0
16,0,20,27.48,51.08,47.43,Millets,Sandy,14-35-14,,,,,,0,0,0,0,1,0
5,13,19,29.6,56.7,21.18,Paddy,Loamy,20-20,,,,,,0,0,0,0,0,0
38,0,3,29.49,63.36,44.57,Millets,Red,20-20,,,,,,0,0,0,0,1,0
24,0,26,35.17,70.71,27.27,Maize,Clayey,14-35-14,,,,,,0,0,0,0,1,0
36,1,0,36.98,71.46,50.7,Maize,Sandy,20-20,,,,,,0,0,1,0,0,0
13,0,9,27.65,43.04,45.86,Ground Nuts,Loamy,10-26-26,,,,,,0,0,0,0,1,0
16,3,7,25.68,59.99,51.16,Barley,Sandy,14-35-14,,,,,,0,0,0,0,0,0
17,2,15,38.07,59.39,38.63,Barley,Loamy,Urea,,,,,,0,0,0,0,0,0
2,4,27,29.69,64.81,55.18,Wheat,Red,DAP,,,,,,0,0,0,0,0,0
8,14,22,33.96,69.47,57.06,Wheat,Black,Urea,,,,,,0,0,0,0,0,0
11,3,17,31.14,73.75,31.4,Sugarcane,Clayey,10-26-26,,,,,,0,0,0,0,0,0
11,3,41,36.11,75.99,23.4,Paddy,Black,17-17-17,,,,,,0,0,0,0,0,0
12,2,34,29.89,60.28,35.37,Maize,Black,Urea,,,,,,0,0,0,0,0,0
14,4,38,40.0,71.12,37.22,Ground Nuts,Red,17-17-17,,,,,,0,0,0,0,0,0
23,3,20,28.67,68.13,40.26,Maize,Loamy,28-28,,,,,,0,0,0,0,0,0
36,0,4,21.7,53.27,56.56,Maize,Clayey,10-26-26,,,,,,0,0,0,0,1,0
20,3,25,31.15,58.86,38.45,Wheat,Black,17-17-17,,,,,,0,0,0,0,0,0
23,0,25,25.55,68.17,51.97,Millets,Loamy,17-17-17,,,,,,0,0,0,0,1,0
15,4,14,24.03,58.77,40.78,Millets,Loamy,DAP,,,,,,0,0,0,0,0,0
17,0,36,22.6,44.65,29.06,Barley,Clayey,17-17-17,,,,,,0,0,0,0,1,0
8,0,36,32.81,62.82,28.5,Ground Nuts,Sandy,20-20,,,,,,0,0,0,0,1,0
6,19,15,26.07,44.83,41.52,Paddy,Red,14-35-14,,,,,,0,0,0,0,0,0
44,0,3,23.78,50.25,44.26,Sugarcane,Sandy,20-20,,,,,,0,0,0,0,1,0
14,0,38,24.26,61.26,47.06,Maize,Red,14-35-14,,,,,,0,0,0,0,1,0
38,0,4,35.41,68.17,53.47,Wheat,Sandy,10-26-26,,,,,,0,0,0,0,1,0
39,1,0,24.95,57.77,34.91,Maize,Red,17-17-17,,,,,,0,0,1,0,0,0
10,14,14,26.58,70.19,43.73,Ground Nuts,Sandy,17-17-17,,,,,,0,0,0,0,0,0
16,0,37,24.04,43.72,22.01,Wheat,Black,28-28,,,,,,0,0,0,0,1,0
14,13,13,28.16,47.49,29.78,Maize,Black,28-28,,,,,,0,0,0,0,0,0
3,22,22,37.94,58.24,42.79,Ground Nuts,Loamy,28-28,,,,,,0,0,0,0,0,0
35,3,3,27.33,58.15,22.18,Paddy,Black,20-20,,,,,,0,0,0,0,0,0
35,0,0,31.02,44.25,41.7,Ground Nuts,Sandy,Urea,,,,,,0,0,1,0,1,0
4,18,22,24.63,60.8,31.01,Paddy,Red,10-26-26,,,,,,0,0,0,0,0,0
8,11,31,35.53,75.2,29.57,Maize,Loamy,Urea,,,,,,0,0,0,0,0,0
16,14,15,26.26,67.11,38.22,Wheat,Loamy,20-20,,,,,,0,0,0,0,0,0
33,3,0,23.52,53.51,70.0,Paddy,Sandy,10-26-26,,,,,,0,0,1,0,0,0
10,12,20,24.25,58.48,37.87,Sugarcane,Black,Urea,,,,,,0,0,0,0,0,0
5,17,19,30.53,69.13,35.08,Wheat,Sandy,14-35-14,,,,,,0,0,0,0,0,0
14,1,37,28.54,60.27,31.15,Paddy,Black,Urea,,,,,,0,0,0,0,0,0
41,2,0,23.03,47.87,42.5,Ground Nuts,Loamy,DAP,,,,,,0,0,1,0,0,0
7,3,13,27.38,41.75,70.0,Millets,Sandy,14-35-14,,,,,,0,0,0,0,0,0
10,0,44,32.94,56.15,39.04,Ground Nuts,Clayey,DAP,,,,,,0,0,0,0,1,0
1,22,16,30.95,51.06,49.29,Millets,Red,20-20,,,,,,0,0,0,0,0,0
20,0,22,38.62,70.77,25.82,Barley,Sandy,Urea,,,,,,0,0,0,0,1,0
0,21,15,29.77,66.6,24.94,Ground Nuts,Loamy,DAP,,,,,,1,0,0,0,0,0
14,0,36,38.92,68.71,67.94,Paddy,Red,10-26-26,,,,,,0,0,0,0,1,0
22,3,20,21.59,47.89,48.19,Barley,Clayey,10-26-26,,,,,,0,0,0,0,0,0
7,10,33,30.53,71.63,58.35,Wheat,Clayey,DAP,,,,,,0,0,0,0,0,0
13,0,42,31.03,63.64,58.7,Ground Nuts,Loamy,DAP,,,,,,0,0,0,0,1,0
36,1,0,30.44,44.11,42.92,Millets,Sandy,14-35-14,,,,,,0,0,1,0,0,0
28,0,17,32.97,68.78,70.0,Paddy,Clayey,14-35-14,,,,,,0,0,0,0,1,0
10,2,16,31.04,58.13,57.29,Sugarcane,Clayey,17-17-17,,,,,,0,0,0,0,0,0
24,2,32,31.21,63.59,39.81,Sugarcane,Black,17-17-17,,,,,,0,0,0,0,0,0
14,0,5,28.54,61.73,53.85,Sugarcane,Clayey,10-26-26,,,,,,0,0,0,0,1,0
12,0,30,25.17,52.14,60.08,Millets,Clayey,20-20,,,,,,0,0,0,0,1,0
10,9,25,32.28,59.29,33.73,Wheat,Sandy,14-35-14,,,,,,0,0,0,0,0,0
23,0,20,26.82,47.7,36.38,Millets,Sandy,20-20,,,,,,0,0,0,0,1,0
11,15,11,20.79,58.13,63.78,Ground Nuts,Clayey,28-28,,,,,,0,0,0,0,0,0
39,0,0,23.46,51.39,66.66,Maize,Loamy,28-28,,,,,,0,0,1,0,1,0
3,9,34,32.87,75.67,28.54,Sugarcane,Clayey,Urea,,,,,,0,0,0,0,0,0
7,14,12,25.45,46.24,30.1,Sugarcane,Sandy,10-26-26,,,,,,0,0,0,0,0,0
42,0,0,30.51,52.84,30.95,Barley,Red,10-26-26,,,,,,0,0,1,0,1,0
8,3,5,34.11,55.59,36.69,Ground Nuts,Sandy,14-35-14,,,,,,0,0,0,0,0,0
8,0,43,32.32,62.37,45.01,Barley,Sandy,10-26-26,,,,,,0,0,0,0,1,0
26,0,18,28.02,53.05,28.07,Ground Nuts,Loamy,Urea,,,,,,0,0,0,0,1,0
32,0,0,29.87,54.64,41.07,Ground Nuts,Black,Urea,,,,,,0,0,1,0,1,0
14,2,44,25.04,44.26,24.93,Paddy,Sandy,20-20,,,,,,0,0,0,0,0,0
35,2,0,36.1,73.12,51.29,Barley,Clayey,17-17-17,,,,,,0,0,1,0,0,0
14,4,10,30.18,63.89,56.27,Millets,Clayey,20-20,,,,,,0,0,0,0,0,0
34,0,0,30.75,57.34,38.18,Sugarcane,Black,28-28,,,,,,0,0,1,0,1,0
13,0,44,26.99,58.1,39.21,Maize,Black,17-17-17,,,,,,0,0,0,0,1,0
38,0,2,26.24,42.54,70.0,Sugarcane,Sandy,14-35-14,,,,,,0,0,0,0,1,0
33,3,2,30.16,73.4,62.27,Sugarcane,Clayey,14-35-14,,,,,,0,0,0,0,0,0
41,1,0,34.87,52.87,24.26,Paddy,Red,10-26-26,,,,,,0,0,1,0,0,0
39,0,0,35.94,78.88,56.11,Barley,Loamy,14-35-14,,,,,,0,0,1,0,1,0
42,2,0,28.21,60.33,34.58,Ground Nuts,Clayey,20-20,,,,,,0,0,1,0,0,0
17,0,38,24.5,43.5,22.45,Ground Nuts,Loamy,10-26-26,,,,,,0,0,0,0,1,0
22,3,17,32.84,61.49,52.7,Wheat,Sandy,10-26-26,,,,,,0,0,0,0,0,0
43,3,1,28.98,57.19,43.18,Sugarcane,Sandy,20-20,,,,,,0,0,0,0,0,0
4,12,32,29.58,45.95,24.54,Millets,Loamy,DAP,,,,,,0,0,0,0,0,0
9,17,13,30.61,51.99,36.27,Wheat,Red,DAP,,,,,,0,0,0,0,0,0
20,0,27,23.16,48.77,42.61,Maize,Sandy,28-28,,,,,,0,0,0,0,1,0
13,3,9,32.57,69.05,45.35,Sugarcane,Black,28-28,,,,,,0,0,0,0,0,0
24,0,24,24.76,61.52,44.12,Millets,Red,14-35-14,,,,,,0,0,0,0,1,0
19,0,39,35.84,53.53,41.21,Wheat,Black,17-17-17,,,,,,0,0,0,0,1,0
22,0,21,33.5,62.28,32.37,Sugarcane,Red,20-20,,,,,,0,0,0,0,1,0
7,3,32,27.97,53.64,28.44,Sugarcane,Black,17-17-17,,,,,,0,0,0,0,0,0
8,2,42,24.34,54.43,66.95,Sugarcane,Red,20-20,,,,,,0,0,0,0,0,0
14,4,16,31.09,59.6,33.1,Paddy,Black,17-17-17,,,,,,0,0,0,0,0,0
9,0,14,23.32,57.71,54.19,Ground Nuts,Sandy,10-26-26,,,,,,0,0,0,0,1,0
39,3,1,32.16,54.28,39.92,Barley,Clayey,Urea,,,,,,0,0,0,0,0,0
3,13,12,23.82,62.55,43.11,Sugarcane,Loamy,10-26-26,,,,,,0,0,0,0,0,0
39,0,1,33.73,61.45,61.26,Maize,Red,17-17-17,,,,,,0,0,0,0,1,0
10,0,10,23.44,49.3,63.03,Sugarcane,Loamy,28-28,,,,,,0,0,0,0,1,0
10,21,19,24.99,66.72,29.41,Barley,Red,Urea,,,,,,0,0,0,0,0,0
10,9,14,20.52,46.83,35.07,Barley,Black,28-28,,,,,,0,0,0,0,0,0
8,0,8,29.67,55.61,51.15,Millets,Red,20-20,,,,,,0,0,0,0,1,0
13,0,40,30.68,59.47,45.25,Wheat,Sandy,17-17-17,,,,,,0,0,0,0,1,0
37,0,0,26.48,57.43,33.64,Paddy,Black,14-35-14,,,,,,0,0,1,0,1,0
7,16,16,32.94,64.13,60.88,Ground Nuts,Red,Urea,,,,,,0,0,0,0,0,0
12,4,40,40.0,64.34,28.36,Barley,Clayey,20-20,,,,,,0,0,0,0,0,0
10,0,38,36.13,73.48,70.0,Sugarcane,Loamy,Urea,,,,,,0,0,0,0,1,0
18,0,33,31.98,58.87,58.24,Barley,Clayey,10-26-26,,,,,,0,0,0,0,1,0
32,0,0,31.47,58.3,39.96,Paddy,Black,20-20,,,,,,0,0,1,0,1,0
7,6,34,31.81,57.99,62.68,Ground Nuts,Sandy,Urea,,,,,,0,0,0,0,0,0
12,0,16,37.77,55.25,50.88,Millets,Sandy,Urea,,,,,,0,0,0,0,1,0
20,0,19,29.33,55.2,61.35,Ground Nuts,Sandy,Urea,,,,,,0,0,0,0,1,0
43,0,0,28.72,45.24,39.24,Wheat,Black,20-20,,,,,,0,0,1,0,1,0
11,0,14,25.47,57.84,58.11,Ground Nuts,Clayey,DAP,,,,,,0,0,0,0,1,0
36,4,4,34.85,71.71,50.57,Barley,Loamy,17-17-17,,,,,,0,0,0,0,0,0
38,4,0,31.43,46.23,27.98,Wheat,Clayey,17-17-17,,,,,,0,0,1,0,0,0
36,0,2,22.77,60.17,30.85,Wheat,Red,Urea,,,,,,0,0,0,0,1,0
6,13,29,32.0,63.0,26.06,Millets,Sandy,DAP,,,,,,0,0,0,0,0,0
11,0,33,30.67,61.79,70.0,Ground Nuts,Red,28-28,,,,,,0,0,0,0,1,0
0,16,20,31.15,58.01,20.55,Wheat,Clayey,DAP,,,,,,1,0,0,0,0,0
24,0,20,32.94,65.59,37.37,Maize,Clayey,28-28,,,,,,0,0,0,0,1,0
9,4,30,31.06,53.58,33.37,Sugarcane,Black,Urea,,,,,,0,0,0,0,0,0
3,15,19,29.5,43.2,31.87,Maize,Red,10-26-26,,,,,,0,0,0,0,0,0
13,1,13,23.38,57.65,23.02,Ground Nuts,Sandy,14-35-14,,,,,,0,0,0,0,0,0
18,18,8,21.31,51.38,34.91,Paddy,Red,14-35-14,,,,,,0,0,0,0,0,0
16,10,12,23.91,47.47,43.3,Maize,Clayey,17-17-17,,,,,,0,0,0,0,0,0
34,0,0,32.54,58.92,43.95,Sugarcane,Black,28-28,,,,,,0,0,1,0,1,0
38,1,0,34.02,68.57,47.58,Maize,Clayey,DAP,,,,,,0,0,1,0,0,0
17,0,14,30.79,48.95,45.28,Ground Nuts,Black,28-28,,,,,,0,0,0,0,1,0
39,3,4,22.43,56.08,31.03,Sugarcane,Red,28-28,,,,,,0,0,0,0,0,0
10,0,5,26.59,58.55,40.52,Millets,Clayey,17-17-17,,,,,,0,0,0,0,1,0
25,0,28,26.62,46.12,36.96,Ground Nuts,Black,28-28,,,,,,0,0,0,0,1,0
36,0,2,27.3,53.57,30.09,Sugarcane,Black,DAP,,,,,,0,0,0,0,1,0
8,3,16,25.53,66.93,43.97,Wheat,Black,20-20,,,,,,0,0,0,0,0,0
10,0,39,33.49,68.47,41.93,Ground Nuts,Clayey,20-20,,,,,,0,0,0,0,1,0
4,5,33,29.44,67.64,34.34,Maize,Black,28-28,,,,,,0,0,0,0,0,0
8,2,32,31.4,53.31,38.96,Sugarcane,Loamy,10-26-26,,,,,,0,0,0,0,0,0
11,0,37,28.49,62.9,43.12,Paddy,Black,14-35-14,,,,,,0,0,0,0,1,0
20,0,26,28.16,51.2,43.04,Barley,Black,10-26-26,,,,,,0,0,0,0,1,0
6,0,13,21.17,41.47,69.82,Wheat,Sandy,10-26-26,,,,,,0,0,0,0,1,0
11,0,17,22.97,52.59,58.34,Maize,Black,10-26-26,,,,,,0,0,0,0,1,0
44,0,3,25.2,43.7,38.61,Paddy,Black,14-35-14,,,,,,0,0,0,0,1,0
37,4,0,35.88,78.27,46.3,Ground Nuts,Loamy,10-26-26,,,,,,0,0,1,0,0,0
19,1,37,33.19,66.17,37.08,Barley,Black,DAP,,,,,,0,0,0,0,0,0
20,0,16,30.68,66.84,47.59,Barley,Clayey,14-35-14,,,,,,0,0,0,0,1,0
26,0,21,28.56,61.95,35.05,Sugarcane,Red,10-26-26,,,,,,0,0,0,0,1,0
16,11,12,25.5,52.83,32.4,Maize,Black,20-20,,,,,,0,0,0,0,0,0
17,0,35,29.68,53.79,33.21,Wheat,Black,28-28,,,,,,0,0,0,0,1,0
43,0,0,25.13,54.49,68.4,Maize,Loamy,Urea,,,,,,0,0,1,0,1,0
12,0,33,33.11,64.58,70.0,Paddy,Loamy,20-20,,,,,,0,0,0,0,1,0
14,0,35,37.04,74.37,60.83,Maize,Clayey,17-17-17,,,,,,0,0,0,0,1,0
40,4,0,29.26,55.32,37.97,Millets,Red,Urea,,,,,,0,0,1,0,0,0
17,3,14,38.64,73.89,24.43,Ground Nuts,Red,14-35-14,,,,,,0,0,0,0,0,0
30,0,2,31.98,71.09,57.24,Maize,Clayey,Urea,,,,,,0,0,0,0,1,0
4,11,25,32.2,67.65,34.68,Maize,Black,Urea,,,,,,0,0,0,0,0,0
14,0,11,35.2,59.92,34.79,Barley,Sandy,Urea,,,,,,0,0,0,0,1,0
11,4,12,27.29,43.87,59.55,Ground Nuts,Black,14-35-14,,,,,,0,0,0,0,0,0
37,0,3,27.14,62.52,23.61,Paddy,Loamy,14-35-14,,,,,,0,0,0,0,1,0
25,0,18,30.03,52.95,35.22,Barley,Sandy,Urea,,,,,,0,0,0,0,1,0
14,0,36,30.44,50.67,28.24,Barley,Clayey,10-26-26,,,,,,0,0,0,0,1,0
24,4,22,22.91,57.98,48.26,Ground Nuts,Sandy,17-17-17,,,,,,0,0,0,0,0,0
38,0,0,31.78,68.85,30.4,Barley,Clayey,Urea,,,,,,0,0,1,0,1,0
10,4,45,22.04,42.62,30.2,Wheat,Red,DAP,,,,,,0,0,0,0,0,0
4,14,22,21.17,53.65,26.09,Wheat,Sandy,Urea,,,,,,0,0,0,0,0,0
11,12,31,37.31,76.05,41.17,Sugarcane,Loamy,17-17-17,,,,,,0,0,0,0,0,0
14,15,14,24.0,45.62,24.15,Wheat,Sandy,14-35-14,,,,,,0,0,0,0,0,0
21,4,29,29.25,63.08,52.62,Sugarcane,Black,28-28,,,,,,0,0,0,0,0,0
13,3,35,38.84,59.76,40.13,Millets,Black,Urea,,,,,,0,0,0,0,0,0
9,8,32,27.56,57.7,65.07,Ground Nuts,Red,14-35-14,,,,,,0,0,0,0,0,0
3,19,17,33.64,66.85,33.19,Barley,Red,14-35-14,,,,,,0,0,0,0,0,0
15,4,12,21.75,59.66,26.34,Wheat,Clayey,17-17-17,,,,,,0,0,0,0,0,0
30,0,2,29.28,50.3,33.27,Maize,Clayey,20-20,,,,,,0,0,0,0,1,0
24,0,22,26.86,59.65,38.45,Barley,Sandy,28-28,,,,,,0,0,0,0,1,0
7,11,31,30.57,62.75,27.2,Ground Nuts,Sandy,DAP,,,,,,0,0,0,0,0,0
6,15,12,33.25,61.57,24.83,Millets,Sandy,17-17-17,,,,,,0,0,0,0,0,0
9,8,10,21.07,61.79,38.38,Ground Nuts,Clayey,17-17-17,,,,,,0,0,0,0,0,0
15,13,14,34.84,64.32,51.31,Barley,Black,17-17-17,,,,,,0,0,0,0,0,0
6,11,28,35.16,68.01,47.87,Barley,Clayey,DAP,,,,,,0,0,0,0,0,0
41,0,1,30.7,55.66,49.99,Millets,Sandy,Urea,,,,,,0,0,0,0,1,0
17,0,19,25.09,67.19,40.04,Barley,Loamy,DAP,,,,,,0,0,0,0,1,0
26,0,24,29.06,54.83,25.81,Barley,Sandy,14-35-14,,,,,,0,0,0,0,1,0
10,0,41,34.1,57.5,52.38,Sugarcane,Red,DAP,,,,,,0,0,0,0,1,0
10,1,36,31.75,69.81,26.93,Barley,Loamy,Urea,,,,,,0,0,0,0,0,0
4,4,26,36.3,61.96,55.25,Wheat,Clayey,Urea,,,,,,0,0,0,0,0,0
13,0,6,21.11,46.75,40.36,Paddy,Loamy,28-28,,,,,,0,0,0,0,1,0
8,0,8,27.76,48.25,32.92,Ground Nuts,Clayey,17-17-17,,,,,,0,0,0,0,1,0
21,0,20,33.13,59.46,51.97,Ground Nuts,Sandy,14-35-14,,,,,,0,0,0,0,1,0
23,0,18,22.97,50.21,48.12,Millets,Black,10-26-26,,,,,,0,0,0,0,1,0
14,1,38,30.37,53.97,39.69,Sugarcane,Black,10-26-26,,,,,,0,0,0,0,0,0
11,14,16,22.99,40.85,53.03,Millets,Black,DAP,,,,,,0,0,0,0,0,0
20,0,22,33.79,70.29,36.68,Wheat,Black,28-28,,,,,,0,0,0,0,1,0
23,4,26,35.21,60.24,45.82,Millets,Sandy,17-17-17,,,,,,0,0,0,0,0,0
16,0,12,21.68,57.54,26.22,Ground Nuts,Clayey,10-26-26,,,,,,0,0,0,0,1,0
27,0,21,25.54,55.47,43.59,Sugarcane,Black,DAP,,,,,,0,0,0,0,1,0
4,22,11,29.88,47.26,53.13,Wheat,Black,Urea,,,,,,0,0,0,0,0,0
8,20,19,28.2,67.68,36.91,Maize,Clayey,17-17-17,,,,,,0,0,0,0,0,0
39,4,2,31.52,62.57,31.45,Millets,Red,20-20,,,,,,0,0,0,0,0,0
13,4,8,24.11,47.61,64.23,Maize,Red,10-26-26,,,,,,0,0,0,0,0,0
13,0,12,34.66,67.58,55.82,Sugarcane,Clayey,20-20,,,,,,0,0,0,0,1,0
39,1,0,33.61,51.43,21.75,Barley,Loamy,28-28,,,,,,0,0,1,0,0,0
13,1,8,24.96,55.02,37.99,Paddy,Sandy,DAP,,,,,,0,0,0,0,0,0
14,14,7,32.56,72.74,47.31,Ground Nuts,Loamy,DAP,,,,,,0,0,0,0,0,0
17,0,15,29.01,69.98,40.41,Wheat,Loamy,10-26-26,,,,,,0,0,0,0,1,0
17,0,34,36.18,57.1,69.39,Sugarcane,Black,14-35-14,,,,,,0,0,0,0,1,0
19,0,22,36.38,55.25,66.99,Paddy,Red,Urea,,,,,,0,0,0,0,1,0
25,0,19,35.4,71.15,68.71,Sugarcane,Black,DAP,,,,,,0,0,0,0,1,0
19,0,29,26.32,57.24,34.69,Ground Nuts,Red,DAP,,,,,,0,0,0,0,1,0
17,0,12,23.55,44.85,38.3,Maize,Clayey,28-28,,,,,,0,0,0,0,1,0
36,2,0,27.9,56.05,35.89,Paddy,Red,28-28,,,,,,0,0,1,0,0,0
4,5,30,38.18,64.93,44.1,Ground Nuts,Red,28-28,,,,,,0,0,0,0,0,0
5,13,24,33.68,55.49,34.75,Paddy,Black,Urea,,,,,,0,0,0,0,0,0
8,4,28,33.96,63.95,35.17,Wheat,Loamy,17-17-17,,,,,,0,0,0,0,0,0
39,4,2,27.22,60.5,39.08,Ground Nuts,Red,Urea,,,,,,0,0,0,0,0,0
7,4,36,27.05,61.36,20.0,Barley,Black,17-17-17,,,,,,0,0,0,0,0,0
35,0,0,30.02,45.23,32.68,Sugarcane,Sandy,28-28,,,,,,0,0,1,0,1,0
36,0,1,34.35,63.85,55.26,Sugarcane,Loamy,DAP,,,,,,0,0,0,0,1,0
9,1,14,31.31,63.35,63.08,Maize,Clayey,DAP,,,,,,0,0,0,0,0,0
15,0,14,29.49,61.66,51.22,Maize,Sandy,14-35-14,,,,,,0,0,0,0,1,0
11,2,37,36.16,61.54,37.54,Wheat,Black,DAP,,,,,,0,0,0,0,0,0
7,9,28,26.23,63.15,63.34,Barley,Sandy,28-28,,,,,,0,0,0,0,0,0
40,0,0,34.31,72.57,43.94,Wheat,Red,Urea,,,,,,0,0,1,0,1,0
19,0,34,32.15,57.38,34.34,Millets,Loamy,14-35-14,,,,,,0,0,0,0,1,0
39,3,0,22.78,60.52,42.05,Maize,Red,28-28,,,,,,0,0,1,0,0,0
37,4,0,34.4,69.58,53.39,Millets,Red,DAP,,,,,,0,0,1,0,0,0
3,17,18,32.69,64.23,53.47,Sugarcane,Clayey,DAP,,,,,,0,0,0,0,0,0
8,12,10,31.0,69.87,70.0,Ground Nuts,Black,10-26-26,,,,,,0,0,0,0,0,0
8,0,33,34.54,69.83,51.36,Barley,Black,Urea,,,,,,0,0,0,0,1,0
11,0,16,27.54,61.58,33.57,Wheat,Sandy,DAP,,,,,,0,0,0,0,1,0
7,15,14,31.85,60.43,55.57,Millets,Black,17-17-17,,,,,,0,0,0,0,0,0
40,0,0,30.72,58.92,37.12,Ground Nuts,Black,14-35-14,,,,,,0,0,1,0,1,0
12,0,30,30.93,51.93,59.3,Millets,Clayey,Urea,,,,,,0,0,0,0,1,0
8,1,10,30.05,52.42,36.56,Ground Nuts,Clayey,17-17-17,,,,,,0,0,0,0,0,0
10,1,41,32.52,68.89,20.1,Maize,Black,10-26-26,,,,,,0,0,0,0,0,0
32,0,2,36.62,59.89,60.47,Millets,Clayey,DAP,,,,,,0,0,0,0,1,0
8,9,26,36.55,74.21,57.63,Maize,Loamy,10-26-26,,,,,,0,0,0,0,0,0
9,8,19,34.81,71.07,65.13,Barley,Sandy,20-20,,,,,,0,0,0,0,0,0
26,0,17,38.66,57.13,38.41,Millets,Red,Urea,,,,,,0,0,0,0,1,0
36,0,0,31.6,44.66,29.0,Ground Nuts,Red,10-26-26,,,,,,0,0,1,0,1,0
41,0,1,29.13,60.0,59.01,Ground Nuts,Clayey,10-26-26,,,,,,0,0,0,0,1,0
10,9,19,31.59,60.6,35.3,Millets,Sandy,17-17-17,,,,,,0,0,0,0,0,0
0,16,15,32.81,55.45,48.08,Millets,Loamy,28-28,,,,,,1,0,0,0,0,0
9,13,35,32.75,63.09,59.4,Maize,Sandy,28-28,,,,,,0,0,0,0,0,0
26,1,23,27.87,61.74,37.0,Millets,Clayey,DAP,,,,,,0,0,0,0,0,0
36,0,3,38.12,64.6,30.72,Millets,Black,10-26-26,,,,,,0,0,0,0,1,0
16,8,9,22.16,53.56,37.96,Barley,Red,14-35-14,,,,,,0,0,0,0,0,0
17,0,32,33.42,63.69,60.05,Barley,Clayey,10-26-26,,,,,,0,0,0,0,1,0
13,14,10,21.15,51.19,29.68,Sugarcane,Red,28-28,,,,,,0,0,0,0,0,0
15,0,43,34.09,70.6,61.54,Sugarcane,Loamy,DAP,,,,,,0,0,0,0,1,0
13,0,11,29.46,63.38,62.2,Sugarcane,Black,10-26-26,,,,,,0,0,0,0,1,0
8,14,22,35.55,69.73,53.43,Ground Nuts,Loamy,20-20,,,,,,0,0,0,0,0,0
12,2,37,35.2,68.47,37.24,Sugarcane,Sandy,10-26-26,,,,,,0,0,0,0,0,0
41,0,1,38.71,73.81,59.76,Barley,Sandy,Urea,,,,,,0,0,0,0,1,0
9,4,9,32.92,65.89,35.29,Paddy,Sandy,17-17-17,,,,,,0,0,0,0,0,0
14,3,37,34.48,69.0,39.73,Barley,Red,28-28,,,,,,0,0,0,0,0,0
22,1,18,33.94,63.51,41.89,Barley,Loamy,17-17-17,,,,,,0,0,0,0,0,0
6,0,18,24.62,49.8,42.81,Paddy,Black,10-26-26,,,,,,0,0,0,0,1,0
19,0,25,25.36,63.37,30.4,Ground Nuts,Black,14-35-14,,,,,,0,0,0,0,1,0
38,2,0,26.91,59.1,36.25,Maize,Black,28-28,,,,,,0,0,1,0,0,0
7,3,13,25.19,58.09,62.65,Ground Nuts,Clayey,Urea,,,,,,0,0,0,0,0,0
26,4,20,30.44,67.97,37.89,Maize,Sandy,28-28,,,,,,0,0,0,0,0,0
5,11,32,31.66,60.47,54.89,Barley,Black,Urea,,,,,,0,0,0,0,0,0
27,0,21,32.64,64.3,55.06,Millets,Red,20-20,,,,,,0,0,0,0,1,0
40,0,2,27.57,53.84,61.93,Paddy,Red,28-28,,,,,,0,0,0,0,1,0
15,13,12,29.65,74.25,48.5,Wheat,Clayey,20-20,,,,,,0,0,0,0,0,0
20,1,15,31.88,54.26,51.83,Millets,Sandy,14-35-14,,,,,,0,0,0,0,0,0
36,0,3,34.43,71.22,33.72,Ground Nuts,Loamy,17-17-17,,,,,,0,0,0,0,1,0
8,0,11,30.99,57.9,54.41,Millets,Black,28-28,,,,,,0,0,0,0,1,0
27,0,17,25.38,47.27,38.73,Sugarcane,Sandy,20-20,,,,,,0,0,0,0,1,0
17,3,40,22.93,58.67,22.0,Wheat,Clayey,17-17-17,,,,,,0,0,0,0,0,0
23,0,20,32.33,62.09,28.28,Maize,Red,20-20,,,,,,0,0,0,0,1,0
11,0,7,23.94,52.75,22.5,Sugarcane,Red,17-17-17,,,,,,0,0,0,0,1,0
16,1,15,26.11,44.04,20.63,Maize,Black,14-35-14,,,,,,0,0,0,0,0,0
4,5,25,34.03,68.66,20.0,Paddy,Sandy,20-20,,,,,,0,0,0,0,0,0
13,0,43,28.66,50.21,39.99,Barley,Clayey,10-26-26,,,,,,0,0,0,0,1,0
7,1,18,26.73,63.35,28.54,Maize,Red,14-35-14,,,,,,0,0,0,0,0,0
9,22,21,34.74,69.51,46.51,Sugarcane,Red,10-26-26,,,,,,0,0,0,0,0,0
25,0,21,25.21,53.68,31.32,Sugarcane,Loamy,10-26-26,,,,,,0,0,0,0,1,0
14,1,6,31.39,63.52,49.6,Millets,Black,14-35-14,,,,,,0,0,0,0,0,0
12,8,18,34.34,68.17,58.41,Maize,Red,28-28,,,,,,0,0,0,0,0,0
7,0,34,30.78,59.71,47.46,Wheat,Black,10-26-26,,,,,,0,0,0,0,1,0
37,0,0,27.6,61.78,39.37,Paddy,Loamy,20-20,,,,,,0,0,1,0,1,0
15,12,15,29.01,49.29,48.79,Ground Nuts,Black,DAP,,,,,,0,0,0,0,0,0
35,1,0,27.61,59.67,27.04,Maize,Sandy,14-35-14,,,,,,0,0,1,0,0,0
36,0,0,27.12,57.97,29.2,Barley,Red,17-17-17,,,,,,0,0,1,0,1,0
22,0,16,31.4,55.24,50.94,Paddy,Clayey,17-17-17,,,,,,0,0,0,0,1,0
7,14,24,22.92,58.85,40.66,Wheat,Sandy,10-26-26,,,,,,0,0,0,0,0,0
13,0,37,36.68,51.39,43.94,Sugarcane,Red,Urea,,,,,,0,0,0,0,1,0
27,0,25,29.88,69.91,32.28,Ground Nuts,Sandy,10-26-26,,,,,,0,0,0,0,1,0
6,17,19,38.44,70.05,40.58,Wheat,Black,10-26-26,,,,,,0,0,0,0,0,0
7,17,9,33.82,74.87,62.48,Ground Nuts,Black,DAP,,,,,,0,0,0,0,0,0
38,0,0,31.87,58.58,44.74,Ground Nuts,Loamy,10-26-26,,,,,,0,0,1,0,1,0
15,7,12,35.06,66.92,66.68,Maize,Sandy,10-26-26,,,,,,0,0,0,0,0,0
5,6,30,30.3,53.26,50.53,Maize,Black,28-28,,,,,,0,0,0,0,0,0
40,2,3,30.39,50.71,35.06,Millets,Clayey,14-35-14,,,,,,0,0,0,0,0,0
41,0,0,30.46,61.98,38.7,Millets,Red,14-35-14,,,,,,0,0,1,0,1,0
34,3,0,32.91,59.28,65.83,Maize,Red,DAP,,,,,,0,0,1,0,0,0
26,1,16,36.53,68.28,24.67,Millets,Loamy,Urea,,,,,,0,0,0,0,0,0
10,14,17,25.16,49.77,36.67,Sugarcane,Loamy,Urea,,,,,,0,0,0,0,0,0
34,3,0,37.12,73.59,58.49,Barley,Red,Urea,,,,,,0,0,1,0,0,0
8,4,38,33.7,54.7,46.14,Millets,Sandy,10-26-26,,,,,,0,0,0,0,0,0
39,4,0,27.23,66.64,23.67,Wheat,Loamy,17-17-17,,,,,,0,0,1,0,0,0
13,0,35,29.68,59.72,38.04,Paddy,Sandy,17-17-17,,,,,,0,0,0,0,1,0
14,0,5,26.52,49.31,24.53,Maize,Loamy,10-26-26,,,,,,0,0,0,0,1,0
11,0,37,35.75,65.56,56.3,Sugarcane,Loamy,14-35-14,,,,,,0,0,0,0,1,0
3,10,37,30.32,57.25,49.76,Millets,Red,Urea,,,,,,0,0,0,0,0,0
9,8,11,25.58,44.88,44.58,Millets,Loamy,DAP,,,,,,0,0,0,0,0,0
16,4,18,36.84,69.25,34.94,Sugarcane,Clayey,10-26-26,,,,,,0,0,0,0,0,0
7,16,13,26.6,59.53,54.76,Maize,Black,14-35-14,,,,,,0,0,0,0,0,0
9,1,10,23.21,61.42,38.75,Sugarcane,Red,Urea,,,,,,0,0,0,0,0,0
12,2,17,31.02,55.51,28.28,Wheat,Sandy,28-28,,,,,,0,0,0,0,0,0
10,3,36,31.18,61.94,25.48,Sugarcane,Clayey,Urea,,,,,,0,0,0,0,0,0
38,1,4,29.41,59.37,32.03,Barley,Sandy,14-35-14,,,,,,0,0,0,0,0,0
16,0,43,37.15,54.95,39.11,Ground Nuts,Red,28-28,,,,,,0,0,0,0,1,0
11,3,28,33.32,69.38,35.87,Paddy,Clayey,DAP,,,,,,0,0,0,0,0,0
11,0,36,24.37,53.17,55.48,Wheat,Red,DAP,,,,,,0,0,0,0,1,0
38,3,3,27.64,40.23,66.03,Sugarcane,Red,Urea,,,,,,0,0,0,0,0,0
37,0,4,25.47,54.39,36.46,Ground Nuts,Black,Urea,,,,,,0,0,0,0,1,0
5,15,21,35.97,56.77,47.57,Maize,Black,DAP,,,,,,0,0,0,0,0,0
25,3,25,29.73,55.37,43.18,Maize,Red,14-35-14,,,,,,0,0,0,0,0,0
6,11,33,30.34,70.27,32.51,Ground Nuts,Loamy,10-26-26,,,,,,0,0,0,0,0,0
20,3,15,36.79,58.13,54.07,Ground Nuts,Red,14-35-14,,,,,,0,0,0,0,0,0
24,0,23,31.46,52.2,31.78,Barley,Loamy,28-28,,,,,,0,0,0,0,1,0
15,1,12,27.52,50.05,30.28,Sugarcane,Clayey,20-20,,,,,,0,0,0,0,0,0
37,0,0,31.72,56.61,58.53,Wheat,Sandy,17-17-17,,,,,,0,0,1,0,1,0
4,0,14,30.56,61.41,56.55,Ground Nuts,Red,14-35-14,,,,,,0,0,0,0,1,0
35,2,2,36.1,60.94,59.0,Ground Nuts,Clayey,20-20,,,,,,0,0,0,0,0,0
3,11,31,35.97,67.11,42.9,Ground Nuts,Clayey,DAP,,,,,,0,0,0,0,0,0
17,4,23,34.71,60.07,27.77,Maize,Sandy,10-26-26,,,,,,0,0,0,0,0,0
13,0,10,26.56,53.14,68.28,Millets,Clayey,17-17-17,,,,,,0,0,0,0,1,0
39,0,0,28.67,46.65,41.01,Maize,Clayey,Urea,,,,,,0,0,1,0,1,0
7,2,8,37.69,56.38,57.45,Sugarcane,Clayey,10-26-26,,,,,,0,0,0,0,0,0
40,0,1,30.5,44.64,38.98,Maize,Black,20-20,,,,,,0,0,0,0,1,0
34,4,2,26.28,48.68,70.0,Sugarcane,Red,Urea,,,,,,0,0,0,0,0,0
12,4,13,25.57,62.06,37.05,Sugarcane,Clayey,20-20,,,,,,0,0,0,0,0,0
15,0,34,36.47,68.04,31.14,Barley,Black,14-35-14,,,,,,0,0,0,0,1,0
13,15,16,29.61,61.46,58.05,Maize,Clayey,20-20,,,,,,0,0,0,0,0,0
11,0,31,32.27,43.73,42.3,Barley,Red,10-26-26,,,,,,0,0,0,0,1,0
35,4,4,32.45,72.32,58.58,Sugarcane,Red,17-17-17,,,,,,0,0,0,0,0,0
27,4,19,30.78,58.79,47.7,Sugarcane,Clayey,DAP,,,,,,0,0,0,0,0,0
14,0,42,34.17,50.98,30.6,Paddy,Black,Urea,,,,,,0,0,0,0,1,0
5,4,34,31.84,70.47,33.25,Paddy,Sandy,DAP,,,,,,0,0,0,0,0,0
41,1,1,32.44,68.93,49.8,Millets,Black,17-17-17,,,,,,0,0,0,0,0,0
11,0,5,29.94,66.26,49.69,Wheat,Clayey,20-20,,,,,,0,0,0,0,1,0
10,15,12,31.34,71.35,48.67,Ground Nuts,Black,20-20,,,,,,0,0,0,0,0,0
33,1,0,34.35,55.97,36.25,Millets,Clayey,20-20,,,,,,0,0,1,0,0,0
38,0,0,37.83,68.34,49.42,Millets,Black,14-35-14,,,,,,0,0,1,0,1,0
3,10,28,24.16,50.01,55.95,Sugarcane,Sandy,28-28,,,,,,0,0,0,0,0,0
26,0,14,30.37,56.03,56.06,Wheat,Red,14-35-14,,,,,,0,0,0,0,1,0
7,4,9,20.52,53.81,70.0,Sugarcane,Black,14-35-14,,,,,,0,0,0,0,0,0
9,0,31,30.38,62.75,49.15,Millets,Loamy,DAP,,,,,,0,0,0,0,1,0
37,0,0,26.95,66.15,29.7,Maize,Clayey,10-26-26,,,,,,0,0,1,0,1,0
17,0,13,30.91,45.69,26.52,Millets,Red,17-17-17,,,,,,0,0,0,0,1,0
14,0,36,33.24,67.96,42.8,Barley,Black,DAP,,,,,,0,0,0,0,1,0
8,2,10,26.61,61.2,31.07,Sugarcane,Loamy,14-35-14,,,,,,0,0,0,0,0,0
19,2,22,29.27,66.25,31.4,Paddy,Loamy,10-26-26,,,,,,0,0,0,0,0,0
9,20,16,20.0,55.62,31.35,Barley,Loamy,17-17-17,,,,,,0,0,0,0,0,0
18,4,23,29.8,56.47,33.35,Wheat,Clayey,28-28,,,,,,0,0,0,0,0,0
18,15,9,22.62,42.74,22.19,Sugarcane,Loamy,14-35-14,,,,,,0,0,0,0,0,0
9,14,10,25.29,46.46,44.88,Millets,Black,Urea,,,,,,0,0,0,0,0,0
37,0,1,32.55,48.07,47.11,Millets,Clayey,28-28,,,,,,0,0,0,0,1,0
13,1,9,32.87,61.85,40.26,Sugarcane,Black,Urea,,,,,,0,0,0,0,0,0
35,4,3,26.11,61.27,51.36,Barley,Black,20-20,,,,,,0,0,0,0,0,0
9,2,25,31.87,60.06,34.29,Barley,Black,28-28,,,,,,0,0,0,0,0,0
43,1,0,32.58,48.15,44.44,Paddy,Loamy,28-28,,,,,,0,0,1,0,0,0
14,0,37,29.57,61.98,37.31,Sugarcane,Clayey,28-28,,,,,,0,0,0,0,1,0
20,2,16,30.64,43.47,43.45,Ground Nuts,Clayey,10-26-26,,,,,,0,0,0,0,0,0
11,0,13,33.81,60.32,39.79,Millets,Loamy,20-20,,,,,,0,0,0,0,1,0
19,1,19,32.19,56.71,42.67,Barley,Clayey,17-17-17,,,,,,0,0,0,0,0,0
6,17,17,27.75,51.19,44.54,Ground Nuts,Red,DAP,,,,,,0,0,0,0,0,0
17,0,21,32.06,56.81,35.82,Sugarcane,Black,14-35-14,,,,,,0,0,0,0,1,0
14,16,10,32.21,61.12,67.23,Paddy,Clayey,10-26-26,,,,,,0,0,0,0,0,0
22,0,14,31.99,66.28,51.34,Maize,Red,DAP,,,,,,0,0,0,0,1,0
39,0,0,39.55,77.65,32.25,Paddy,Sandy,DAP,,,,,,0,0,1,0,1,0
26,0,17,31.1,54.3,49.85,Millets,Sandy,17-17-17,,,,,,0,0,0,0,1,0
13,4,34,36.09,74.92,37.36,Maize,Red,DAP,,,,,,0,0,0,0,0,0
42,0,0,32.41,73.63,40.09,Sugarcane,Loamy,DAP,,,,,,0,0,1,0,1,0
9,0,12,20.41,47.39,70.0,Paddy,Loamy,14-35-14,,,,,,0,0,0,0,1,0
9,12,32,39.16,63.48,44.6,Millets,Black,17-17-17,,,,,,0,0,0,0,0,0
23,0,21,29.43,48.63,56.66,Wheat,Red,17-17-17,,,,,,0,0,0,0,1,0
35,0,1,25.23,48.9,32.37,Paddy,Clayey,20-20,,,,,,0,0,0,0,1,0
13,10,29,26.28,53.62,61.96,Paddy,Loamy,Urea,,,,,,0,0,0,0,0,0
39,0,0,29.07,44.79,38.69,Paddy,Black,DAP,,,,,,0,0,1,0,1,0
13,8,10,27.78,53.53,62.54,Wheat,Black,DAP,,,,,,0,0,0,0,0,0
32,4,0,23.13,50.43,38.07,Paddy,Clayey,28-28,,,,,,0,0,1,0,0,0
26,0,23,27.51,66.12,33.06,Ground Nuts,Clayey,DAP,,,,,,0,0,0,0,1,0
8,1,5,24.77,53.31,26.82,Maize,Sandy,20-20,,,,,,0,0,0,0,0,0
40,3,0,29.73,65.86,46.73,Ground Nuts,Clayey,17-17-17,,,,,,0,0,1,0,0,0
14,0,18,28.3,50.98,67.77,Wheat,Black,DAP,,,,,,0,0,0,0,1,0
14,0,38,35.46,67.95,51.35,Paddy,Loamy,Urea,,,,,,0,0,0,0,1,0
14,3,39,38.51,72.13,44.07,Millets,Sandy,Urea,,,,,,0,0,0,0,0,0
11,10,18,34.03,53.39,46.23,Ground Nuts,Black,Urea,,,,,,0,0,0,0,0,0
26,1,23,34.11,57.79,43.23,Sugarcane,Red,17-17-17,,,,,,0,0,0,0,0,0
1,13,12,23.16,58.93,47.74,Millets,Loamy,28-28,,,,,,0,0,0,0,0,0
34,0,0,30.54,67.81,51.69,Maize,Clayey,Urea,,,,,,0,0,1,0,1,0
20,0,18,29.77,67.26,46.16,Ground Nuts,Sandy,10-26-26,,,,,,0,0,0,0,1,0
17,0,39,28.57,63.78,31.25,Paddy,Black,Urea,,,,,,0,0,0,0,1,0
36,0,0,40.0,78.33,45.34,Maize,Black,DAP,,,,,,0,0,1,0,1,0
9,5,30,28.38,52.69,45.92,Ground Nuts,Sandy,DAP,,,,,,0,0,0,0,0,0
15,16,10,25.14,49.84,20.0,Maize,Black,10-26-26,,,,,,0,0,0,0,0,0
10,4,4,28.16,54.87,44.86,Ground Nuts,Clayey,14-35-14,,,,,,0,0,0,0,0,0
38,0,3,32.63,54.58,41.18,Paddy,Clayey,28-28,,,,,,0,0,0,0,1,0
9,1,16,27.1,58.81,28.94,Maize,Sandy,17-17-17,,,,,,0,0,0,0,0,0
19,0,18,31.7,56.91,48.75,Maize,Black,17-17-17,,,,,,0,0,0,0,1,0
7,14,16,33.32,59.59,41.45,Wheat,Red,10-26-26,,,,,,0,0,0,0,0,0
10,1,37,29.49,61.99,38.54,Barley,Clayey,28-28,,,,,,0,0,0,0,0,0
5,6,23,37.73,78.44,43.81,Maize,Loamy,DAP,,,,,,0,0,0,0,0,0
10,0,43,32.28,57.19,36.23,Wheat,Red,10-26-26,,,,,,0,0,0,0,1,0
10,2,10,32.34,69.02,43.22,Barley,Red,17-17-17,,,,,,0,0,0,0,0,0
12,10,8,30.69,61.53,44.72,Barley,Sandy,17-17-17,,,,,,0,0,0,0,0,0
40,0,1,30.82,55.95,70.0,Wheat,Loamy,10-26-26,,,,,,0,0,0,0,1,0
40,0,3,34.65,70.51,57.0,Ground Nuts,Black,28-28,,,,,,0,0,0,0,1,0
11,9,18,30.43,70.25,53.78,Maize,Red,17-17-17,,,,,,0,0,0,0,0,0
13,13,13,22.87,45.11,21.74,Sugarcane,Black,DAP,,,,,,0,0,0,0,0,0
6,0,12,22.79,48.84,56.1,Paddy,Black,Urea,,,,,,0,0,0,0,1,0
14,0,37,26.32,63.21,69.24,Maize,Red,17-17-17,,,,,,0,0,0,0,1,0
13,9,35,31.25,69.0,50.68,Maize,Sandy,17-17-17,,,,,,0,0,0,0,0,0
8,15,20,31.95,57.54,27.63,Millets,Loamy,17-17-17,,,,,,0,0,0,0,0,0
8,17,18,27.03,63.0,44.8,Maize,Loamy,DAP,,,,,,0,0,0,0,0,0
8,1,42,39.45,77.38,41.31,Ground Nuts,Red,10-26-26,,,,,,0,0,0,0,0,0
9,7,25,27.13,53.92,67.62,Ground Nuts,Black,Urea,,,,,,0,0,0,0,0,0
9,0,32,31.83,61.48,51.62,Barley,Clayey,14-35-14,,,,,,0,0,0,0,1,0
6,0,9,21.37,57.03,60.02,Millets,Sandy,17-17-17,,,,,,0,0,0,0,1,0
12,3,29,28.78,45.41,33.28,Millets,Red,17-17-17,,,,,,0,0,0,0,0,0
13,6,33,33.44,67.72,40.98,Maize,Loamy,DAP,,,,,,0,0,0,0,0,0
21,1,17,28.65,63.42,42.26,Wheat,Loamy,10-26-26,,,,,,0,0,0,0,0,0
37,0,4,28.31,57.46,30.33,Millets,Sandy,14-35-14,,,,,,0,0,0,0,1,0
36,0,0,24.68,49.73,57.68,Ground Nuts,Black,17-17-17,,,,,,0,0,1,0,1,0
18,0,21,23.48,47.26,34.88,Ground Nuts,Loamy,Urea,,,,,,0,0,0,0,1,0
13,17,16,24.87,66.48,38.24,Barley,Black,17-17-17,,,,,,0,0,0,0,0,0
23,0,13,33.9,64.42,47.41,Millets,Sandy,28-28,,,,,,0,0,0,0,1,0
40,3,0,29.68,61.79,25.12,Wheat,Loamy,20-20,,,,,,0,0,1,0,0,0
44,0,3,30.88,47.99,36.9,Ground Nuts,Sandy,DAP,,,,,,0,0,0,0,1,0
20,0,21,23.28,50.87,49.11,Paddy,Clayey,10-26-26,,,,,,0,0,0,0,1,0
23,4,14,25.46,51.66,35.48,Sugarcane,Clayey,17-17-17,,,,,,0,0,0,0,0,0
7,9,27,31.97,56.88,44.52,Ground Nuts,Sandy,10-26-26,,,,,,0,0,0,0,0,0
42,0,0,29.41,52.2,37.85,Wheat,Clayey,28-28,,,,,,0,0,1,0,1,0
11,0,40,33.14,53.67,35.54,Wheat,Loamy,DAP,,,,,,0,0,0,0,1,0
7,12,25,34.04,51.83,35.12,Maize,Loamy,10-26-26,,,,,,0,0,0,0,0,0
45,4,2,29.59,69.84,47.02,Ground Nuts,Sandy,DAP,,,,,,0,0,0,0,0,0
9,17,15,21.86,61.37,27.44,Millets,Clayey,10-26-26,,,,,,0,0,0,0,0,0
9,0,35,28.8,55.76,35.61,Ground Nuts,Loamy,20-20,,,,,,0,0,0,0,1,0
10,0,13,28.73,63.67,33.14,Paddy,Loamy,17-17-17,,,,,,0,0,0,0,1,0
14,3,19,28.11,45.22,66.38,Maize,Red,DAP,,,,,,0,0,0,0,0,0
10,14,25,24.63,51.74,20.0,Paddy,Loamy,17-17-17,,,,,,0,0,0,0,0,0
38,0,1,24.23,60.39,25.34,Barley,Loamy,DAP,,,,,,0,0,0,0,1,0
6,1,14,31.94,53.5,34.06,Wheat,Black,17-17-17,,,,,,0,0,0,0,0,0
10,0,4,32.9,54.1,49.07,Wheat,Black,Urea,,,,,,0,0,0,0,1,0
8,3,38,38.9,76.36,23.34,Ground Nuts,Black,10-26-26,,,,,,0,0,0,0,0,0
23,3,23,30.71,61.75,42.85,Maize,Loamy,14-35-14,,,,,,0,0,0,0,0,0
7,0,39,33.76,64.28,62.87,Millets,Sandy,17-17-17,,,,,,0,0,0,0,1,0
5,0,9,27.86,67.32,40.15,Sugarcane,Clayey,17-17-17,,,,,,0,0,0,0,1,0
10,0,6,28.44,56.96,55.12,Paddy,Black,28-28,,,,,,0,0,0,0,1,0
15,4,34,29.24,46.88,44.55,Barley,Black,20-20,,,,,,0,0,0,0,0,0
21,0,13,33.89,67.27,44.73,Sugarcane,Clayey,10-26-26,,,,,,0,0,0,0,1,0
20,0,22,33.05,61.26,28.59,Millets,Black,14-35-14,,,,,,0,0,0,0,1,0
15,0,44,27.83,50.75,31.94,Paddy,Red,14-35-14,,,,,,0,0,0,0,1,0
15,4,31,25.88,42.06,48.59,Maize,Black,10-26-26,,,,,,0,0,0,0,0,0
17,0,36,37.68,64.53,62.03,Millets,Clayey,DAP,,,,,,0,0,0,0,1,0
36,0,2,35.76,52.2,41.09,Maize,Sandy,10-26-26,,,,,,0,0,0,0,1,0
26,0,18,34.33,54.12,42.26,Maize,Sandy,10-26-26,,,,,,0,0,0,0,1,0
36,0,0,22.92,51.28,23.58,Millets,Clayey,14-35-14,,,,,,0,0,1,0,1,0
42,2,2,31.27,50.14,42.65,Barley,Red,DAP,,,,,,0,0,0,0,0,0
10,0,10,27.0,58.9,67.14,Paddy,Red,Urea,,,,,,0,0,0,0,1,0
7,13,19,21.33,53.57,55.5,Millets,Clayey,DAP,,,,,,0,0,0,0,0,0
33,0,0,37.75,58.35,37.82,Wheat,Red,Urea,,,,,,0,0,1,0,1,0
8,4,13,35.21,73.16,48.0,Sugarcane,Black,28-28,,,,,,0,0,0,0,0,0
6,11,28,29.75,56.27,31.85,Barley,Loamy,20-20,,,,,,0,0,0,0,0,0
25,0,14,23.77,54.99,41.64,Maize,Clayey,10-26-26,,,,,,0,0,0,0,1,0
21,0,27,34.64,54.07,50.89,Maize,Black,Urea,,,,,,0,0,0,0,1,0
22,1,20,31.77,48.2,49.79,Millets,Clayey,20-20,,,,,,0,0,0,0,0,0
26,0,24,32.98,66.5,41.35,Paddy,Clayey,Urea,,,,,,0,0,0,0,1,0
12,0,11,26.24,54.1,38.98,Millets,Loamy,20-20,,,,,,0,0,0,0,1,0
9,15,19,24.49,60.36,22.61,Millets,Black,DAP,,,,,,0,0,0,0,0,0
42,4,0,25.3,58.41,32.96,Maize,Loamy,20-20,,,,,,0,0,1,0,0,0
13,3,37,32.61,72.07,32.62,Millets,Clayey,14-35-14,,,,,,0,0,0,0,0,0
9,0,14,26.98,44.04,66.35,Paddy,Clayey,Urea,,,,,,0,0,0,0,1,0
43,0,4,26.08,46.32,70.0,Paddy,Sandy,28-28,,,,,,0,0,0,0,1,0
15,4,38,23.46,44.89,36.24,Paddy,Black,28-28,,,,,,0,0,0,0,0,0
3,19,21,32.61,54.03,34.38,Wheat,Loamy,20-20,,,,,,0,0,0,0,0,0
20,4,24,22.73,57.96,38.9,Barley,Red,Urea,,,,,,0,0,0,0,0,0
11,8,32,35.43,75.29,47.09,Barley,Clayey,14-35-14,,,,,,0,0,0,0,0,0
32,1,2,28.69,57.93,30.03,Sugarcane,Sandy,17-17-17,,,,,,0,0,0,0,0,0
11,0,10,31.97,74.57,25.98,Wheat,Loamy,20-20,,,,,,0,0,0,0,1,0
14,18,13,38.94,72.08,57.52,Maize,Black,14-35-14,,,,,,0,0,0,0,0,0
24,3,19,27.52,45.64,50.85,Wheat,Black,17-17-17,,,,,,0,0,0,0,0,0
38,2,0,34.18,74.74,50.05,Maize,Red,10-26-26,,,,,,0,0,1,0,0,0
21,1,20,36.35,71.25,37.03,Millets,Sandy,17-17-17,,,,,,0,0,0,0,0,0
9,0,38,29.98,53.76,60.3,Millets,Loamy,17-17-17,,,,,,0,0,0,0,1,0
35,2,0,22.47,54.03,32.7,Ground Nuts,Clayey,10-26-26,,,,,,0,0,1,0,0,0
17,0,37,29.13,67.3,34.87,Paddy,Black,28-28,,,,,,0,0,0,0,1,0
17,0,11,30.91,69.94,41.75,Maize,Sandy,10-26-26,,,,,,0,0,0,0,1,0
18,4,28,28.89,56.51,48.61,Maize,Clayey,17-17-17,,,,,,0,0,0,0,0,0
16,0,40,28.99,60.36,45.61,Sugarcane,Black,28-28,,,,,,0,0,0,0,1,0
13,3,37,38.55,59.74,67.6,Barley,Red,20-20,,,,,,0,0,0,0,0,0
5,5,24,28.95,61.0,49.42,Paddy,Sandy,10-26-26,,,,,,0,0,0,0,0,0
38,0,2,22.06,53.64,62.43,Millets,Sandy,Urea,,,,,,0,0,0,0,1,0
10,17,21,29.9,50.37,36.94,Maize,Red,14-35-14,,,,,,0,0,0,0,0,0
40,0,4,40.0,69.31,59.57,Wheat,Sandy,DAP,,,,,,0,0,0,0,1,0
31,2,0,32.76,51.56,45.73,Ground Nuts,Sandy,DAP,,,,,,0,0,1,0,0,0
21,0,18,20.58,55.92,31.05,Ground Nuts,Loamy,14-35-14,,,,,,0,0,0,0,1,0
22,1,18,21.55,53.17,35.77,Paddy,Red,DAP,,,,,,0,0,0,0,0,0
16,0,36,27.38,50.41,31.84,Paddy,Clayey,17-17-17,,,,,,0,0,0,0,1,0
12,10,31,24.4,57.91,27.16,Millets,Loamy,DAP,,,,,,0,0,0,0,0,0
3,17,13,32.6,54.47,50.6,Sugarcane,Clayey,20-20,,,,,,0,0,0,0,0,0
10,16,12,30.3,52.93,55.68,Ground Nuts,Loamy,14-35-14,,,,,,0,0,0,0,0,0
4,9,33,36.87,57.57,45.09,Wheat,Clayey,17-17-17,,,,,,0,0,0,0,0,0
2,21,13,34.86,62.76,36.35,Wheat,Red,28-28,,,,,,0,0,0,0,0,0
44,0,0,35.65,71.86,53.99,Barley,Loamy,14-35-14,,,,,,0,0,1,0,1,0
25,0,22,30.31,50.43,35.53,Maize,Clayey,28-28,,,,,,0,0,0,0,1,0
9,0,6,25.23,48.47,57.13,Wheat,Red,14-35-14,,,,,,0,0,0,0,1,0
10,0,5,26.81,65.88,59.33,Millets,Loamy,20-20,,,,,,0,0,0,0,1,0
2,7,27,38.19,61.79,70.0,Sugarcane,Loamy,20-20,,,,,,0,0,0,0,0,0
6,9,36,33.87,62.52,61.81,Millets,Sandy,10-26-26,,,,,,0,0,0,0,0,0
5,8,33,28.87,57.72,46.25,Sugarcane,Clayey,28-28,,,,,,0,0,0,0,0,0
37,0,0,26.86,48.06,41.76,Maize,Sandy,14-35-14,,,,,,0,0,1,0,1,0
17,3,35,35.24,56.8,37.98,Ground Nuts,Red,28-28,,,,,,0,0,0,0,0,0
17,13,16,35.85,63.92,50.71,Barley,Loamy,14-35-14,,,,,,0,0,0,0,0,0
12,0,9,29.78,70.86,33.51,Ground Nuts,Clayey,20-20,,,,,,0,0,0,0,1,0
17,18,10,21.61,58.34,25.13,Maize,Clayey,17-17-17,,,,,,0,0,0,0,0,0
34,1,4,24.76,43.52,35.03,Ground Nuts,Sandy,17-17-17,,,,,,0,0,0,0,0,0
4,8,30,32.3,57.5,28.11,Ground Nuts,Black,17-17-17,,,,,,0,0,0,0,0,0
39,4,3,28.84,56.24,54.54,Maize,Loamy,DAP,,,,,,0,0,0,0,0,0
17,4,22,34.15,64.07,42.61,Barley,Clayey,20-20,,,,,,0,0,0,0,0,0
21,0,26,34.1,59.07,37.26,Paddy,Red,14-35-14,,,,,,0,0,0,0,1,0
42,3,1,29.23,57.13,41.46,Maize,Red,20-20,,,,,,0,0,0,0,0,0
11,5,25,32.1,61.91,33.02,Ground Nuts,Loamy,10-26-26,,,,,,0,0,0,0,0,0
15,0,11,30.83,43.14,58.64,Wheat,Black,DAP,,,,,,0,0,0,0,1,0
21,0,19,29.28,64.36,38.44,Wheat,Black,28-28,,,,,,0,0,0,0,1,0
40,0,0,29.51,61.2,48.69,Wheat,Loamy,17-17-17,,,,,,0,0,1,0,1,0
35,3,0,33.16,68.18,27.27,Maize,Loamy,Urea,,,,,,0,0,1,0,0,0
16,0,37,38.57,69.47,35.76,Ground Nuts,Sandy,DAP,,,,,,0,0,0,0,1,0
14,0,35,34.75,70.91,33.64,Maize,Clayey,20-20,,,,,,0,0,0,0,1,0
15,15,20,25.52,57.37,36.07,Paddy,Sandy,28-28,,,,,,0,0,0,0,0,0
14,2,12,27.58,60.64,42.28,Wheat,Loamy,DAP,,,,,,0,0,0,0,0,0
3,13,31,33.06,73.54,63.25,Sugarcane,Red,14-35-14,,,,,,0,0,0,0,0,0
35,3,0,30.98,60.43,34.78,Millets,Clayey,DAP,,,,,,0,0,1,0,0,0
33,0,3,38.1,74.1,66.48,Sugarcane,Loamy,17-17-17,,,,,,0,0,0,0,1,0
10,0,14,25.92,63.87,37.41,Sugarcane,Red,10-26-26,,,,,,0,0,0,0,1,0
8,16,18,29.23,61.98,39.5,Sugarcane,Loamy,14-35-14,,,,,,0,0,0,0,0,0
18,3,24,34.0,59.81,36.57,Wheat,Sandy,DAP,,,,,,0,0,0,0,0,0
12,10,11,31.81,58.06,49.03,Wheat,Black,Urea,,,,,,0,0,0,0,0,0
10,4,6,31.1,60.2,37.11,Maize,Clayey,20-20,,,,,,0,0,0,0,0,0
31,0,0,26.7,56.64,48.14,Barley,Black,20-20,,,,,,0,0,1,0,1,0
14,2,42,32.35,63.16,38.72,Barley,Red,28-28,,,,,,0,0,0,0,0,0
41,1,3,36.03,64.38,52.82,Barley,Sandy,10-26-26,,,,,,0,0,0,0,0,0
27,0,25,33.45,73.71,34.17,Ground Nuts,Clayey,28-28,,,,,,0,0,0,0,1,0
15,1,31,26.83,55.99,70.0,Ground Nuts,Black,28-28,,,,,,0,0,0,0,0,0
38,1,3,37.23,57.81,35.92,Sugarcane,Red,Urea,,,,,,0,0,0,0,0,0
14,2,42,37.91,67.79,65.15,Ground Nuts,Loamy,17-17-17,,,,,,0,0,0,0,0,0
10,5,25,34.3,69.48,20.0,Millets,Black,17-17-17,,,,,,0,0,0,0,0,0
38,0,3,30.74,57.16,66.9,Sugarcane,Sandy,20-20,,,,,,0,0,0,0,1,0
15,0,34,24.54,66.05,39.14,Paddy,Black,20-20,,,,,,0,0,0,0,1,0
15,4,42,34.76,60.13,44.36,Millets,Sandy,17-17-17,,,,,,0,0,0,0,0,0
13,11,28,25.47,55.49,58.13,Sugarcane,Loamy,28-28,,,,,,0,0,0,0,0,0
12,4,12,27.35,62.5,42.01,Ground Nuts,Sandy,14-35-14,,,,,,0,0,0,0,0,0
38,3,0,28.11,55.71,25.36,Maize,Clayey,14-35-14,,,,,,0,0,1,0,0,0
21,0,26,33.96,48.63,35.77,Ground Nuts,Sandy,DAP,,,,,,0,0,0,0,1,0
4,0,16,33.0,54.95,39.38,Millets,Loamy,DAP,,,,,,0,0,0,0,1,0
15,0,13,32.06,61.93,57.19,Millets,Clayey,Urea,,,,,,0,0,0,0,1,0
38,1,2,31.63,59.15,26.89,Paddy,Black,14-35-14,,,,,,0,0,0,0,0,0
3,6,33,35.34,74.07,53.44,Ground Nuts,Loamy,Urea,,,,,,0,0,0,0,0,0
19,0,16,33.25,55.48,47.7,Millets,Sandy,17-17-17,,,,,,0,0,0,0,1,0
2,19,21,30.72,66.14,20.0,Millets,Red,17-17-17,,,,,,0,0,0,0,0,0
9,0,42,22.18,48.97,24.49,Maize,Clayey,DAP,,,,,,0,0,0,0,1,0
34,2,0,21.2,48.29,57.03,Barley,Sandy,10-26-26,,,,,,0,0,1,0,0,0
5,19,24,30.81,47.67,38.48,Sugarcane,Sandy,Urea,,,,,,0,0,0,0,0,0
41,1,2,29.47,59.62,31.33,Sugarcane,Red,10-26-26,,,,,,0,0,0,0,0,0
33,2,0,28.52,63.14,37.44,Paddy,Black,Urea,,,,,,0,0,1,0,0,0
34,0,0,37.46,62.66,42.24,Millets,Clayey,Urea,,,,,,0,0,1,0,1,0
38,0,0,24.64,58.38,63.27,Maize,Loamy,20-20,,,,,,0,0,1,0,1,0
15,0,40,40.0,77.27,38.47,Millets,Red,17-17-17,,,,,,0,0,0,0,1,0
17,0,17,22.31,49.61,31.26,Wheat,Black,DAP,,,,,,0,0,0,0,1,0
41,0,0,29.54,59.13,40.66,Sugarcane,Loamy,17-17-17,,,,,,0,0,1,0,1,0
6,10,13,35.59,59.08,70.0,Barley,Black,DAP,,,,,,0,0,0,0,0,0
7,3,39,33.48,58.65,32.9,Sugarcane,Loamy,28-28,,,,,,0,0,0,0,0,0
14,4,40,40.0,66.7,69.57,Ground Nuts,Red,28-28,,,,,,0,0,0,0,0,0
15,0,8,30.89,58.66,49.31,Ground Nuts,Loamy,14-35-14,,,,,,0,0,0,0,1,0
8,0,35,28.31,43.74,42.46,Ground Nuts,Red,20-20,,,,,,0,0,0,0,1,0
7,4,27,24.14,51.65,39.68,Sugarcane,Black,14-35-14,,,,,,0,0,0,0,0,0
35,1,2,24.67,47.76,26.37,Millets,Loamy,10-26-26,,,,,,0,0,0,0,0,0
13,0,36,27.74,65.66,67.85,Millets,Loamy,17-17-17,,,,,,0,0,0,0,1,0
15,16,7,27.83,41.06,29.89,Sugarcane,Sandy,Urea,,,,,,0,0,0,0,0,0
21,0,19,27.57,47.43,38.87,Sugarcane,Red,20-20,,,,,,0,0,0,0,1,0
14,0,10,32.25,51.79,35.69,Millets,Black,DAP,,,,,,0,0,0,0,1,0
22,0,15,33.02,48.8,52.02,Ground Nuts,Clayey,28-28,,,,,,0,0,0,0,1,0
19,0,13,30.68,54.7,40.85,Maize,Black,DAP,,,,,,0,0,0,0,1,0
16,1,40,30.56,60.51,28.79,Wheat,Red,20-20,,,,,,0,0,0,0,0,0
35,0,0,29.22,49.26,33.55,Wheat,Red,28-28,,,,,,0,0,1,0,1,0
5,7,27,32.64,67.85,32.04,Maize,Loamy,17-17-17,,,,,,0,0,0,0,0,0
18,1,40,29.75,58.55,65.87,Barley,Clayey,10-26-26,,,,,,0,0,0,0,0,0
11,14,10,27.58,64.9,58.56,Ground Nuts,Red,20-20,,,,,,0,0,0,0,0,0
35,0,4,30.12,64.91,33.26,Millets,Sandy,20-20,,,,,,0,0,0,0,1,0
1,21,19,28.43,63.69,37.41,Millets,Sandy,17-17-17,,,,,,0,0,0,0,0,0
31,0,0,26.62,61.65,36.08,Paddy,Loamy,20-20,,,,,,0,0,1,0,1,0
10,2,41,33.94,57.36,51.49,Millets,Clayey,20-20,,,,,,0,0,0,0,0,0
12,3,37,33.34,65.67,58.35,Millets,Black,17-17-17,,,,,,0,0,0,0,0,0
13,0,36,33.37,65.55,45.17,Paddy,Red,20-20,,,,,,0,0,0,0,1,0
10,14,24,29.21,57.9,34.9,Barley,Red,Urea,,,,,,0,0,0,0,0,0
11,16,15,33.39,63.67,59.26,Maize,Black,17-17-17,,,,,,0,0,0,0,0,0
42,0,1,30.47,61.98,21.87,Millets,Black,DAP,,,,,,0,0,0,0,1,0
12,0,12,24.6,59.94,58.54,Barley,Black,17-17-17,,,,,,0,0,0,0,1,0
1,18,14,32.18,53.01,45.88,Barley,Sandy,DAP,,,,,,0,0,0,0,0,0
9,3,16,26.48,61.28,57.82,Sugarcane,Sandy,10-26-26,,,,,,0,0,0,0,0,0
38,0,2,37.39,69.61,67.14,Millets,Red,20-20,,,,,,0,0,0,0,1,0
14,3,16,38.64,74.69,33.53,Sugarcane,Sandy,Urea,,,,,,0,0,0,0,0,0
45,0,0,31.44,62.56,39.08,Paddy,Red,20-20,,,,,,0,0,1,0,1,0
6,12,14,33.19,59.66,56.19,Paddy,Loamy,14-35-14,,,,,,0,0,0,0,0,0
38,0,0,27.12,47.82,58.64,Sugarcane,Clayey,Urea,,,,,,0,0,1,0,1,0
27,0,20,26.4,65.58,44.9,Maize,Sandy,Urea,,,,,,0,0,0,0,1,0
16,0,42,30.34,57.74,34.86,Millets,Red,DAP,,,,,,0,0,0,0,1,0
23,0,24,27.05,53.84,37.54,Maize,Black,14-35-14,,,,,,0,0,0,0,1,0
13,6,14,28.09,53.58,27.41,Ground Nuts,Loamy,28-28,,,,,,0,0,0,0,0,0
19,3,24,36.19,70.05,26.41,Wheat,Black,14-35-14,,,,,,0,0,0,0,0,0
13,0,16,27.86,44.14,58.37,Barley,Black,14-35-14,,,,,,0,0,0,0,1,0
5,0,14,28.03,42.81,70.0,Sugarcane,Black,10-26-26,,,,,,0,0,0,0,1,0
17,13,14,29.21,57.22,49.29,Paddy,Clayey,14-35-14,,,,,,0,0,0,0,0,0
15,0,39,37.56,66.53,37.17,Sugarcane,Black,14-35-14,,,,,,0,0,0,0,1,0
35,0,3,31.27,43.49,37.61,Barley,Loamy,14-35-14,,,,,,0,0,0,0,1,0
6,20,16,25.82,61.11,39.24,Barley,Red,17-17-17,,,,,,0,0,0,0,0,0
36,0,0,26.5,45.75,61.25,Millets,Red,DAP,,,,,,0,0,1,0,1,0
10,0,6,34.03,60.39,43.18,Sugarcane,Loamy,10-26-26,,,,,,0,0,0,0,1,0
6,2,11,28.01,50.4,61.19,Millets,Red,DAP,,,,,,0,0,0,0,0,0
7,9,32,30.69,60.36,64.89,Barley,Loamy,17-17-17,,,,,,0,0,0,0,0,0
15,17,18,27.18,64.47,30.84,Paddy,Red,20-20,,,,,,0,0,0,0,0,0
11,15,11,21.63,57.62,34.24,Maize,Sandy,20-20,,,,,,0,0,0,0,0,0
12,3,36,30.78,61.89,28.42,Millets,Clayey,DAP,,,,,,0,0,0,0,0,0
10,4,11,27.05,50.42,42.32,Paddy,Clayey,17-17-17,,,,,,0,0,0,0,0,0
13,12,25,31.18,47.51,35.51,Wheat,Red,17-17-17,,,,,,0,0,0,0,0,0
17,2,28,31.35,62.93,34.02,Barley,Clayey,14-35-14,,,,,,0,0,0,0,0,0
13,0,14,30.99,59.97,63.35,Wheat,Red,DAP,,,,,,0,0,0,0,1,0
7,19,12,33.9,50.25,20.0,Millets,Red,10-26-26,,,,,,0,0,0,0,0,0
44,0,0,31.49,58.29,37.49,Millets,Clayey,14-35-14,,,,,,0,0,1,0,1,0
31,1,4,31.93,53.26,30.3,Wheat,Clayey,DAP,,,,,,0,0,0,0,0,0
9,13,23,36.49,72.03,52.71,Wheat,Red,17-17-17,,,,,,0,0,0,0,0,0
5,3,32,33.91,50.88,53.37,Paddy,Red,Urea,,,,,,0,0,0,0,0,0
10,19,18,40.0,76.4,57.23,Sugarcane,Red,14-35-14,,,,,,0,0,0,0,0,0
4,3,33,32.12,76.73,34.45,Wheat,Black,Urea,,,,,,0,0,0,0,0,0
23,0,24,24.06,53.06,37.08,Sugarcane,Sandy,28-28,,,,,,0,0,0,0,1,0
13,0,41,34.0,59.76,27.52,Maize,Black,DAP,,,,,,0,0,0,0,1,0
38,0,3,38.66,60.15,57.58,Millets,Sandy,DAP,,,,,,0,0,0,0,1,0
10,1,10,27.05,53.34,70.0,Ground Nuts,Loamy,28-28,,,,,,0,0,0,0,0,0
16,0,5,27.27,62.47,57.15,Millets,Clayey,DAP,,,,,,0,0,0,0,1,0
11,0,40,32.56,62.62,56.5,Maize,Clayey,DAP,,,,,,0,0,0,0,1,0
34,2,1,30.84,47.62,28.08,Millets,Red,Urea,,,,,,0,0,0,0,0,0
6,11,32,30.98,64.17,26.26,Ground Nuts,Red,20-20,,,,,,0,0,0,0,0,0
1,14,12,29.51,47.21,49.01,Wheat,Clayey,DAP,,,,,,0,0,0,0,0,0
41,0,4,38.59,68.57,31.88,Paddy,Loamy,14-35-14,,,,,,0,0,0,0,1,0
35,1,1,28.42,68.97,38.11,Barley,Sandy,20-20,,,,,,0,0,0,0,0,0
17,0,8,31.81,62.69,55.11,Barley,Sandy,14-35-14,,,,,,0,0,0,0,1,0
21,0,26,28.06,49.09,36.0,Ground Nuts,Clayey,28-28,,,,,,0,0,0,0,1,0
25,0,18,32.09,67.57,37.6,Sugarcane,Loamy,10-26-26,,,,,,0,0,0,0,1,0
9,8,30,28.4,64.69,20.0,Wheat,Black,DAP,,,,,,0,0,0,0,0,0
7,3,32,35.46,68.5,33.83,Paddy,Red,14-35-14,,,,,,0,0,0,0,0,0
9,0,36,33.36,48.62,48.04,Paddy,Black,14-35-14,,,,,,0,0,0,0,1,0
35,2,0,30.09,51.69,31.75,Sugarcane,Clayey,20-20,,,,,,0,0,1,0,0,0
38,0,0,31.62,53.17,41.08,Maize,Clayey,DAP,,,,,,0,0,1,0,1,0
41,0,0,35.85,65.73,46.71,Wheat,Clayey,20-20,,,,,,0,0,1,0,1,0
36,0,0,22.91,52.89,43.54,Ground Nuts,Black,17-17-17,,,,,,0,0,1,0,1,0
32,0,3,31.57,59.0,29.74,Millets,Loamy,17-17-17,,,,,,0,0,0,0,1,0
41,0,0,33.33,68.93,44.04,Wheat,Loamy,20-20,,,,,,0,0,1,0,1,0
8,14,10,26.1,56.4,70.0,Maize,Red,20-20,,,,,,0,0,0,0,0,0
10,4,8,23.85,54.74,31.15,Maize,Black,28-28,,,,,,0,0,0,0,0,0
4,5,28,33.93,68.08,68.4,Barley,Red,20-20,,,,,,0,0,0,0,0,0
13,0,6,30.9,61.42,48.45,Barley,Loamy,28-28,,,,,,0,0,0,0,1,0
9,4,30,36.91,57.36,46.79,Barley,Black,10-26-26,,,,,,0,0,0,0,0,0
37,0,1,27.89,58.78,32.12,Millets,Clayey,20-20,,,,,,0,0,0,0,1,0
37,0,0,25.91,61.37,35.85,Ground Nuts,Black,20-20,,,,,,0,0,1,0,1,0
37,0,0,26.89,45.93,34.24,Ground Nuts,Loamy,28-28,,,,,,0,0,1,0,1,0
25,1,21,22.37,59.31,53.4,Millets,Sandy,14-35-14,,,,,,0,0,0,0,0,0
40,0,0,40.0,66.19,57.22,Paddy,Sandy,14-35-14,,,,,,0,0,1,0,1,0
15,0,39,25.09,55.29,28.94,Ground Nuts,Loamy,10-26-26,,,,,,0,0,0,0,1,0
12,3,41,34.6,52.97,41.6,Wheat,Red,14-35-14,,,,,,0,0,0,0,0,0
14,0,11,30.08,55.2,40.09,Paddy,Clayey,17-17-17,,,,,,0,0,0,0,1,0
7,16,12,29.16,50.81,20.0,Millets,Black,17-17-17,,,,,,0,0,0,0,0,0
42,3,0,29.23,70.7,54.12,Maize,Sandy,10-26-26,,,,,,0,0,1,0,0,0
17,0,40,35.92,63.54,54.99,Sugarcane,Clayey,14-35-14,,,,,,0,0,0,0,1,0
11,2,33,33.8,69.65,29.13,Sugarcane,Black,20-20,,,,,,0,0,0,0,0,0
2,14,21,32.92,56.58,28.5,Barley,Loamy,28-28,,,,,,0,0,0,0,0,0
11,19,22,29.7,50.47,41.56,Ground Nuts,Sandy,28-28,,,,,,0,0,0,0,0,0
21,0,24,22.82,48.25,49.55,Maize,Clayey,28-28,,,,,,0,0,0,0,1,0
39,3,0,28.88,54.57,38.98,Paddy,Clayey,20-20,,,,,,0,0,1,0,0,0
37,0,0,27.91,48.69,33.26,Ground Nuts,Red,17-17-17,,,,,,0,0,1,0,1,0
17,0,37,31.12,56.27,40.65,Paddy,Loamy,DAP,,,,,,0,0,0,0,1,0
18,0,35,38.03,60.56,64.39,Millets,Loamy,14-35-14,,,,,,0,0,0,0,1,0
32,1,4,21.56,48.99,38.37,Wheat,Clayey,Urea,,,,,,0,0,0,0,0,0
41,3,4,29.74,67.3,55.7,Barley,Clayey,20-20,,,,,,0,0,0,0,0,0
40,0,0,24.02,52.18,41.72,Paddy,Red,28-28,,,,,,0,0,1,0,1,0
4,0,10,28.68,48.05,70.0,Sugarcane,Clayey,10-26-26,,,,,,0,0,0,0,1,0
23,0,22,30.53,54.66,40.76,Wheat,Red,DAP,,,,,,0,0,0,0,1,0
9,6,30,27.28,67.0,60.31,Ground Nuts,Red,17-17-17,,,,,,0,0,0,0,0,0
4,12,33,25.51,63.32,68.32,Maize,Clayey,10-26-26,,,,,,0,0,0,0,0,0
10,0,35,30.28,76.59,30.6,Ground Nuts,Clayey,28-28,,,,,,0,0,0,0,1,0
21,0,19,26.52,59.29,37.89,Sugarcane,Black,14-35-14,,,,,,0,0,0,0,1,0
5,10,28,37.78,70.33,64.11,Wheat,Loamy,10-26-26,,,,,,0,0,0,0,0,0
12,11,11,30.49,58.21,39.3,Ground Nuts,Clayey,17-17-17,,,,,,0,0,0,0,0,0
42,1,0,29.18,54.17,23.3,Ground Nuts,Sandy,28-28,,,,,,0,0,1,0,0,0
9,4,12,22.64,49.3,30.33,Paddy,Black,Urea,,,,,,0,0,0,0,0,0
37,0,0,24.84,49.58,47.64,Barley,Loamy,10-26-26,,,,,,0,0,1,0,1,0
35,4,2,30.49,58.83,54.73,Paddy,Loamy,17-17-17,,,,,,0,0,0,0,0,0
26,4,17,29.82,58.66,44.21,Millets,Sandy,28-28,,,,,,0,0,0,0,0,0
9,7,25,23.92,47.26,38.11,Maize,Red,Urea,,,,,,0,0,0,0,0,0
11,11,14,27.8,66.49,56.09,Ground Nuts,Loamy,28-28,,,,,,0,0,0,0,0,0
15,0,40,40.0,75.55,28.97,Ground Nuts,Black,17-17-17,,,,,,0,0,0,0,1,0
42,0,1,34.46,78.03,54.74,Millets,Red,14-35-14,,,,,,0,0,0,0,1,0
23,0,14,20.26,41.18,47.6,Millets,Red,DAP,,,,,,0,0,0,0,1,0
38,2,1,30.24,56.13,30.91,Barley,Black,10-26-26,,,,,,0,0,0,0,0,0
14,10,11,35.54,62.73,42.81,Paddy,Loamy,DAP,,,,,,0,0,0,0,0,0
22,0,15,30.48,61.31,44.39,Millets,Red,Urea,,,,,,0,0,0,0,1,0
39,0,2,29.86,48.43,47.14,Maize,Clayey,14-35-14,,,,,,0,0,0,0,1,0
8,2,32,25.2,65.72,54.26,Sugarcane,Black,20-20,,,,,,0,0,0,0,0,0
13,0,36,31.81,70.13,21.18,Ground Nuts,Red,28-28,,,,,,0,0,0,0,1,0
15,0,38,22.32,56.11,24.06,Maize,Black,17-17-17,,,,,,0,0,0,0,1,0
5,7,25,30.23,55.76,53.54,Barley,Loamy,14-35-14,,,,,,0,0,0,0,0,0
16,2,26,26.08,44.39,42.34,Sugarcane,Clayey,20-20,,,,,,0,0,0,0,0,0
44,3,0,39.89,76.0,32.46,Ground Nuts,Red,17-17-17,,,,,,0,0,1,0,0,0
20,1,27,26.41,55.23,43.13,Barley,Black,10-26-26,,,,,,0,0,0,0,0,0
16,0,42,35.85,62.3,36.56,Millets,Red,Urea,,,,,,0,0,0,0,1,0
11,6,26,35.84,73.34,56.27,Barley,Red,10-26-26,,,,,,0,0,0,0,0,0
40,2,0,32.85,53.21,37.96,Barley,Black,DAP,,,,,,0,0,1,0,0,0
20,0,19,36.16,64.0,43.68,Millets,Loamy,Urea,,,,,,0,0,0,0,1,0
9,4,35,38.77,73.1,64.83,Paddy,Sandy,28-28,,,,,,0,0,0,0,0,0
36,0,0,31.66,68.88,64.94,Paddy,Sandy,17-17-17,,,,,,0,0,1,0,1,0
32,0,0,25.79,47.25,45.73,Millets,Clayey,DAP,,,,,,0,0,1,0,1,0
15,14,13,37.12,73.45,56.53,Wheat,Loamy,14-35-14,,,,,,0,0,0,0,0,0
40,0,0,27.79,54.72,69.39,Maize,Black,20-20,,,,,,0,0,1,0,1,0
12,7,24,27.84,50.3,41.85,Paddy,Loamy,14-35-14,,,,,,0,0,0,0,0,0
32,0,2,23.68,57.9,28.78,Maize,Sandy,14-35-14,,,,,,0,0,0,0,1,0
36,0,0,32.02,47.68,43.98,Sugarcane,Loamy,28-28,,,,,,0,0,1,0,1,0
15,13,15,34.91,53.17,64.9,Paddy,Sandy,DAP,,,,,,0,0,0,0,0,0
40,2,0,31.87,56.38,39.33,Barley,Clayey,20-20,,,,,,0,0,1,0,0,0
13,2,6,21.34,47.91,23.25,Barley,Loamy,10-26-26,,,,,,0,0,0,0,0,0
14,10,33,30.22,56.38,60.39,Maize,Loamy,Urea,,,,,,0,0,0,0,0,0
26,0,16,24.32,66.77,37.7,Ground Nuts,Black,20-20,,,,,,0,0,0,0,1,0
10,4,4,31.78,51.44,58.82,Barley,Loamy,17-17-17,,,,,,0,0,0,0,0,0
8,0,15,25.66,45.25,65.07,Barley,Sandy,28-28,,,,,,0,0,0,0,1,0
21,4,22,37.17,70.91,67.53,Ground Nuts,Sandy,14-35-14,,,,,,0,0,0,0,0,0
31,0,0,27.41,53.44,36.65,Sugarcane,Black,Urea,,,,,,0,0,1,0,1,0
22,0,21,29.68,74.89,47.11,Barley,Sandy,20-20,,,,,,0,0,0,0,1,0
12,5,24,29.9,53.17,58.98,Ground Nuts,Black,17-17-17,,,,,,0,0,0,0,0,0
14,1,14,31.08,56.03,45.64,Millets,Black,14-35-14,,,,,,0,0,0,0,0,0
15,3,39,31.95,59.95,41.17,Maize,Loamy,20-20,,,,,,0,0,0,0,0,0
1,14,14,28.83,59.74,35.13,Ground Nuts,Loamy,Urea,,,,,,0,0,0,0,0,0
10,0,43,40.0,52.95,43.51,Wheat,Loamy,14-35-14,,,,,,0,0,0,0,1,0
30,0,0,28.17,50.93,37.01,Sugarcane,Clayey,17-17-17,,,,,,0,0,1,0,1,0
14,1,36,33.29,71.48,55.06,Wheat,Loamy,Urea,,,,,,0,0,0,0,0,0
27,0,18,22.61,60.89,53.36,Ground Nuts,Black,17-17-17,,,,,,0,0,0,0,1,0
1,15,15,24.55,59.45,47.37,Barley,Red,Urea,,,,,,0,0,0,0,0,0
13,15,13,28.72,58.94,59.53,Ground Nuts,Sandy,28-28,,,,,,0,0,0,0,0,0
15,0,38,27.77,61.89,27.29,Wheat,Black,28-28,,,,,,0,0,0,0,1,0
17,0,41,27.09,45.13,20.39,Wheat,Red,28-28,,,,,,0,0,0,0,1,0
10,16,19,28.74,60.87,37.06,Maize,Clayey,17-17-17,,,,,,0,0,0,0,0,0
15,2,9,38.12,66.69,33.67,Sugarcane,Loamy,DAP,,,,,,0,0,0,0,0,0
22,0,16,37.98,66.3,70.0,Paddy,Red,10-26-26,,,,,,0,0,0,0,1,0
22,0,25,30.61,58.28,51.6,Ground Nuts,Loamy,14-35-14,,,,,,0,0,0,0,1,0
8,17,12,30.0,42.84,46.81,Barley,Loamy,17-17-17,,,,,,0,0,0,0,0,0
14,3,39,39.4,75.28,52.3,Maize,Red,10-26-26,,,,,,0,0,0,0,0,0
19,0,21,27.74,60.46,44.85,Wheat,Red,20-20,,,,,,0,0,0,0,1,0
24,0,20,27.37,52.05,37.96,Maize,Clayey,28-28,,,,,,0,0,0,0,1,0
7,7,11,32.5,71.1,69.62,Wheat,Red,10-26-26,,,,,,0,0,0,0,0,0
12,0,13,26.46,43.65,36.14,Maize,Black,20-20,,,,,,0,0,0,0,1,0
16,0,44,36.4,70.69,31.58,Ground Nuts,Sandy,28-28,,,,,,0,0,0,0,1,0
6,4,34,39.77,60.41,50.77,Wheat,Sandy,Urea,,,,,,0,0,0,0,0,0
39,0,0,33.93,62.94,38.71,Millets,Red,14-35-14,,,,,,0,0,1,0,1,0
36,0,3,38.38,71.17,56.45,Wheat,Clayey,14-35-14,,,,,,0,0,0,0,1,0
2,20,18,25.07,45.11,36.38,Maize,Clayey,20-20,,,,,,0,0,0,0,0,0
43,0,3,28.48,60.34,33.57,Millets,Sandy,28-28,,,,,,0,0,0,0,1,0
43,0,1,34.31,58.35,30.92,Millets,Black,10-26-26,,,,,,0,0,0,0,1,0
27,2,17,24.11,57.89,23.7,Sugarcane,Loamy,28-28,,,,,,0,0,0,0,0,0
8,9,19,28.66,41.97,62.44,Barley,Red,14-35-14,,,,,,0,0,0,0,0,0
9,0,42,22.83,46.9,34.09,Wheat,Clayey,DAP,,,,,,0,0,0,0,1,0
10,13,29,25.54,65.51,26.75,Paddy,Black,28-28,,,,,,0,0,0,0,0,0
14,0,32,30.02,68.96,35.81,Sugarcane,Red,20-20,,,,,,0,0,0,0,1,0
26,4,18,29.98,73.22,48.77,Millets,Clayey,Urea,,,,,,0,0,0,0,0,0
41,2,0,34.95,71.28,53.19,Millets,Red,20-20,,,,,,0,0,1,0,0,0
8,0,5,27.38,57.61,57.88,Maize,Sandy,DAP,,,,,,0,0,0,0,1,0
20,0,26,26.84,54.27,49.61,Paddy,Red,28-28,,,,,,0,0,0,0,1,0
11,13,27,31.54,66.48,66.12,Wheat,Clayey,DAP,,,,,,0,0,0,0,0,0
14,0,33,30.38,67.91,57.24,Sugarcane,Sandy,14-35-14,,,,,,0,0,0,0,1,0
15,1,32,33.13,61.63,41.66,Paddy,Sandy,28-28,,,,,,0,0,0,0,0,0
10,2,44,40.0,61.51,32.66,Paddy,Sandy,14-35-14,,,,,,0,0,0,0,0,0
10,4,28,29.45,60.0,64.63,Maize,Loamy,Urea,,,,,,0,0,0,0,0,0
5,3,10,25.22,62.81,49.09,Paddy,Red,28-28,,,,,,0,0,0,0,0,0
6,11,31,25.96,53.04,46.11,Barley,Black,10-26-26,,,,,,0,0,0,0,0,0
16,4,17,40.0,71.27,25.24,Maize,Red,17-17-17,,,,,,0,0,0,0,0,0
7,3,27,29.41,52.65,48.35,Barley,Loamy,DAP,,,,,,0,0,0,0,0,0
37,0,0,33.88,55.46,26.2,Millets,Black,28-28,,,,,,0,0,1,0,1,0
11,0,6,33.99,68.26,39.64,Barley,Red,10-26-26,,,,,,0,0,0,0,1,0
5,20,24,25.83,44.55,44.99,Paddy,Sandy,Urea,,,,,,0,0,0,0,0,0
9,17,16,27.19,59.49,56.18,Maize,Black,DAP,,,,,,0,0,0,0,0,0
8,0,31,26.73,44.52,40.8,Paddy,Clayey,14-35-14,,,,,,0,0,0,0,1,0
0,7,28,30.46,71.86,41.95,Wheat,Clayey,10-26-26,,,,,,1,0,0,0,0,0
14,16,23,32.49,61.52,47.27,Wheat,Sandy,Urea,,,,,,0,0,0,0,0,0
27,2,23,23.54,50.26,50.16,Millets,Loamy,20-20,,,,,,0,0,0,0,0,0
15,2,36,28.53,62.54,61.11,Maize,Red,14-35-14,,,,,,0,0,0,0,0,0
15,12,6,24.98,47.0,20.99,Sugarcane,Loamy,28-28,,,,,,0,0,0,0,0,0
1,7,33,36.94,58.84,55.16,Sugarcane,Sandy,28-28,,,,,,0,0,0,0,0,0
11,0,17,27.36,61.34,43.04,Wheat,Black,28-28,,,,,,0,0,0,0,1,0
10,0,34,29.03,53.72,43.41,Wheat,Loamy,DAP,,,,,,0,0,0,0,1,0
16,0,10,32.8,55.77,44.43,Barley,Sandy,14-35-14,,,,,,0,0,0,0,1,0
12,0,41,37.53,58.75,51.59,Paddy,Red,10-26-26,,,,,,0,0,0,0,1,0
17,15,14,22.07,52.72,24.22,Millets,Sandy,10-26-26,,,,,,0,0,0,0,0,0
44,1,0,28.92,44.74,44.89,Millets,Red,17-17-17,,,,,,0,0,1,0,0,0
38,0,0,26.05,48.76,45.26,Barley,Loamy,DAP,,,,,,0,0,1,0,1,0
7,11,17,26.56,59.44,32.72,Maize,Black,20-20,,,,,,0,0,0,0,0,0
14,0,36,31.15,55.59,35.09,Barley,Red,14-35-14,,,,,,0,0,0,0,1,0
2,20,16,25.6,57.71,30.94,Millets,Black,28-28,,,,,,0,0,0,0,0,0
13,0,35,26.71,55.75,70.0,Ground Nuts,Black,28-28,,,,,,0,0,0,0,1,0
20,0,17,29.67,63.41,36.42,Millets,Red,28-28,,,,,,0,0,0,0,1,0
41,1,2,32.01,57.23,32.85,Sugarcane,Sandy,10-26-26,,,,,,0,0,0,0,0,0
33,2,0,30.59,54.91,43.28,Barley,Sandy,DAP,,,,,,0,0,1,0,0,0
40,2,0,30.48,47.8,70.0,Paddy,Loamy,28-28,,,,,,0,0,1,0,0,0
11,1,8,30.3,69.31,52.01,Barley,Black,DAP,,,,,,0,0,0,0,0,0
4,6,34,34.08,55.54,59.21,Millets,Black,20-20,,,,,,0,0,0,0,0,0
6,2,8,38.45,63.15,58.06,Barley,Clayey,10-26-26,,,,,,0,0,0,0,0,0
17,16,20,24.76,55.27,34.69,Sugarcane,Sandy,17-17-17,,,,,,0,0,0,0,0,0
10,4,26,25.73,68.57,70.0,Millets,Sandy,17-17-17,,,,,,0,0,0,0,0,0
34,0,0,20.56,55.98,65.55,Barley,Loamy,DAP,,,,,,0,0,1,0,1,0
42,0,0,38.77,68.24,57.2,Wheat,Sandy,20-20,,,,,,0,0,1,0,1,0
2,14,18,26.67,42.74,30.17,Maize,Red,Urea,,,,,,0,0,0,0,0,0
38,0,0,31.42,63.61,32.38,Wheat,Loamy,28-28,,,,,,0,0,1,0,1,0
10,16,13,26.7,43.08,32.35,Ground Nuts,Black,17-17-17,,,,,,0,0,0,0,0,0
10,18,10,26.05,51.11,35.27,Wheat,Red,17-17-17,,,,,,0,0,0,0,0,0
12,0,6,32.41,67.07,32.33,Barley,Loamy,Urea,,,,,,0,0,0,0,1,0
32,0,0,27.81,63.26,43.38,Wheat,Sandy,10-26-26,,,,,,0,0,1,0,1,0
40,0,2,23.36,50.24,34.4,Sugarcane,Sandy,DAP,,,,,,0,0,0,0,1,0
23,4,22,26.74,56.43,41.86,Maize,Loamy,DAP,,,,,,0,0,0,0,0,0
17,0,32,33.17,68.4,25.54,Barley,Black,Urea,,,,,,0,0,0,0,1,0
16,0,35,33.5,69.8,35.8,Ground Nuts,Clayey,DAP,,,,,,0,0,0,0,1,0
16,3,13,28.32,55.53,39.8,Barley,Clayey,14-35-14,,,,,,0,0,0,0,0,0
36,1,0,25.68,50.13,50.92,Sugarcane,Red,Urea,,,,,,0,0,1,0,0,0
37,0,0,28.77,63.48,49.52,Barley,Red,DAP,,,,,,0,0,1,0,1,0
12,4,39,27.12,63.03,28.6,Paddy,Loamy,DAP,,,,,,0,0,0,0,0,0
36,0,0,31.38,57.13,37.26,Ground Nuts,Black,20-20,,,,,,0,0,1,0,1,0
27,1,20,36.99,70.45,29.04,Sugarcane,Red,DAP,,,,,,0,0,0,0,0,0
25,0,32,35.01,69.3,40.11,Sugarcane,Sandy,DAP,,,,,,0,0,0,0,1,0
24,0,19,38.22,70.27,63.95,Ground Nuts,Black,14-35-14,,,,,,0,0,0,0,1,0
38,2,4,30.23,47.44,55.39,Barley,Red,DAP,,,,,,0,0,0,0,0,0
22,0,27,33.72,52.61,37.01,Millets,Black,10-26-26,,,,,,0,0,0,0,1,0
37,0,0,29.14,58.06,43.94,Paddy,Clayey,14-35-14,,,,,,0,0,1,0,1,0
19,0,44,40.0,52.02,45.67,Maize,Clayey,14-35-14,,,,,,0,0,0,0,1,0
34,2,4,27.61,61.04,41.97,Barley,Clayey,14-35-14,,,,,,0,0,0,0,0,0
38,4,1,23.74,62.35,31.53,Ground Nuts,Sandy,Urea,,,,,,0,0,0,0,0,0
14,4,41,34.77,66.85,35.35,Ground Nuts,Clayey,17-17-17,,,,,,0,0,0,0,0,0
30,4,3,24.69,52.7,23.05,Wheat,Loamy,28-28,,,,,,0,0,0,0,0,0
16,6,14,28.79,61.59,40.95,Millets,Sandy,DAP,,,,,,0,0,0,0,0,0
9,0,34,25.37,56.61,56.98,Millets,Sandy,10-26-26,,,,,,0,0,0,0,1,0
18,4,22,35.56,61.27,33.78,Barley,Black,DAP,,,,,,0,0,0,0,0,0
24,0,24,28.85,45.97,49.62,Wheat,Black,Urea,,,,,,0,0,0,0,1,0
16,0,45,33.94,57.41,48.69,Paddy,Loamy,17-17-17,,,,,,0,0,0,0,1,0
11,13,26,34.02,63.05,32.44,Sugarcane,Clayey,20-20,,,,,,0,0,0,0,0,0
17,0,8,26.44,51.89,42.5,Sugarcane,Clayey,28-28,,,,,,0,0,0,0,1,0
15,0,44,27.43,65.87,20.0,Sugarcane,Sandy,17-17-17,,,,,,0,0,0,0,1,0
33,2,0,25.4,50.75,42.4,Barley,Black,14-35-14,,,,,,0,0,1,0,0,0
35,4,0,25.22,56.62,37.89,Millets,Sandy,Urea,,,,,,0,0,1,0,0,0
20,2,22,24.15,40.44,44.93,Ground Nuts,Red,28-28,,,,,,0,0,0,0,0,0
12,3,37,36.93,71.6,35.49,Maize,Loamy,17-17-17,,,,,,0,0,0,0,0,0
12,0,44,32.73,62.28,57.46,Barley,Sandy,28-28,,,,,,0,0,0,0,1,0
45,1,4,29.55,66.21,41.21,Millets,Clayey,17-17-17,,,,,,0,0,0,0,0,0
6,21,15,25.75,59.79,24.64,Paddy,Red,17-17-17,,,,,,0,0,0,0,0,0
41,1,0,35.85,54.97,32.94,Ground Nuts,Loamy,17-17-17,,,,,,0,0,1,0,0,0
35,0,0,31.4,69.24,29.06,Millets,Red,10-26-26,,,,,,0,0,1,0,1,0
11,4,40,34.9,71.05,59.48,Wheat,Red,20-20,,,,,,0,0,0,0,0,0
13,0,6,30.98,59.93,30.97,Wheat,Loamy,28-28,,,,,,0,0,0,0,1,0
9,4,13,24.15,51.72,31.91,Sugarcane,Red,Urea,,,,,,0,0,0,0,0,0
22,0,26,28.44,52.45,34.64,Millets,Red,28-28,,,,,,0,0,0,0,1,0
19,0,23,24.69,45.0,34.65,Ground Nuts,Black,DAP,,,,,,0,0,0,0,1,0
8,0,10,34.34,54.99,47.61,Sugarcane,Black,DAP,,,,,,0,0,0,0,1,0
13,0,11,32.89,60.09,59.65,Wheat,Clayey,20-20,,,,,,0,0,0,0,1,0
18,0,36,31.34,59.69,60.78,Millets,Red,17-17-17,,,,,,0,0,0,0,1,0
15,18,16,32.2,67.18,28.11,Barley,Loamy,14-35-14,,,,,,0,0,0,0,0,0
10,0,19,31.51,67.28,31.19,Paddy,Clayey,DAP,,,,,,0,0,0,0,1,0
20,2,14,33.68,55.21,53.32,Ground Nuts,Sandy,17-17-17,,,,,,0,0,0,0,0,0
8,3,31,30.94,46.3,42.29,Sugarcane,Loamy,28-28,,,,,,0,0,0,0,0,0
45,0,0,27.81,60.0,25.06,Barley,Sandy,20-20,,,,,,0,0,1,0,1,0
8,0,9,31.36,56.32,45.45,Barley,Sandy,17-17-17,,,,,,0,0,0,0,1,0
2,14,18,27.52,59.49,43.56,Maize,Clayey,17-17-17,,,,,,0,0,0,0,0,0
10,1,41,32.97,57.21,28.8,Barley,Loamy,14-35-14,,,,,,0,0,0,0,0,0
9,15,19,29.13,72.87,40.38,Sugarcane,Black,Urea,,,,,,0,0,0,0,0,0
8,17,16,27.2,52.83,31.04,Paddy,Red,28-28,,,,,,0,0,0,0,0,0
25,0,23,29.52,70.13,55.59,Millets,Loamy,17-17-17,,,,,,0,0,0,0,1,0
22,1,15,26.58,49.05,23.6,Barley,Loamy,20-20,,,,,,0,0,0,0,0,0
14,2,18,27.86,58.24,49.66,Barley,Red,Urea,,,,,,0,0,0,0,0,0
8,0,34,27.87,59.72,43.57,Barley,Loamy,DAP,,,,,,0,0,0,0,1,0
20,1,23,31.12,59.5,48.49,Maize,Loamy,10-26-26,,,,,,0,0,0,0,0,0
6,13,26,29.45,60.16,56.75,Millets,Black,Urea,,,,,,0,0,0,0,0,0
18,0,18,25.45,59.9,50.43,Maize,Black,DAP,,,,,,0,0,0,0,1,0
5,11,26,25.44,59.38,44.01,Paddy,Red,10-26-26,,,,,,0,0,0,0,0,0
37,3,3,26.27,47.12,39.19,Paddy,Red,28-28,,,,,,0,0,0,0,0,0
17,14,15,33.6,59.48,46.26,Sugarcane,Sandy,Urea,,,,,,0,0,0,0,0,0
14,3,10,28.43,66.03,44.05,Millets,Black,17-17-17,,,,,,0,0,0,0,0,0
15,0,31,25.5,56.26,56.35,Barley,Sandy,28-28,,,,,,0,0,0,0,1,0
9,2,11,21.81,55.61,64.1,Sugarcane,Red,Urea,,,,,,0,0,0,0,0,0
30,4,0,37.5,70.28,65.23,Wheat,Black,Urea,,,,,,0,0,1,0,0,0
37,0,0,25.64,52.31,36.33,Maize,Loamy,Urea,,,,,,0,0,1,0,1,0
36,1,0,29.8,49.21,70.0,Wheat,Loamy,17-17-17,,,,,,0,0,1,0,0,0
11,0,7,27.94,55.06,48.07,Millets,Clayey,10-26-26,,,,,,0,0,0,0,1,0
11,0,11,33.38,69.64,47.26,Millets,Black,20-20,,,,,,0,0,0,0,1,0
6,1,13,33.15,56.8,52.58,Maize,Black,DAP,,,,,,0,0,0,0,0,0
16,0,36,25.8,68.86,28.28,Paddy,Clayey,20-20,,,,,,0,0,0,0,1,0
12,8,28,24.18,49.22,58.28,Barley,Sandy,Urea,,,,,,0,0,0,0,0,0
4,10,25,27.34,64.09,45.24,Paddy,Sandy,28-28,,,,,,0,0,0,0,0,0
22,0,26,33.33,61.68,36.85,Paddy,Loamy,14-35-14,,,,,,0,0,0,0,1,0
7,12,17,29.4,59.77,36.99,Ground Nuts,Sandy,Urea,,,,,,0,0,0,0,0,0
17,21,18,26.96,53.75,21.67,Ground Nuts,Sandy,Urea,,,,,,0,0,0,0,0,0
42,0,0,29.02,54.06,21.84,Millets,Clayey,DAP,,,,,,0,0,1,0,1,0
34,0,1,25.28,48.89,31.22,Paddy,Red,10-26-26,,,,,,0,0,0,0,1,0
12,3,32,32.81,49.4,37.62,Barley,Loamy,DAP,,,,,,0,0,0,0,0,0
7,0,4,25.24,59.52,65.55,Sugarcane,Black,28-28,,,,,,0,0,0,0,1,0
7,2,44,36.1,74.43,33.26,Millets,Clayey,28-28,,,,,,0,0,0,0,0,0
19,2,20,30.99,68.56,42.89,Barley,Black,20-20,,,,,,0,0,0,0,0,0
11,0,39,31.8,59.13,20.0,Paddy,Clayey,14-35-14,,,,,,0,0,0,0,1,0
11,6,19,28.69,65.85,51.02,Barley,Sandy,20-20,,,,,,0,0,0,0,0,0
9,12,15,21.55,59.81,42.69,Wheat,Clayey,17-17-17,,,,,,0,0,0,0,0,0
26,0,23,29.05,44.58,47.92,Paddy,Red,DAP,,,,,,0,0,0,0,1,0
45,2,0,25.08,46.33,34.66,Sugarcane,Red,10-26-26,,,,,,0,0,1,0,0,0
12,13,15,31.15,63.79,67.79,Ground Nuts,Loamy,28-28,,,,,,0,0,0,0,0,0
20,3,25,26.49,52.95,43.97,Millets,Black,Urea,,,,,,0,0,0,0,0,0
37,0,0,36.63,63.13,35.97,Ground Nuts,Red,17-17-17,,,,,,0,0,1,0,1,0
4,6,25,40.0,67.3,47.09,Paddy,Clayey,20-20,,,,,,0,0,0,0,0,0
7,8,11,27.05,46.43,54.7,Ground Nuts,Loamy,20-20,,,,,,0,0,0,0,0,0
20,0,21,33.43,57.05,40.58,Millets,Black,20-20,,,,,,0,0,0,0,1,0
37,3,0,38.27,63.64,34.87,Barley,Black,Urea,,,,,,0,0,1,0,0,0
16,10,7,23.88,50.11,28.85,Wheat,Clayey,17-17-17,,,,,,0,0,0,0,0,0
17,4,16,25.87,52.61,51.85,Maize,Loamy,10-26-26,,,,,,0,0,0,0,0,0
4,7,33,30.82,64.35,50.99,Barley,Clayey,17-17-17,,,,,,0,0,0,0,0,0
11,12,12,26.97,52.44,68.26,Millets,Clayey,Urea,,,,,,0,0,0,0,0,0
25,0,15,28.67,57.85,35.03,Sugarcane,Red,Urea,,,,,,0,0,0,0,1,0
7,3,4,32.67,62.29,40.3,Ground Nuts,Clayey,10-26-26,,,,,,0,0,0,0,0,0
39,0,0,31.99,70.0,65.07,Wheat,Black,10-26-26,,,,,,0,0,1,0,1,0
41,0,1,36.79,65.0,25.87,Wheat,Clayey,28-28,,,,,,0,0,0,0,1,0
13,11,27,30.99,49.27,20.0,Barley,Black,14-35-14,,,,,,0,0,0,0,0,0
43,0,1,32.87,73.43,28.8,Sugarcane,Clayey,DAP,,,,,,0,0,0,0,1,0
37,3,3,27.71,43.77,39.93,Paddy,Sandy,14-35-14,,,,,,0,0,0,0,0,0
10,18,15,38.42,58.28,58.78,Ground Nuts,Loamy,Urea,,,,,,0,0,0,0,0,0
11,0,37,29.03,55.07,21.85,Wheat,Black,10-26-26,,,,,,0,0,0,0,1,0
10,0,14,29.63,52.15,29.15,Sugarcane,Red,28-28,,,,,,0,0,0,0,1,0
8,8,31,30.19,50.07,55.28,Millets,Black,28-28,,,,,,0,0,0,0,0,0
10,3,27,31.02,57.58,20.0,Barley,Black,Urea,,,,,,0,0,0,0,0,0
5,8,28,31.68,50.27,50.06,Ground Nuts,Sandy,14-35-14,,,,,,0,0,0,0,0,0
38,0,1,23.14,53.52,59.52,Barley,Red,DAP,,,,,,0,0,0,0,1,0
38,4,0,26.88,63.51,45.65,Ground Nuts,Loamy,28-28,,,,,,0,0,1,0,0,0
9,0,36,29.83,49.84,47.91,Sugarcane,Red,14-35-14,,,,,,0,0,0,0,1,0
10,17,18,20.09,57.36,36.23,Sugarcane,Clayey,14-35-14,,,,,,0,0,0,0,0,0
12,14,13,22.11,50.94,33.26,Millets,Sandy,14-35-14,,,,,,0,0,0,0,0,0
8,11,11,30.8,50.26,34.44,Paddy,Sandy,20-20,,,,,,0,0,0,0,0,0
3,4,32,35.04,68.15,32.62,Barley,Black,17-17-17,,,,,,0,0,0,0,0,0
11,0,11,26.46,54.2,60.37,Maize,Loamy,DAP,,,,,,0,0,0,0,1,0
24,4,25,29.84,56.17,52.61,Sugarcane,Clayey,DAP,,,,,,0,0,0,0,0,0
4,14,31,29.53,57.3,28.3,Maize,Red,Urea,,,,,,0,0,0,0,0,0
10,22,13,22.59,58.51,42.18,Millets,Red,10-26-26,,,,,,0,0,0,0,0,0
32,0,0,23.48,58.68,33.71,Sugarcane,Black,DAP,,,,,,0,0,1,0,1,0
8,4,16,22.9,52.41,37.35,Maize,Red,Urea,,,,,,0,0,0,0,0,0
10,2,10,36.38,71.89,48.76,Ground Nuts,Red,14-35-14,,,,,,0,0,0,0,0,0
12,10,28,32.37,71.46,24.3,Barley,Clayey,20-20,,,,,,0,0,0,0,0,0
19,0,35,27.4,59.99,27.39,Paddy,Black,14-35-14,,,,,,0,0,0,0,1,0
16,1,6,33.21,56.71,52.11,Millets,Sandy,Urea,,,,,,0,0,0,0,0,0
42,0,0,25.27,46.34,30.37,Wheat,Clayey,Urea,,,,,,0,0,1,0,1,0
38,2,0,29.25,55.35,49.89,Barley,Black,28-28,,,,,,0,0,1,0,0,0
14,0,13,29.28,54.61,62.26,Barley,Red,20-20,,,,,,0,0,0,0,1,0
12,7,33,31.57,56.03,49.4,Millets,Sandy,Urea,,,,,,0,0,0,0,0,0
11,10,9,23.31,47.22,25.84,Sugarcane,Sandy,Urea,,,,,,0,0,0,0,0,0
24,0,22,22.79,55.32,40.35,Maize,Black,10-26-26,,,,,,0,0,0,0,1,0
11,12,29,30.24,53.59,54.41,Paddy,Black,Urea,,,,,,0,0,0,0,0,0
10,0,32,35.62,59.35,43.06,Paddy,Black,DAP,,,,,,0,0,0,0,1,0
45,0,4,28.35,52.08,20.51,Paddy,Black,Urea,,,,,,0,0,0,0,1,0
12,12,31,30.66,48.43,53.73,Millets,Loamy,28-28,,,,,,0,0,0,0,0,0
7,4,28,37.5,65.89,45.19,Paddy,Loamy,28-28,,,,,,0,0,0,0,0,0
13,0,38,37.32,62.83,35.2,Paddy,Red,DAP,,,,,,0,0,0,0,1,0
3,4,33,31.38,58.81,20.99,Maize,Clayey,14-35-14,,,,,,0,0,0,0,0,0
45,0,0,24.87,53.77,41.62,Barley,Sandy,10-26-26,,,,,,0,0,1,0,1,0
42,0,2,35.45,66.58,36.72,Barley,Red,20-20,,,,,,0,0,0,0,1,0
26,1,20,28.27,64.54,36.26,Paddy,Sandy,Urea,,,,,,0,0,0,0,0,0
44,3,0,27.03,62.23,28.65,Maize,Clayey,28-28,,,,,,0,0,1,0,0,0
8,4,43,32.46,68.48,31.3,Sugarcane,Sandy,14-35-14,,,,,,0,0,0,0,0,0
16,1,31,32.76,50.34,37.94,Sugarcane,Loamy,Urea,,,,,,0,0,0,0,0,0
21,0,23,21.71,44.2,43.22,Sugarcane,Black,Urea,,,,,,0,0,0,0,1,0
12,17,11,30.04,62.08,62.67,Ground Nuts,Black,17-17-17,,,,,,0,0,0,0,0,0
6,7,28,28.1,69.82,63.0,Maize,Sandy,10-26-26,,,,,,0,0,0,0,0,0
3,4,29,33.02,78.74,48.74,Ground Nuts,Black,20-20,,,,,,0,0,0,0,0,0
15,0,45,21.89,49.75,40.89,Paddy,Loamy,20-20,,,,,,0,0,0,0,1,0
5,21,18,25.29,40.62,42.74,Sugarcane,Sandy,Urea,,,,,,0,0,0,0,0,0
21,0,19,36.93,61.19,29.29,Paddy,Red,28-28,,,,,,0,0,0,0,1,0
22,0,21,30.92,64.22,55.34,Maize,Clayey,20-20,,,,,,0,0,0,0,1,0
13,3,35,36.1,66.96,25.72,Barley,Sandy,28-28,,,,,,0,0,0,0,0,0
35,0,0,21.7,40.45,64.17,Maize,Sandy,Urea,,,,,,0,0,1,0,1,0
12,6,33,30.5,62.99,36.07,Ground Nuts,Red,10-26-26,,,,,,0,0,0,0,0,0
21,2,19,30.43,59.8,49.02,Ground Nuts,Black,Urea,,,,,,0,0,0,0,0,0
7,7,35,32.33,67.75,59.96,Millets,Loamy,14-35-14,,,,,,0,0,0,0,0,0
40,0,0,29.44,57.46,38.52,Barley,Red,Urea,,,,,,0,0,1,0,1,0
13,0,13,29.3,51.86,65.79,Sugarcane,Sandy,14-35-14,,,,,,0,0,0,0,1,0
16,11,13,38.47,62.47,48.62,Ground Nuts,Black,20-20,,,,,,0,0,0,0,0,0
11,0,16,29.46,59.85,38.35,Paddy,Black,10-26-26,,,,,,0,0,0,0,1,0
5,11,25,37.38,74.63,60.35,Ground Nuts,Clayey,DAP,,,,,,0,0,0,0,0,0
26,3,19,26.59,49.71,34.99,Paddy,Loamy,10-26-26,,,,,,0,0,0,0,0,0
18,1,16,25.41,49.09,44.03,Barley,Sandy,14-35-14,,,,,,0,0,0,0,0,0
7,0,38,33.39,71.13,49.02,Millets,Clayey,20-20,,,,,,0,0,0,0,1,0
8,8,31,28.36,50.91,33.57,Paddy,Clayey,Urea,,,,,,0,0,0,0,0,0
35,2,0,37.54,71.73,49.13,Ground Nuts,Red,Urea,,,,,,0,0,1,0,0,0
8,7,29,31.38,68.77,66.23,Wheat,Loamy,DAP,,,,,,0,0,0,0,0,0
10,2,12,29.52,60.02,61.06,Sugarcane,Clayey,28-28,,,,,,0,0,0,0,0,0
22,0,20,29.49,43.74,32.44,Sugarcane,Loamy,DAP,,,,,,0,0,0,0,1,0
7,12,28,37.19,61.38,49.57,Maize,Clayey,17-17-17,,,,,,0,0,0,0,0,0
33,0,0,32.37,54.35,50.09,Maize,Red,10-26-26,,,,,,0,0,1,0,1,0
26,0,22,28.71,45.53,37.59,Barley,Clayey,20-20,,,,,,0,0,0,0,1,0
15,0,37,26.9,56.65,22.83,Sugarcane,Sandy,10-26-26,,,,,,0,0,0,0,1,0
16,1,45,32.48,52.45,43.5,Barley,Loamy,20-20,,,,,,0,0,0,0,0,0
8,10,9,38.58,57.38,60.1,Barley,Loamy,14-35-14,,,,,,0,0,0,0,0,0
9,0,33,30.12,59.49,45.57,Ground Nuts,Sandy,14-35-14,,,,,,0,0,0,0,1,0
10,3,12,27.4,53.38,24.91,Barley,Sandy,20-20,,,,,,0,0,0,0,0,0
37,0,0,25.36,62.86,41.08,Wheat,Clayey,10-26-26,,,,,,0,0,1,0,1,0
16,0,42,40.0,66.64,40.47,Paddy,Black,10-26-26,,,,,,0,0,0,0,1,0
16,3,41,32.28,51.88,30.19,Barley,Loamy,Urea,,,,,,0,0,0,0,0,0
13,14,17,28.38,63.35,70.0,Maize,Sandy,Urea,,,,,,0,0,0,0,0,0
34,0,0,30.7,55.96,30.0,Millets,Black,20-20,,,,,,0,0,1,0,1,0
9,1,43,32.35,78.2,31.24,Sugarcane,Black,DAP,,,,,,0,0,0,0,0,0
3,8,27,36.11,66.33,59.78,Sugarcane,Sandy,DAP,,,,,,0,0,0,0,0,0
22,0,16,27.16,55.97,40.95,Maize,Clayey,17-17-17,,,,,,0,0,0,0,1,0
7,0,46,32.5,63.91,50.78,Barley,Loamy,20-20,,,,,,0,0,0,0,1,0
14,0,38,30.48,50.15,24.47,Sugarcane,Black,17-17-17,,,,,,0,0,0,0,1,0
35,0,0,25.01,46.13,30.97,Sugarcane,Sandy,10-26-26,,,,,,0,0,1,0,1,0
11,2,39,29.47,48.68,39.05,Paddy,Red,20-20,,,,,,0,0,0,0,0,0
28,0,23,29.27,71.38,65.51,Sugarcane,Sandy,17-17-17,,,,,,0,0,0,0,1,0
13,0,36,26.23,46.01,35.38,Wheat,Sandy,14-35-14,,,,,,0,0,0,0,1,0
27,0,24,27.54,57.8,49.7,Wheat,Red,14-35-14,,,,,,0,0,0,0,1,0
8,6,24,33.32,78.29,41.09,Sugarcane,Sandy,28-28,,,,,,0,0,0,0,0,0
43,0,1,30.27,58.64,44.46,Paddy,Sandy,28-28,,,,,,0,0,0,0,1,0
42,1,0,35.01,65.35,36.5,Sugarcane,Clayey,10-26-26,,,,,,0,0,1,0,0,0
20,0,22,21.18,47.08,48.85,Paddy,Sandy,10-26-26,,,,,,0,0,0,0,1,0
36,0,0,25.94,50.12,26.04,Sugarcane,Loamy,10-26-26,,,,,,0,0,1,0,1,0
20,1,31,34.91,62.53,49.22,Wheat,Clayey,DAP,,,,,,0,0,0,0,0,0
39,0,0,30.14,59.84,37.42,Sugarcane,Clayey,20-20,,,,,,0,0,1,0,1,0
6,7,27,35.58,69.81,22.72,Ground Nuts,Loamy,Urea,,,,,,0,0,0,0,0,0
42,0,0,33.29,67.12,25.0,Paddy,Black,20-20,,,,,,0,0,1,0,1,0
8,5,24,28.3,52.68,34.22,Ground Nuts,Red,DAP,,,,,,0,0,0,0,0,0
10,3,31,26.46,63.95,63.21,Maize,Sandy,DAP,,,,,,0,0,0,0,0,0
14,1,42,40.0,68.33,30.9,Wheat,Red,14-35-14,,,,,,0,0,0,0,0,0
13,12,7,21.48,40.33,24.3,Maize,Black,DAP,,,,,,0,0,0,0,0,0
30,0,0,38.55,72.39,57.25,Paddy,Sandy,DAP,,,,,,0,0,1,0,1,0
27,0,23,30.88,57.35,42.86,Maize,Clayey,DAP,,,,,,0,0,0,0,1,0
16,0,11,30.49,59.07,27.14,Barley,Loamy,14-35-14,,,,,,0,0,0,0,1,0
5,6,30,27.49,55.27,67.27,Barley,Loamy,28-28,,,,,,0,0,0,0,0,0
33,0,0,32.66,65.59,24.12,Maize,Clayey,14-35-14,,,,,,0,0,1,0,1,0
41,2,1,32.86,56.84,32.25,Sugarcane,Clayey,10-26-26,,,,,,0,0,0,0,0,0
12,7,25,34.51,77.0,52.89,Paddy,Black,28-28,,,,,,0,0,0,0,0,0
12,2,42,35.64,77.44,40.68,Paddy,Sandy,20-20,,,,,,0,0,0,0,0,0
8,1,10,28.93,59.75,28.26,Paddy,Sandy,Urea,,,,,,0,0,0,0,0,0
8,1,38,24.21,66.11,50.17,Ground Nuts,Black,10-26-26,,,,,,0,0,0,0,0,0
27,0,18,26.55,58.11,35.01,Barley,Red,10-26-26,,,,,,0,0,0,0,1,0
23,3,20,30.89,47.99,44.37,Wheat,Black,14-35-14,,,,,,0,0,0,0,0,0
26,2,16,23.95,49.46,54.47,Millets,Loamy,17-17-17,,,,,,0,0,0,0,0,0
16,0,24,33.16,59.69,35.13,Paddy,Clayey,28-28,,,,,,0,0,0,0,1,0
25,4,26,27.47,54.96,42.17,Wheat,Loamy,20-20,,,,,,0,0,0,0,0,0
8,14,22,39.55,69.54,58.19,Wheat,Loamy,17-17-17,,,,,,0,0,0,0,0,0
12,0,13,25.43,54.6,33.36,Paddy,Clayey,20-20,,,,,,0,0,0,0,1,0
41,0,0,23.19,55.23,47.98,Millets,Clayey,28-28,,,,,,0,0,1,0,1,0
24,0,19,31.18,62.75,47.87,Wheat,Black,10-26-26,,,,,,0,0,0,0,1,0
22,0,16,21.31,45.08,52.48,Paddy,Red,20-20,,,,,,0,0,0,0,1,0
13,0,30,32.65,51.77,59.46,Millets,Black,17-17-17,,,,,,0,0,0,0,1,0
6,2,11,29.51,60.72,49.86,Maize,Sandy,Urea,,,,,,0,0,0,0,0,0
12,0,14,36.65,65.21,44.67,Barley,Loamy,28-28,,,,,,0,0,0,0,1,0
5,6,27,24.53,62.02,27.22,Paddy,Loamy,20-20,,,,,,0,0,0,0,0,0
8,0,34,36.23,68.79,36.18,Sugarcane,Clayey,17-17-17,,,,,,0,0,0,0,1,0
42,1,1,34.02,52.63,32.14,Barley,Loamy,DAP,,,,,,0,0,0,0,0,0
21,2,19,36.98,56.82,31.16,Ground Nuts,Black,Urea,,,,,,0,0,0,0,0,0
19,4,18,30.71,51.25,37.24,Millets,Black,DAP,,,,,,0,0,0,0,0,0
9,0,6,25.81,54.02,45.2,Ground Nuts,Black,Urea,,,,,,0,0,0,0,1,0
43,0,0,29.95,54.6,57.41,Maize,Loamy,28-28,,,,,,0,0,1,0,1,0
36,0,0,30.03,55.83,47.14,Sugarcane,Red,17-17-17,,,,,,0,0,1,0,1,0
35,4,0,30.12,53.39,40.75,Sugarcane,Red,10-26-26,,,,,,0,0,1,0,0,0
42,0,0,26.72,58.18,37.93,Barley,Loamy,28-28,,,,,,0,0,1,0,1,0
10,0,45,27.07,58.87,54.62,Ground Nuts,Loamy,10-26-26,,,,,,0,0,0,0,1,0
25,0,23,27.05,44.28,45.68,Ground Nuts,Clayey,20-20,,,,,,0,0,0,0,1,0
11,0,15,26.25,63.56,28.04,Ground Nuts,Loamy,Urea,,,,,,0,0,0,0,1,0
25,4,25,31.16,56.43,43.16,Barley,Loamy,DAP,,,,,,0,0,0,0,0,0
13,10,31,32.63,62.91,55.52,Maize,Clayey,Urea,,,,,,0,0,0,0,0,0
12,4,38,39.82,76.99,27.78,Wheat,Red,28-28,,,,,,0,0,0,0,0,0
38,1,4,32.97,61.72,42.69,Ground Nuts,Sandy,17-17-17,,,,,,0,0,0,0,0,0
14,0,42,26.42,62.53,32.01,Wheat,Sandy,28-28,,,,,,0,0,0,0,1,0
16,18,13,26.5,61.3,48.77,Sugarcane,Loamy,20-20,,,,,,0,0,0,0,0,0
8,15,14,29.8,60.5,33.18,Ground Nuts,Red,17-17-17,,,,,,0,0,0,0,0,0
14,0,16,26.76,56.88,39.03,Wheat,Sandy,Urea,,,,,,0,0,0,0,1,0
11,5,36,25.63,57.48,54.3,Wheat,Red,28-28,,,,,,0,0,0,0,0,0
31,0,4,25.42,48.77,35.86,Barley,Red,10-26-26,,,,,,0,0,0,0,1,0
11,9,30,34.2,73.24,20.0,Maize,Clayey,14-35-14,,,,,,0,0,0,0,0,0
10,15,12,32.9,66.64,37.72,Paddy,Black,17-17-17,,,,,,0,0,0,0,0,0
11,0,45,23.61,51.8,35.39,Millets,Loamy,17-17-17,,,,,,0,0,0,0,1,0
27,3,24,25.03,48.11,40.57,Barley,Red,DAP,,,,,,0,0,0,0,0,0
38,0,0,36.62,58.47,20.56,Sugarcane,Clayey,DAP,,,,,,0,0,1,0,1,0
7,0,42,33.99,61.71,25.59,Millets,Loamy,14-35-14,,,,,,0,0,0,0,1,0
11,3,8,26.71,56.27,30.9,Ground Nuts,Clayey,10-26-26,,,,,,0,0,0,0,0,0
13,0,8,28.28,43.5,35.37,Maize,Loamy,28-28,,,,,,0,0,0,0,1,0
45,1,3,24.17,51.74,42.57,Millets,Red,14-35-14,,,,,,0,0,0,0,0,0
8,7,32,30.86,67.34,54.97,Maize,Sandy,14-35-14,,,,,,0,0,0,0,0,0
41,1,0,32.79,56.76,45.12,Millets,Black,DAP,,,,,,0,0,1,0,0,0
8,4,25,34.72,65.09,62.52,Millets,Clayey,28-28,,,,,,0,0,0,0,0,0
9,8,16,29.7,49.26,41.74,Barley,Clayey,28-28,,,,,,0,0,0,0,0,0
20,1,16,30.13,69.07,35.42,Sugarcane,Clayey,28-28,,,,,,0,0,0,0,0,0
37,0,0,38.32,71.66,50.39,Sugarcane,Black,17-17-17,,,,,,0,0,1,0,1,0
26,0,14,24.21,45.53,53.62,Sugarcane,Clayey,17-17-17,,,,,,0,0,0,0,1,0
25,0,21,20.18,41.05,47.98,Sugarcane,Red,17-17-17,,,,,,0,0,0,0,1,0
25,4,23,29.0,49.39,43.1,Maize,Black,20-20,,,,,,0,0,0,0,0,0
6,4,15,27.9,50.42,39.03,Barley,Sandy,DAP,,,,,,0,0,0,0,0,0
41,0,0,35.18,65.15,45.91,Sugarcane,Loamy,DAP,,,,,,0,0,1,0,1,0
4,0,16,26.22,64.73,37.01,Wheat,Red,DAP,,,,,,0,0,0,0,1,0
10,0,4,29.03,55.12,58.72,Wheat,Black,14-35-14,,,,,,0,0,0,0,1,0
10,1,11,30.81,62.99,28.49,Ground Nuts,Sandy,Urea,,,,,,0,0,0,0,0,0
11,7,33,36.31,55.62,57.54,Paddy,Red,28-28,,,,,,0,0,0,0,0,0
5,9,31,33.54,59.23,58.43,Sugarcane,Black,DAP,,,,,,0,0,0,0,0,0
8,5,25,31.29,60.71,20.0,Maize,Black,20-20,,,,,,0,0,0,0,0,0
10,0,37,36.3,70.42,33.17,Wheat,Clayey,17-17-17,,,,,,0,0,0,0,1,0
16,0,35,33.76,65.35,25.86,Millets,Clayey,Urea,,,,,,0,0,0,0,1,0
8,15,14,34.48,65.7,36.95,Maize,Loamy,17-17-17,,,,,,0,0,0,0,0,0
11,0,18,34.67,58.7,28.33,Barley,Sandy,Urea,,,,,,0,0,0,0,1,0
39,0,0,24.79,58.23,28.99,Wheat,Red,10-26-26,,,,,,0,0,1,0,1,0
7,14,20,31.02,64.62,47.95,Ground Nuts,Red,14-35-14,,,,,,0,0,0,0,0,0
19,0,20,29.67,72.9,65.59,Sugarcane,Red,Urea,,,,,,0,0,0,0,1,0
17,2,6,31.57,72.17,42.63,Millets,Black,DAP,,,,,,0,0,0,0,0,0
41,0,0,25.49,51.92,39.46,Barley,Clayey,20-20,,,,,,0,0,1,0,1,0
25,4,22,30.54,55.89,36.73,Paddy,Red,DAP,,,,,,0,0,0,0,0,0
2,13,25,32.73,70.57,49.45,Paddy,Sandy,DAP,,,,,,0,0,0,0,0,0
17,0,21,28.14,67.92,37.97,Millets,Sandy,28-28,,,,,,0,0,0,0,1,0
33,0,4,30.04,49.89,37.17,Millets,Red,10-26-26,,,,,,0,0,0,0,1,0
17,0,26,31.07,64.86,38.05,Wheat,Loamy,20-20,,,,,,0,0,0,0,1,0
12,0,17,26.74,47.39,22.87,Millets,Sandy,Urea,,,,,,0,0,0,0,1,0
10,3,13,28.87,60.59,53.34,Barley,Clayey,28-28,,,,,,0,0,0,0,0,0
17,3,41,38.8,64.99,64.53,Maize,Loamy,28-28,,,,,,0,0,0,0,0,0
23,2,19,33.25,71.64,34.87,Wheat,Clayey,Urea,,,,,,0,0,0,0,0,0
9,18,20,29.93,59.1,20.39,Wheat,Sandy,17-17-17,,,,,,0,0,0,0,0,0
4,0,10,30.43,60.58,58.52,Barley,Black,DAP,,,,,,0,0,0,0,1,0
26,0,18,25.45,56.04,38.95,Millets,Clayey,DAP,,,,,,0,0,0,0,1,0
12,13,16,32.92,70.05,54.36,Barley,Red,28-28,,,,,,0,0,0,0,0,0
20,0,20,31.72,59.51,43.1,Millets,Red,DAP,,,,,,0,0,0,0,1,0
20,0,18,27.41,56.92,32.34,Wheat,Black,Urea,,,,,,0,0,0,0,1,0
17,0,32,32.47,62.87,51.2,Maize,Loamy,17-17-17,,,,,,0,0,0,0,1,0
14,4,37,37.27,71.63,41.84,Wheat,Black,17-17-17,,,,,,0,0,0,0,0,0
8,4,9,29.99,60.53,36.8,Maize,Loamy,10-26-26,,,,,,0,0,0,0,0,0
36,0,4,25.22,59.57,27.19,Paddy,Clayey,10-26-26,,,,,,0,0,0,0,1,0
4,13,24,32.59,60.71,42.68,Wheat,Sandy,20-20,,,,,,0,0,0,0,0,0
37,0,4,31.93,51.17,33.65,Ground Nuts,Sandy,20-20,,,,,,0,0,0,0,1,0
5,0,17,24.11,49.64,57.81,Sugarcane,Loamy,20-20,,,,,,0,0,0,0,1,0
13,16,19,28.1,43.56,59.25,Barley,Black,28-28,,,,,,0,0,0,0,0,0
9,0,36,35.08,73.75,41.25,Sugarcane,Sandy,14-35-14,,,,,,0,0,0,0,1,0
5,20,20,37.21,74.62,54.03,Maize,Red,20-20,,,,,,0,0,0,0,0,0
8,0,10,33.7,54.88,33.13,Paddy,Loamy,20-20,,,,,,0,0,0,0,1,0
28,1,18,31.68,59.06,58.41,Paddy,Clayey,20-20,,,,,,0,0,0,0,0,0
25,1,17,26.53,48.55,38.35,Wheat,Clayey,Urea,,,,,,0,0,0,0,0,0
27,0,16,29.21,49.47,38.79,Barley,Black,17-17-17,,,,,,0,0,0,0,1,0
3,14,16,36.07,59.69,47.38,Paddy,Sandy,DAP,,,,,,0,0,0,0,0,0
22,0,27,32.42,61.41,50.99,Maize,Loamy,20-20,,,,,,0,0,0,0,1,0
17,1,6,31.6,59.09,53.55,Maize,Black,20-20,,,,,,0,0,0,0,0,0
11,4,27,30.67,66.01,56.75,Paddy,Loamy,Urea,,,,,,0,0,0,0,0,0
18,0,37,28.88,61.25,55.41,Maize,Red,28-28,,,,,,0,0,0,0,1,0
15,4,40,30.88,44.1,40.76,Paddy,Clayey,10-26-26,,,,,,0,0,0,0,0,0
9,11,33,24.05,63.35,53.76,Maize,Black,17-17-17,,,,,,0,0,0,0,0,0
26,1,19,35.29,66.87,60.63,Wheat,Sandy,14-35-14,,,,,,0,0,0,0,0,0
12,4,31,29.9,45.53,38.85,Ground Nuts,Clayey,17-17-17,,,,,,0,0,0,0,0,0
15,0,35,32.58,64.48,27.8,Paddy,Sandy,17-17-17,,,,,,0,0,0,0,1,0
32,2,0,27.51,61.71,32.46,Wheat,Clayey,10-26-26,,,,,,0,0,1,0,0,0
18,11,8,25.06,57.65,23.39,Maize,Loamy,28-28,,,,,,0,0,0,0,0,0
12,2,37,34.62,59.62,38.08,Barley,Loamy,10-26-26,,,,,,0,0,0,0,0,0
38,0,4,31.06,59.13,25.08,Maize,Sandy,17-17-17,,,,,,0,0,0,0,1,0
15,0,11,22.27,53.03,30.0,Sugarcane,Loamy,17-17-17,,,,,,0,0,0,0,1,0
7,2,14,29.46,52.15,55.43,Maize,Sandy,17-17-17,,,,,,0,0,0,0,0,0
42,0,0,36.95,68.98,59.88,Barley,Red,Urea,,,,,,0,0,1,0,1,0
20,0,23,31.22,51.09,49.75,Wheat,Red,20-20,,,,,,0,0,0,0,1,0
17,3,12,27.57,59.56,44.62,Barley,Sandy,14-35-14,,,,,,0,0,0,0,0,0
24,3,25,33.41,68.66,38.82,Wheat,Clayey,DAP,,,,,,0,0,0,0,0,0
31,0,0,25.47,47.11,37.01,Wheat,Clayey,20-20,,,,,,0,0,1,0,1,0
34,3,0,28.59,69.18,24.11,Ground Nuts,Red,20-20,,,,,,0,0,1,0,0,0
17,0,14,29.51,49.94,37.36,Wheat,Sandy,20-20,,,,,,0,0,0,0,1,0
4,13,28,29.77,58.83,57.38,Paddy,Black,20-20,,,,,,0,0,0,0,0,0
8,2,14,29.38,70.63,46.25,Paddy,Sandy,20-20,,,,,,0,0,0,0,0,0
12,1,40,31.42,63.91,37.37,Maize,Black,28-28,,,,,,0,0,0,0,0,0
10,6,27,37.45,68.76,43.94,Maize,Clayey,DAP,,,,,,0,0,0,0,0,0
26,3,17,35.61,56.91,36.81,Wheat,Sandy,10-26-26,,,,,,0,0,0,0,0,0
40,2,2,37.21,61.02,41.51,Millets,Black,DAP,,,,,,0,0,0,0,0,0
9,3,36,39.4,75.91,44.57,Paddy,Black,20-20,,,,,,0,0,0,0,0,0
26,3,21,25.53,66.09,52.38,Barley,Sandy,Urea,,,,,,0,0,0,0,0,0
8,18,20,26.52,47.97,33.66,Barley,Clayey,DAP,,,,,,0,0,0,0,0,0
25,2,21,24.39,44.49,39.38,Millets,Loamy,10-26-26,,,,,,0,0,0,0,0,0
2,4,30,36.37,63.99,35.94,Sugarcane,Loamy,10-26-26,,,,,,0,0,0,0,0,0
14,4,10,24.08,63.58,64.23,Barley,Sandy,20-20,,,,,,0,0,0,0,0,0
11,0,31,29.65,62.11,56.95,Sugarcane,Loamy,17-17-17,,,,,,0,0,0,0,1,0
11,1,14,26.93,66.16,40.64,Paddy,Sandy,28-28,,,,,,0,0,0,0,0,0
35,2,0,26.8,46.32,34.25,Sugarcane,Sandy,10-26-26,,,,,,0,0,1,0,0,0
18,0,20,35.22,68.71,29.33,Millets,Black,17-17-17,,,,,,0,0,0,0,1,0
9,5,28,37.5,69.33,41.28,Ground Nuts,Red,28-28,,,,,,0,0,0,0,0,0
10,10,31,39.68,68.29,34.23,Paddy,Loamy,Urea,,,,,,0,0,0,0,0,0
14,10,13,21.56,46.27,50.02,Barley,Red,17-17-17,,,,,,0,0,0,0,0,0
15,0,41,28.32,59.01,41.83,Ground Nuts,Loamy,14-35-14,,,,,,0,0,0,0,1,0
11,0,40,40.0,70.96,32.81,Wheat,Red,10-26-26,,,,,,0,0,0,0,1,0
38,1,0,31.8,57.24,24.0,Maize,Loamy,28-28,,,,,,0,0,1,0,0,0
9,14,10,34.58,67.63,40.3,Ground Nuts,Red,DAP,,,,,,0,0,0,0,0,0
4,9,33,27.26,64.73,20.0,Wheat,Loamy,10-26-26,,,,,,0,0,0,0,0,0
8,4,28,39.23,60.7,42.78,Ground Nuts,Loamy,28-28,,,,,,0,0,0,0,0,0
5,0,18,30.8,59.59,37.12,Paddy,Red,DAP,,,,,,0,0,0,0,1,0
45,2,0,30.65,53.52,30.5,Wheat,Black,28-28,,,,,,0,0,1,0,0,0
39,0,0,33.21,63.32,33.71,Sugarcane,Black,10-26-26,,,,,,0,0,1,0,1,0
13,13,27,27.07,68.95,70.0,Paddy,Clayey,17-17-17,,,,,,0,0,0,0,0,0
12,0,42,29.98,56.74,53.98,Sugarcane,Black,Urea,,,,,,0,0,0,0,1,0
45,0,0,26.13,69.56,48.25,Sugarcane,Loamy,28-28,,,,,,0,0,1,0,1,0
20,0,19,29.07,43.85,43.37,Barley,Sandy,DAP,,,,,,0,0,0,0,1,0
15,0,38,39.96,60.73,27.3,Millets,Sandy,20-20,,,,,,0,0,0,0,1,0
23,0,19,34.76,54.23,27.93,Paddy,Clayey,17-17-17,,,,,,0,0,0,0,1,0
23,0,15,33.02,72.76,53.2,Sugarcane,Red,20-20,,,,,,0,0,0,0,1,0
37,4,0,31.06,55.41,33.8,Sugarcane,Loamy,28-28,,,,,,0,0,1,0,0,0
18,0,42,35.72,71.86,70.0,Millets,Sandy,10-26-26,,,,,,0,0,0,0,1,0
10,2,36,25.98,58.32,32.53,Wheat,Black,17-17-17,,,,,,0,0,0,0,0,0
11,0,31,35.65,76.12,51.26,Sugarcane,Black,14-35-14,,,,,,0,0,0,0,1,0
13,0,40,28.08,60.76,31.53,Wheat,Loamy,28-28,,,,,,0,0,0,0,1,0
15,0,12,30.86,69.7,44.53,Barley,Black,14-35-14,,,,,,0,0,0,0,1,0
39,0,0,34.94,62.17,41.64,Maize,Clayey,17-17-17,,,,,,0,0,1,0,1,0
9,3,10,21.84,57.85,61.44,Millets,Black,10-26-26,,,,,,0,0,0,0,0,0
7,16,21,33.57,60.51,54.06,Paddy,Loamy,Urea,,,,,,0,0,0,0,0,0
11,0,11,30.78,50.81,50.14,Millets,Sandy,Urea,,,,,,0,0,0,0,1,0
39,0,0,30.11,67.55,44.5,Millets,Sandy,Urea,,,,,,0,0,1,0,1,0
10,14,16,29.51,69.53,46.92,Ground Nuts,Black,DAP,,,,,,0,0,0,0,0,0
26,0,16,30.77,56.66,41.53,Wheat,Red,17-17-17,,,,,,0,0,0,0,1,0
7,17,15,38.44,55.47,52.25,Maize,Red,17-17-17,,,,,,0,0,0,0,0,0
17,3,23,29.43,47.7,32.19,Millets,Clayey,28-28,,,,,,0,0,0,0,0,0
24,4,15,29.12,54.86,42.44,Maize,Loamy,28-28,,,,,,0,0,0,0,0,0
7,0,36,28.32,57.91,50.54,Maize,Red,20-20,,,,,,0,0,0,0,1,0
25,0,19,37.84,56.94,64.38,Paddy,Red,14-35-14,,,,,,0,0,0,0,1,0
31,0,0,30.01,49.19,47.72,Millets,Black,Urea,,,,,,0,0,1,0,1,0
15,17,10,26.13,70.36,48.2,Millets,Loamy,17-17-17,,,,,,0,0,0,0,0,0
34,2,2,31.54,54.73,67.46,Millets,Red,Urea,,,,,,0,0,0,0,0,0
26,0,17,29.9,68.09,59.57,Maize,Loamy,10-26-26,,,,,,0,0,0,0,1,0
22,0,20,28.33,50.65,46.64,Paddy,Sandy,28-28,,,,,,0,0,0,0,1,0
22,0,17,30.67,51.22,42.2,Millets,Sandy,10-26-26,,,,,,0,0,0,0,1,0
10,19,15,25.63,54.83,28.66,Wheat,Red,10-26-26,,,,,,0,0,0,0,0,0
7,0,12,21.2,52.42,32.81,Barley,Clayey,28-28,,,,,,0,0,0,0,1,0
9,12,31,33.1,74.93,42.35,Maize,Red,14-35-14,,,,,,0,0,0,0,0,0
33,0,0,38.83,74.56,58.73,Wheat,Black,14-35-14,,,,,,0,0,1,0,1,0
8,4,13,27.44,46.83,66.17,Ground Nuts,Sandy,Urea,,,,,,0,0,0,0,0,0
39,4,2,29.28,59.31,63.34,Millets,Red,14-35-14,,,,,,0,0,0,0,0,0
37,0,0,27.34,44.53,56.06,Barley,Red,10-26-26,,,,,,0,0,1,0,1,0
14,17,17,39.71,58.79,49.81,Maize,Red,DAP,,,,,,0,0,0,0,0,0
10,22,19,23.95,56.98,37.03,Wheat,Clayey,17-17-17,,,,,,0,0,0,0,0,0
22,0,24,29.29,58.57,34.06,Ground Nuts,Clayey,14-35-14,,,,,,0,0,0,0,1,0
19,0,37,40.0,51.64,34.96,Sugarcane,Clayey,17-17-17,,,,,,0,0,0,0,1,0
14,0,35,38.59,59.04,34.17,Paddy,Clayey,20-20,,,,,,0,0,0,0,1,0
20,4,18,23.76,60.46,36.53,Barley,Sandy,DAP,,,,,,0,0,0,0,0,0
13,0,14,27.92,65.12,62.24,Barley,Clayey,14-35-14,,,,,,0,0,0,0,1,0
38,2,3,28.48,53.77,70.0,Ground Nuts,Red,20-20,,,,,,0,0,0,0,0,0
4,0,17,34.53,55.88,61.89,Ground Nuts,Red,DAP,,,,,,0,0,0,0,1,0
13,14,16,34.21,52.63,68.72,Millets,Loamy,28-28,,,,,,0,0,0,0,0,0
6,4,30,25.4,48.06,45.63,Wheat,Loamy,Urea,,,,,,0,0,0,0,0,0
21,0,19,28.97,52.75,22.49,Barley,Red,14-35-14,,,,,,0,0,0,0,1,0
24,2,19,32.71,58.03,46.16,Maize,Clayey,14-35-14,,,,,,0,0,0,0,0,0
26,0,20,26.07,49.06,34.31,Ground Nuts,Clayey,17-17-17,,,,,,0,0,0,0,1,0
16,3,14,29.55,47.75,32.77,Paddy,Sandy,10-26-26,,,,,,0,0,0,0,0,0
38,4,3,33.33,65.8,44.88,Sugarcane,Clayey,28-28,,,,,,0,0,0,0,0,0
9,2,18,23.11,55.69,59.61,Maize,Sandy,10-26-26,,,,,,0,0,0,0,0,0
9,0,37,27.53,48.15,30.5,Sugarcane,Clayey,DAP,,,,,,0,0,0,0,1,0
5,3,5,23.16,45.03,54.29,Paddy,Sandy,Urea,,,,,,0,0,0,0,0,0
14,17,21,36.48,66.57,54.5,Ground Nuts,Black,17-17-17,,,,,,0,0,0,0,0,0
42,0,0,31.16,71.91,34.91,Ground Nuts,Loamy,14-35-14,,,,,,0,0,1,0,1,0
15,21,14,34.63,66.78,45.11,Maize,Clayey,14-35-14,,,,,,0,0,0,0,0,0
11,19,18,26.38,62.82,27.4,Barley,Loamy,Urea,,,,,,0,0,0,0,0,0
6,8,31,40.0,61.8,50.44,Millets,Black,20-20,,,,,,0,0,0,0,0,0
6,8,17,28.97,52.94,43.27,Barley,Clayey,28-28,,,,,,0,0,0,0,0,0
8,17,14,24.73,56.02,64.26,Barley,Clayey,28-28,,,,,,0,0,0,0,0,0
9,0,39,33.65,56.09,54.8,Ground Nuts,Red,17-17-17,,,,,,0,0,0,0,1,0
13,7,28,29.26,45.2,34.99,Millets,Red,28-28,,,,,,0,0,0,0,0,0
24,0,32,28.88,69.96,49.96,Millets,Clayey,10-26-26,,,,,,0,0,0,0,1,0
15,0,34,30.81,55.65,36.46,Wheat,Red,10-26-26,,,,,,0,0,0,0,1,0
10,2,39,32.61,67.03,58.43,Barley,Red,DAP,,,,,,0,0,0,0,0,0
26,0,15,35.54,65.54,44.63,Barley,Clayey,17-17-17,,,,,,0,0,0,0,1,0
12,0,40,32.09,72.63,35.16,Ground Nuts,Loamy,10-26-26,,,,,,0,0,0,0,1,0
11,3,38,36.42,76.31,27.13,Maize,Loamy,14-35-14,,,,,,0,0,0,0,0,0
10,0,10,33.0,62.92,41.61,Barley,Black,20-20,,,,,,0,0,0,0,1,0
43,4,3,33.61,64.94,49.22,Ground Nuts,Clayey,20-20,,,,,,0,0,0,0,0,0
37,0,0,25.9,44.58,27.68,Ground Nuts,Sandy,28-28,,,,,,0,0,1,0,1,0
13,11,10,33.59,64.47,43.47,Millets,Loamy,14-35-14,,,,,,0,0,0,0,0,0
14,0,12,22.18,60.13,31.3,Maize,Black,Urea,,,,,,0,0,0,0,1,0
13,17,12,24.52,56.28,56.79,Barley,Clayey,28-28,,,,,,0,0,0,0,0,0
22,2,17,22.02,60.75,52.93,Barley,Black,DAP,,,,,,0,0,0,0,0,0
13,0,17,22.64,48.24,38.55,Maize,Sandy,Urea,,,,,,0,0,0,0,1,0
3,5,32,30.82,66.76,47.22,Millets,Black,17-17-17,,,,,,0,0,0,0,0,0
3,8,26,27.02,69.59,26.75,Wheat,Sandy,28-28,,,,,,0,0,0,0,0,0
16,0,15,36.63,73.67,39.48,Wheat,Clayey,Urea,,,,,,0,0,0,0,1,0
10,7,30,31.18,48.63,40.61,Ground Nuts,Loamy,28-28,,,,,,0,0,0,0,0,0
11,1,38,31.36,65.7,21.95,Wheat,Loamy,28-28,,,,,,0,0,0,0,0,0
35,0,0,26.51,45.42,54.34,Ground Nuts,Black,28-28,,,,,,0,0,1,0,1,0
3,10,35,36.13,74.73,24.29,Wheat,Black,DAP,,,,,,0,0,0,0,0,0
13,2,40,29.64,58.86,34.58,Ground Nuts,Black,10-26-26,,,,,,0,0,0,0,0,0
8,0,15,33.62,72.93,27.1,Maize,Red,28-28,,,,,,0,0,0,0,1,0
37,1,0,23.44,61.62,33.17,Wheat,Clayey,Urea,,,,,,0,0,1,0,0,0
11,16,17,40.0,63.42,58.35,Maize,Clayey,14-35-14,,,,,,0,0,0,0,0,0
37,0,0,30.71,63.43,36.57,Millets,Clayey,20-20,,,,,,0,0,1,0,1,0
42,0,3,34.77,68.46,22.78,Millets,Clayey,17-17-17,,,,,,0,0,0,0,1,0
12,0,36,29.82,71.87,24.39,Wheat,Red,Urea,,,,,,0,0,0,0,1,0
42,0,0,34.31,57.72,46.52,Maize,Sandy,20-20,,,,,,0,0,1,0,1,0
10,15,15,29.41,59.27,43.92,Wheat,Loamy,10-26-26,,,,,,0,0,0,0,0,0
36,2,1,21.78,46.74,29.02,Barley,Loamy,10-26-26,,,,,,0,0,0,0,0,0
38,2,0,34.96,55.78,24.64,Maize,Loamy,17-17-17,,,,,,0,0,1,0,0,0
25,0,29,34.48,67.12,37.64,Sugarcane,Red,DAP,,,,,,0,0,0,0,1,0
25,0,17,30.39,67.13,49.2,Barley,Sandy,14-35-14,,,,,,0,0,0,0,1,0
17,0,36,32.2,69.66,64.67,Ground Nuts,Loamy,14-35-14,,,,,,0,0,0,0,1,0
10,1,11,26.91,53.87,31.06,Ground Nuts,Loamy,28-28,,,,,,0,0,0,0,0,0
10,1,13,28.12,66.34,32.71,Millets,Black,28-28,,,,,,0,0,0,0,0,0
28,3,20,36.27,67.64,67.95,Wheat,Clayey,DAP,,,,,,0,0,0,0,0,0
45,3,4,35.15,72.72,54.71,Sugarcane,Loamy,17-17-17,,,,,,0,0,0,0,0,0
16,4,35,29.04,51.0,20.0,Sugarcane,Red,Urea,,,,,,0,0,0,0,0,0
45,0,2,35.78,60.37,32.47,Millets,Loamy,DAP,,,,,,0,0,0,0,1,0
35,2,4,28.04,63.56,31.44,Ground Nuts,Loamy,28-28,,,,,,0,0,0,0,0,0
12,2,17,29.72,60.95,45.86,Millets,Sandy,17-17-17,,,,,,0,0,0,0,0,0
16,0,15,34.7,67.73,39.02,Wheat,Loamy,DAP,,,,,,0,0,0,0,1,0
12,0,38,25.71,56.23,55.63,Paddy,Red,10-26-26,,,,,,0,0,0,0,1,0
2,9,29,31.4,56.72,59.17,Barley,Black,DAP,,,,,,0,0,0,0,0,0
11,0,17,22.39,55.39,53.07,Barley,Loamy,10-26-26,,,,,,0,0,0,0,1,0
15,4,34,29.41,62.79,53.03,Paddy,Red,14-35-14,,,,,,0,0,0,0,0,0
32,0,0,22.58,58.31,38.97,Paddy,Sandy,Urea,,,,,,0,0,1,0,1,0
15,2,39,36.24,62.61,31.65,Millets,Clayey,10-26-26,,,,,,0,0,0,0,0,0
36,2,2,25.37,58.87,29.4,Wheat,Loamy,Urea,,,,,,0,0,0,0,0,0
13,0,12,29.31,49.02,36.23,Millets,Sandy,Urea,,,,,,0,0,0,0,1,0
22,0,25,30.41,68.43,43.25,Millets,Black,14-35-14,,,,,,0,0,0,0,1,0
38,0,1,30.94,55.52,28.18,Paddy,Clayey,10-26-26,,,,,,0,0,0,0,1,0
15,0,42,32.76,64.78,54.27,Maize,Loamy,20-20,,,,,,0,0,0,0,1,0
19,0,36,33.07,62.54,30.79,Wheat,Loamy,Urea,,,,,,0,0,0,0,1,0
39,0,4,32.17,68.71,37.43,Millets,Black,Urea,,,,,,0,0,0,0,1,0
9,0,15,28.03,64.04,30.17,Maize,Loamy,28-28,,,,,,0,0,0,0,1,0
42,2,4,32.03,51.88,48.24,Ground Nuts,Loamy,14-35-14,,,,,,0,0,0,0,0,0
3,14,25,29.51,64.95,54.1,Millets,Clayey,17-17-17,,,,,,0,0,0,0,0,0
10,0,36,32.99,56.52,62.76,Wheat,Sandy,Urea,,,,,,0,0,0,0,1,0
14,0,42,28.57,59.47,45.47,Paddy,Sandy,DAP,,,,,,0,0,0,0,1,0
7,13,30,27.21,64.76,57.04,Millets,Loamy,17-17-17,,,,,,0,0,0,0,0,0
14,0,11,27.63,47.97,28.92,Millets,Loamy,DAP,,,,,,0,0,0,0,1,0
13,0,43,31.92,68.89,39.95,Sugarcane,Clayey,17-17-17,,,,,,0,0,0,0,1,0
18,1,41,31.31,57.34,45.0,Barley,Loamy,20-20,,,,,,0,0,0,0,0,0
40,3,2,40.0,73.81,56.47,Wheat,Red,10-26-26,,,,,,0,0,0,0,0,0
42,0,0,23.12,63.07,41.38,Wheat,Red,28-28,,,,,,0,0,1,0,1,0
4,14,22,28.88,54.81,33.23,Maize,Loamy,DAP,,,,,,0,0,0,0,0,0
35,3,3,33.41,62.74,23.04,Wheat,Black,20-20,,,,,,0,0,0,0,0,0
11,3,29,29.17,54.85,46.06,Sugarcane,Red,17-17-17,,,,,,0,0,0,0,0,0
25,0,18,35.98,58.7,38.42,Paddy,Red,17-17-17,,,,,,0,0,0,0,1,0
13,0,11,30.11,63.21,39.22,Barley,Red,17-17-17,,,,,,0,0,0,0,1,0
39,2,2,26.87,52.98,57.88,Millets,Black,10-26-26,,,,,,0,0,0,0,0,0
40,0,0,30.91,56.85,36.26,Wheat,Loamy,28-28,,,,,,0,0,1,0,1,0
19,0,25,28.9,62.92,54.55,Ground Nuts,Clayey,10-26-26,,,,,,0,0,0,0,1,0
14,0,40,31.5,67.6,46.4,Paddy,Red,10-26-26,,,,,,0,0,0,0,1,0
15,0,11,22.97,45.2,30.14,Wheat,Red,20-20,,,,,,0,0,0,0,1,0
18,1,18,24.98,52.39,50.79,Wheat,Sandy,14-35-14,,,,,,0,0,0,0,0,0
18,0,18,23.29,56.74,34.52,Paddy,Red,20-20,,,,,,0,0,0,0,1,0
9,0,8,26.68,44.49,63.42,Barley,Loamy,17-17-17,,,,,,0,0,0,0,1,0
11,0,37,29.61,60.38,42.91,Paddy,Clayey,Urea,,,,,,0,0,0,0,1,0
9,4,6,25.63,53.63,52.84,Barley,Black,10-26-26,,,,,,0,0,0,0,0,0
9,2,8,33.73,54.32,35.7,Barley,Sandy,Urea,,,,,,0,0,0,0,0,0
12,15,21,32.32,65.32,46.1,Barley,Sandy,17-17-17,,,,,,0,0,0,0,0,0
5,21,19,38.06,56.01,39.45,Wheat,Red,Urea,,,,,,0,0,0,0,0,0
18,0,26,29.61,70.69,43.81,Barley,Sandy,28-28,,,,,,0,0,0,0,1,0
6,13,23,24.51,56.51,46.82,Wheat,Clayey,17-17-17,,,,,,0,0,0,0,0,0
16,0,32,33.77,59.19,26.58,Wheat,Sandy,14-35-14,,,,,,0,0,0,0,1,0
8,8,19,24.9,48.01,55.16,Maize,Black,28-28,,,,,,0,0,0,0,0,0
18,0,42,32.85,62.84,33.74,Ground Nuts,Red,DAP,,,,,,0,0,0,0,1,0
24,0,22,24.07,66.32,34.51,Maize,Clayey,20-20,,,,,,0,0,0,0,1,0
8,9,32,37.62,72.75,64.33,Sugarcane,Black,20-20,,,,,,0,0,0,0,0,0
9,0,11,27.06,60.94,22.59,Millets,Black,Urea,,,,,,0,0,0,0,1,0
37,0,0,27.75,58.01,48.09,Millets,Sandy,20-20,,,,,,0,0,1,0,1,0
38,1,3,35.15,63.35,48.88,Wheat,Red,14-35-14,,,,,,0,0,0,0,0,0
20,2,23,28.63,50.27,50.74,Wheat,Red,DAP,,,,,,0,0,0,0,0,0
15,4,37,40.0,65.06,37.28,Sugarcane,Red,20-20,,,,,,0,0,0,0,0,0
15,0,8,33.17,50.88,48.64,Sugarcane,Black,DAP,,,,,,0,0,0,0,1,0
19,0,21,26.0,46.7,35.76,Wheat,Clayey,20-20,,,,,,0,0,0,0,1,0
10,9,18,30.5,66.53,58.15,Wheat,Sandy,14-35-14,,,,,,0,0,0,0,0,0
18,18,9,25.99,59.49,20.0,Paddy,Red,Urea,,,,,,0,0,0,0,0,0
16,4,40,32.55,63.72,35.8,Barley,Sandy,DAP,,,,,,0,0,0,0,0,0
16,2,6,27.72,64.68,48.14,Paddy,Clayey,28-28,,,,,,0,0,0,0,0,0
3,6,30,38.25,62.67,37.09,Sugarcane,Clayey,10-26-26,,,,,,0,0,0,0,0,0
31,0,0,33.24,70.39,67.47,Wheat,Loamy,10-26-26,,,,,,0,0,1,0,1,0
32,0,0,31.88,48.43,27.23,Sugarcane,Clayey,28-28,,,,,,0,0,1,0,1,0
40,3,4,29.58,65.6,37.56,Millets,Black,14-35-14,,,,,,0,0,0,0,0,0
7,9,15,31.78,74.98,58.44,Maize,Sandy,28-28,,,,,,0,0,0,0,0,0
15,0,41,30.59,68.8,42.49,Barley,Sandy,10-26-26,,,,,,0,0,0,0,1,0
40,4,3,28.38,67.05,48.86,Maize,Loamy,10-26-26,,,,,,0,0,0,0,0,0
36,0,0,30.09,67.61,23.23,Paddy,Black,DAP,,,,,,0,0,1,0,1,0
15,2,7,33.0,62.17,58.0,Millets,Loamy,28-28,,,,,,0,0,0,0,0,0
12,0,11,27.43,49.52,64.39,Paddy,Red,10-26-26,,,,,,0,0,0,0,1,0
10,7,31,29.57,65.03,65.81,Paddy,Loamy,17-17-17,,,,,,0,0,0,0,0,0
5,10,13,31.48,53.13,56.5,Maize,Loamy,14-35-14,,,,,,0,0,0,0,0,0
4,9,26,29.23,48.37,38.04,Paddy,Sandy,DAP,,,,,,0,0,0,0,0,0
15,0,32,24.38,63.53,45.36,Millets,Sandy,Urea,,,,,,0,0,0,0,1,0
22,0,16,31.91,66.59,25.55,Ground Nuts,Loamy,28-28,,,,,,0,0,0,0,1,0
8,0,39,33.79,75.53,36.75,Paddy,Sandy,20-20,,,,,,0,0,0,0,1,0
5,11,27,31.38,55.65,27.51,Wheat,Clayey,14-35-14,,,,,,0,0,0,0,0,0
15,3,17,32.35,65.72,27.49,Paddy,Red,17-17-17,,,,,,0,0,0,0,0,0
1,16,15,31.64,57.85,50.17,Wheat,Red,28-28,,,,,,0,0,0,0,0,0
16,9,9,33.83,66.84,61.1,Millets,Black,DAP,,,,,,0,0,0,0,0,0
14,11,13,23.54,56.34,60.76,Millets,Red,17-17-17,,,,,,0,0,0,0,0,0
4,0,17,30.06,73.57,53.83,Wheat,Sandy,Urea,,,,,,0,0,0,0,1,0
6,10,32,31.79,64.7,58.61,Maize,Clayey,17-17-17,,,,,,0,0,0,0,0,0
5,0,16,26.85,50.76,39.26,Millets,Loamy,17-17-17,,,,,,0,0,0,0,1,0
10,0,32,27.29,65.23,33.7,Millets,Sandy,DAP,,,,,,0,0,0,0,1,0
6,0,14,28.25,55.18,45.6,Ground Nuts,Black,10-26-26,,,,,,0,0,0,0,1,0
7,0,43,29.49,66.27,41.53,Millets,Sandy,10-26-26,,,,,,0,0,0,0,1,0
12,13,19,40.0,64.45,56.16,Paddy,Sandy,28-28,,,,,,0,0,0,0,0,0
9,1,11,30.23,54.69,65.94,Millets,Clayey,14-35-14,,,,,,0,0,0,0,0,0
5,0,12,33.72,63.4,33.83,Wheat,Black,Urea,,,,,,0,0,0,0,1,0
14,2,36,30.17,62.48,30.31,Ground Nuts,Clayey,14-35-14,,,,,,0,0,0,0,0,0
5,12,32,32.02,57.6,52.26,Millets,Black,17-17-17,,,,,,0,0,0,0,0,0
24,2,19,25.96,48.42,38.06,Wheat,Black,20-20,,,,,,0,0,0,0,0,0
11,0,36,38.05,77.16,42.34,Paddy,Clayey,14-35-14,,,,,,0,0,0,0,1,0
10,4,24,28.92,59.44,57.18,Barley,Loamy,14-35-14,,,,,,0,0,0,0,0,0
9,12,15,26.17,51.49,20.6,Sugarcane,Red,Urea,,,,,,0,0,0,0,0,0
42,0,3,35.72,63.95,56.88,Barley,Black,17-17-17,,,,,,0,0,0,0,1,0
26,1,16,33.04,65.19,50.69,Maize,Sandy,DAP,,,,,,0,0,0,0,0,0
24,3,20,33.24,63.1,37.34,Ground Nuts,Sandy,DAP,,,,,,0,0,0,0,0,0
25,4,18,28.63,51.26,41.71,Maize,Loamy,28-28,,,,,,0,0,0,0,0,0
5,8,34,34.46,52.14,68.6,Wheat,Clayey,28-28,,,,,,0,0,0,0,0,0
24,0,22,27.37,53.95,42.58,Maize,Red,17-17-17,,,,,,0,0,0,0,1,0
33,4,0,30.94,55.34,55.13,Barley,Black,17-17-17,,,,,,0,0,1,0,0,0
11,9,34,31.5,66.45,61.75,Paddy,Sandy,28-28,,,,,,0,0,0,0,0,0
9,11,22,25.06,58.7,42.9,Ground Nuts,Sandy,DAP,,,,,,0,0,0,0,0,0
10,0,37,26.01,59.51,30.26,Paddy,Loamy,20-20,,,,,,0,0,0,0,1,0
24,0,17,29.68,66.64,52.87,Maize,Clayey,17-17-17,,,,,,0,0,0,0,1,0
21,0,15,31.57,67.5,47.83,Millets,Red,DAP,,,,,,0,0,0,0,1,0
14,0,35,35.73,66.71,33.31,Barley,Sandy,10-26-26,,,,,,0,0,0,0,1,0
16,1,39,22.05,60.6,39.49,Barley,Loamy,28-28,,,,,,0,0,0,0,0,0
13,18,16,33.07,56.67,54.06,Ground Nuts,Sandy,17-17-17,,,,,,0,0,0,0,0,0
9,0,9,24.58,62.8,66.11,Sugarcane,Red,14-35-14,,,,,,0,0,0,0,1,0
37,2,0,36.94,59.73,52.98,Paddy,Clayey,17-17-17,,,,,,0,0,1,0,0,0
6,13,19,28.01,52.18,34.37,Ground Nuts,Sandy,14-35-14,,,,,,0,0,0,0,0,0
14,2,7,25.28,67.21,40.42,Millets,Clayey,Urea,,,,,,0,0,0,0,0,0
7,22,23,32.73,63.31,57.72,Wheat,Loamy,28-28,,,,,,0,0,0,0,0,0
14,4,41,30.73,71.62,36.35,Wheat,Black,17-17-17,,,,,,0,0,0,0,0,0
12,0,37,37.38,63.08,42.58,Barley,Sandy,10-26-26,,,,,,0,0,0,0,1,0
13,0,42,34.73,57.31,52.2,Millets,Sandy,14-35-14,,,,,,0,0,0,0,1,0
10,7,31,36.1,63.8,38.39,Maize,Red,DAP,,,,,,0,0,0,0,0,0
8,0,36,38.4,70.12,44.15,Paddy,Red,20-20,,,,,,0,0,0,0,1,0
30,1,4,29.8,66.92,55.34,Wheat,Clayey,28-28,,,,,,0,0,0,0,0,0
10,15,18,33.02,55.73,60.55,Maize,Sandy,Urea,,,,,,0,0,0,0,0,0
17,0,39,29.68,65.45,68.73,Paddy,Black,10-26-26,,,,,,0,0,0,0,1,0
36,2,2,30.16,47.07,29.44,Ground Nuts,Clayey,20-20,,,,,,0,0,0,0,0,0
25,0,20,32.83,63.93,34.94,Maize,Sandy,10-26-26,,,,,,0,0,0,0,1,0
36,4,4,38.7,76.26,57.0,Sugarcane,Sandy,20-20,,,,,,0,0,0,0,0,0
9,0,38,37.05,73.86,31.98,Millets,Black,DAP,,,,,,0,0,0,0,1,0
7,8,25,37.44,65.48,63.18,Millets,Red,Urea,,,,,,0,0,0,0,0,0
10,20,24,22.98,47.12,45.24,Millets,Black,14-35-14,,,,,,0,0,0,0,0,0
21,3,13,27.08,53.24,47.64,Barley,Loamy,14-35-14,,,,,,0,0,0,0,0,0
3,9,33,30.4,56.1,55.02,Wheat,Loamy,10-26-26,,,,,,0,0,0,0,0,0
24,0,22,35.38,64.71,38.74,Paddy,Loamy,10-26-26,,,,,,0,0,0,0,1,0
16,0,38,34.77,61.67,59.77,Barley,Clayey,Urea,,,,,,0,0,0,0,1,0
35,4,0,34.38,57.6,52.94,Barley,Clayey,DAP,,,,,,0,0,1,0,0,0
1,14,17,36.78,74.99,46.32,Ground Nuts,Black,DAP,,,,,,0,0,0,0,0,0
6,12,19,31.68,60.87,25.77,Millets,Red,10-26-26,,,,,,0,0,0,0,0,0
41,0,0,29.46,66.27,38.77,Barley,Sandy,17-17-17,,,,,,0,0,1,0,1,0
6,4,9,25.62,54.23,41.6,Sugarcane,Red,28-28,,,,,,0,0,0,0,0,0
14,0,41,36.52,53.74,43.45,Ground Nuts,Clayey,17-17-17,,,,,,0,0,0,0,1,0
5,6,35,33.54,50.61,56.46,Paddy,Black,20-20,,,,,,0,0,0,0,0,0
6,4,32,31.12,49.68,47.94,Sugarcane,Loamy,28-28,,,,,,0,0,0,0,0,0
27,4,21,38.34,57.32,38.09,Sugarcane,Clayey,20-20,,,,,,0,0,0,0,0,0
21,1,20,26.92,46.79,31.62,Millets,Red,28-28,,,,,,0,0,0,0,0,0
11,2,12,30.47,54.41,29.6,Wheat,Black,28-28,,,,,,0,0,0,0,0,0
11,8,26,37.6,58.72,21.63,Barley,Sandy,28-28,,,,,,0,0,0,0,0,0
8,19,16,31.24,72.13,48.81,Wheat,Clayey,28-28,,,,,,0,0,0,0,0,0
9,0,12,32.33,55.31,47.97,Maize,Sandy,Urea,,,,,,0,0,0,0,1,0
6,9,18,30.03,64.18,49.35,Millets,Black,14-35-14,,,,,,0,0,0,0,0,0
5,4,34,24.52,56.92,52.98,Paddy,Loamy,DAP,,,,,,0,0,0,0,0,0
14,4,27,27.3,58.11,36.28,Paddy,Black,17-17-17,,,,,,0,0,0,0,0,0
44,0,0,30.99,59.11,24.93,Paddy,Red,Urea,,,,,,0,0,1,0,1,0
25,0,20,31.32,51.5,37.24,Millets,Sandy,20-20,,,,,,0,0,0,0,1,0
9,0,12,30.43,50.53,39.32,Maize,Black,Urea,,,,,,0,0,0,0,1,0
12,8,17,33.46,55.92,47.57,Ground Nuts,Black,Urea,,,,,,0,0,0,0,0,0
36,0,0,28.53,50.65,49.69,Millets,Black,20-20,,,,,,0,0,1,0,1,0
11,0,31,35.85,71.0,37.57,Millets,Red,DAP,,,,,,0,0,0,0,1,0
8,0,40,35.98,70.52,33.59,Ground Nuts,Sandy,17-17-17,,,,,,0,0,0,0,1,0
13,15,16,30.51,55.65,37.31,Barley,Clayey,20-20,,,,,,0,0,0,0,0,0
12,3,30,30.17,60.47,32.13,Maize,Clayey,14-35-14,,,,,,0,0,0,0,0,0
45,2,0,29.3,58.88,50.39,Sugarcane,Loamy,DAP,,,,,,0,0,1,0,0,0
16,0,23,20.34,48.15,42.35,Millets,Red,14-35-14,,,,,,0,0,0,0,1,0
4,21,16,26.22,48.44,52.01,Paddy,Red,DAP,,,,,,0,0,0,0,0,0
13,0,42,37.85,71.37,60.91,Barley,Red,20-20,,,,,,0,0,0,0,1,0
45,1,3,31.36,55.67,41.78,Millets,Black,Urea,,,,,,0,0,0,0,0,0
12,0,9,24.54,49.35,57.77,Barley,Red,14-35-14,,,,,,0,0,0,0,1,0
5,8,31,24.18,61.7,52.14,Barley,Sandy,28-28,,,,,,0,0,0,0,0,0
10,3,42,37.61,59.21,38.16,Wheat,Sandy,28-28,,,,,,0,0,0,0,0,0
6,0,12,33.21,50.19,41.78,Ground Nuts,Black,28-28,,,,,,0,0,0,0,1,0
41,0,0,34.64,70.76,23.74,Millets,Clayey,17-17-17,,,,,,0,0,1,0,1,0
38,4,0,25.02,54.12,31.81,Wheat,Sandy,28-28,,,,,,0,0,1,0,0,0
39,0,0,25.95,54.26,48.46,Barley,Red,Urea,,,,,,0,0,1,0,1,0
11,0,5,25.82,44.19,69.01,Maize,Clayey,20-20,,,,,,0,0,0,0,1,0
7,4,8,27.03,52.2,44.35,Maize,Clayey,10-26-26,,,,,,0,0,0,0,0,0
23,2,16,27.05,43.07,25.9,Millets,Sandy,14-35-14,,,,,,0,0,0,0,0,0
38,0,4,29.42,68.0,27.65,Sugarcane,Sandy,28-28,,,,,,0,0,0,0,1,0
9,0,40,30.26,62.97,59.02,Sugarcane,Loamy,17-17-17,,,,,,0,0,0,0,1,0
33,0,4,27.85,61.62,28.3,Paddy,Loamy,DAP,,,,,,0,0,0,0,1,0
36,1,0,23.5,49.68,31.29,Maize,Black,14-35-14,,,,,,0,0,1,0,0,0
10,2,34,30.17,53.45,51.01,Maize,Black,DAP,,,,,,0,0,0,0,0,0
8,12,31,25.41,57.63,63.48,Paddy,Red,10-26-26,,,,,,0,0,0,0,0,0
19,11,7,24.85,58.23,20.0,Sugarcane,Clayey,10-26-26,,,,,,0,0,0,0,0,0
34,0,0,23.44,56.26,55.04,Paddy,Loamy,10-26-26,,,,,,0,0,1,0,1,0
11,7,32,26.05,60.98,50.96,Barley,Black,DAP,,,,,,0,0,0,0,0,0
9,6,26,31.44,68.47,53.03,Wheat,Clayey,DAP,,,,,,0,0,0,0,0,0
37,4,3,30.6,58.23,53.69,Millets,Loamy,20-20,,,,,,0,0,0,0,0,0
11,0,38,29.93,43.29,48.86,Barley,Black,Urea,,,,,,0,0,0,0,1,0
18,1,34,28.89,66.42,61.74,Wheat,Red,DAP,,,,,,0,0,0,0,0,0
15,0,37,35.03,70.21,37.03,Ground Nuts,Loamy,17-17-17,,,,,,0,0,0,0,1,0
15,0,38,33.96,75.43,62.88,Wheat,Red,14-35-14,,,,,,0,0,0,0,1,0
15,0,38,28.75,65.49,48.78,Millets,Black,28-28,,,,,,0,0,0,0,1,0
8,5,25,35.6,73.58,37.94,Barley,Sandy,20-20,,,,,,0,0,0,0,0,0
41,4,0,33.49,68.43,31.16,Sugarcane,Red,DAP,,,,,,0,0,1,0,0,0
4,0,14,31.19,58.58,64.38,Wheat,Black,20-20,,,,,,0,0,0,0,1,0
30,4,3,25.12,63.88,55.6,Paddy,Red,28-28,,,,,,0,0,0,0,0,0
7,10,32,32.53,58.37,39.02,Maize,Sandy,17-17-17,,,,,,0,0,0,0,0,0
6,5,28,36.31,57.23,60.02,Wheat,Sandy,10-26-26,,,,,,0,0,0,0,0,0
13,2,28,25.23,55.97,62.08,Millets,Red,10-26-26,,,,,,0,0,0,0,0,0
15,0,31,27.38,62.54,70.0,Ground Nuts,Black,20-20,,,,,,0,0,0,0,1,0
26,0,22,29.02,47.24,42.83,Wheat,Loamy,20-20,,,,,,0,0,0,0,1,0
19,0,28,28.1,67.83,28.1,Ground Nuts,Sandy,20-20,,,,,,0,0,0,0,1,0
15,0,14,27.9,46.88,39.77,Barley,Black,Urea,,,,,,0,0,0,0,1,0
42,1,4,33.78,62.92,50.96,Wheat,Loamy,Urea,,,,,,0,0,0,0,0,0
12,15,7,21.57,52.34,32.89,Sugarcane,Red,14-35-14,,,,,,0,0,0,0,0,0
22,0,19,22.59,47.12,34.78,Ground Nuts,Black,20-20,,,,,,0,0,0,0,1,0
9,1,45,25.87,44.22,38.29,Maize,Red,10-26-26,,,,,,0,0,0,0,0,0
10,12,15,27.73,59.28,49.49,Wheat,Black,DAP,,,,,,0,0,0,0,0,0
10,6,29,24.96,51.91,53.37,Millets,Loamy,28-28,,,,,,0,0,0,0,0,0
19,2,18,30.09,65.32,32.53,Ground Nuts,Sandy,17-17-17,,,,,,0,0,0,0,0,0
41,0,0,32.69,53.61,28.97,Ground Nuts,Loamy,14-35-14,,,,,,0,0,1,0,1,0
26,0,19,31.35,56.17,45.42,Barley,Clayey,10-26-26,,,,,,0,0,0,0,1,0
22,0,23,35.47,68.72,41.38,Ground Nuts,Sandy,20-20,,,,,,0,0,0,0,1,0
15,0,43,40.0,79.17,31.45,Millets,Clayey,28-28,,,,,,0,0,0,0,1,0
8,0,5,25.15,57.65,58.66,Sugarcane,Clayey,14-35-14,,,,,,0,0,0,0,1,0
43,0,0,25.82,59.76,35.34,Paddy,Loamy,Urea,,,,,,0,0,1,0,1,0
5,5,34,26.41,63.86,29.03,Wheat,Loamy,28-28,,,,,,0,0,0,0,0,0
37,0,0,33.8,58.49,50.02,Wheat,Red,14-35-14,,,,,,0,0,1,0,1,0
5,22,25,31.53,71.99,36.06,Wheat,Black,Urea,,,,,,0,0,0,0,0,0
13,0,42,35.71,55.39,49.56,Sugarcane,Black,14-35-14,,,,,,0,0,0,0,1,0
12,0,40,29.37,65.27,42.64,Paddy,Red,10-26-26,,,,,,0,0,0,0,1,0
35,0,0,28.08,52.1,36.43,Millets,Red,20-20,,,,,,0,0,1,0,1,0
10,20,20,33.79,68.09,43.83,Maize,Sandy,DAP,,,,,,0,0,0,0,0,0
40,0,2,27.4,42.62,64.2,Ground Nuts,Red,Urea,,,,,,0,0,0,0,1,0
8,4,37,33.99,48.08,50.86,Sugarcane,Sandy,10-26-26,,,,,,0,0,0,0,0,0
35,0,0,30.72,52.17,46.14,Maize,Clayey,20-20,,,,,,0,0,1,0,1,0
5,13,18,29.01,55.24,41.94,Ground Nuts,Black,DAP,,,,,,0,0,0,0,0,0
37,0,0,30.07,65.17,41.29,Sugarcane,Red,17-17-17,,,,,,0,0,1,0,1,0
38,0,0,26.27,55.86,36.93,Ground Nuts,Clayey,17-17-17,,,,,,0,0,1,0,1,0
3,17,19,26.09,62.79,22.09,Millets,Clayey,Urea,,,,,,0,0,0,0,0,0
18,2,14,36.44,73.6,38.38,Wheat,Black,Urea,,,,,,0,0,0,0,0,0
40,0,3,25.12,66.38,22.29,Millets,Red,17-17-17,,,,,,0,0,0,0,1,0
11,11,31,40.0,75.29,47.3,Wheat,Black,20-20,,,,,,0,0,0,0,0,0
13,1,5,29.31,65.92,49.87,Sugarcane,Sandy,20-20,,,,,,0,0,0,0,0,0
23,0,20,36.49,59.74,55.86,Millets,Red,20-20,,,,,,0,0,0,0,1,0
8,0,5,25.29,58.68,47.03,Maize,Clayey,DAP,,,,,,0,0,0,0,1,0
11,7,28,31.18,49.61,28.76,Wheat,Sandy,14-35-14,,,,,,0,0,0,0,0,0
16,1,38,30.5,52.65,63.66,Maize,Red,28-28,,,,,,0,0,0,0,0,0
19,0,18,26.03,65.26,38.25,Barley,Clayey,10-26-26,,,,,,0,0,0,0,1,0
38,2,0,36.47,68.69,55.78,Paddy,Clayey,14-35-14,,,,,,0,0,1,0,0,0
38,1,1,22.28,40.57,65.74,Maize,Black,17-17-17,,,,,,0,0,0,0,0,0
25,2,22,27.63,45.29,45.88,Maize,Sandy,Urea,,,,,,0,0,0,0,0,0
35,0,0,35.3,72.7,49.12,Wheat,Black,20-20,,,,,,0,0,1,0,1,0
38,0,3,35.28,65.1,40.67,Ground Nuts,Red,28-28,,,,,,0,0,0,0,1,0
21,0,24,30.44,57.3,35.77,Barley,Loamy,17-17-17,,,,,,0,0,0,0,1,0
15,3,12,31.02,58.1,37.46,Paddy,Red,Urea,,,,,,0,0,0,0,0,0
35,0,0,30.91,62.52,32.61,Sugarcane,Black,20-20,,,,,,0,0,1,0,1,0
14,0,4,34.28,57.44,41.72,Barley,Loamy,10-26-26,,,,,,0,0,0,0,1,0
37,0,1,32.81,60.28,33.66,Ground Nuts,Black,Urea,,,,,,0,0,0,0,1,0
10,13,15,34.39,70.57,50.22,Sugarcane,Red,20-20,,,,,,0,0,0,0,0,0
14,3,32,35.36,60.71,43.64,Maize,Sandy,DAP,,,,,,0,0,0,0,0,0
1,19,20,38.96,67.63,36.17,Paddy,Loamy,Urea,,,,,,0,0,0,0,0,0
37,0,4,23.43,54.88,29.61,Ground Nuts,Black,14-35-14,,,,,,0,0,0,0,1,0
10,0,38,29.72,63.99,28.27,Millets,Loamy,20-20,,,,,,0,0,0,0,1,0
9,0,38,38.9,67.16,64.49,Paddy,Sandy,DAP,,,,,,0,0,0,0,1,0
39,4,0,36.02,70.21,46.72,Wheat,Red,Urea,,,,,,0,0,1,0,0,0
9,11,10,28.35,53.72,56.15,Ground Nuts,Black,DAP,,,,,,0,0,0,0,0,0
39,0,4,33.86,68.65,22.84,Wheat,Loamy,14-35-14,,,,,,0,0,0,0,1,0
3,8,33,36.59,67.13,61.03,Wheat,Clayey,14-35-14,,,,,,0,0,0,0,0,0
25,2,25,28.97,47.91,47.29,Millets,Black,28-28,,,,,,0,0,0,0,0,0
34,1,0,34.68,63.25,51.92,Ground Nuts,Sandy,DAP,,,,,,0,0,1,0,0,0
39,2,3,31.26,53.46,60.24,Maize,Sandy,17-17-17,,,,,,0,0,0,0,0,0
24,1,32,31.04,69.96,53.87,Sugarcane,Sandy,14-35-14,,,,,,0,0,0,0,0,0
33,3,0,30.17,61.17,53.11,Maize,Black,28-28,,,,,,0,0,1,0,0,0
34,0,0,28.91,55.03,35.94,Barley,Black,DAP,,,,,,0,0,1,0,1,0
2,18,19,34.07,61.51,36.87,Sugarcane,Clayey,DAP,,,,,,0,0,0,0,0,0
5,2,28,26.4,59.16,66.66,Wheat,Clayey,10-26-26,,,,,,0,0,0,0,0,0
11,0,10,31.02,66.2,60.1,Maize,Clayey,Urea,,,,,,0,0,0,0,1,0
8,0,15,31.29,58.97,28.89,Paddy,Black,28-28,,,,,,0,0,0,0,1,0
10,3,29,34.84,66.8,31.4,Wheat,Sandy,20-20,,,,,,0,0,0,0,0,0
37,0,0,23.48,63.5,56.68,Wheat,Loamy,10-26-26,,,,,,0,0,1,0,1,0
1,14,11,25.93,61.01,45.93,Barley,Loamy,17-17-17,,,,,,0,0,0,0,0,0
12,16,16,27.43,58.71,58.37,Paddy,Red,14-35-14,,,,,,0,0,0,0,0,0
13,10,33,30.03,44.92,39.54,Millets,Red,20-20,,,,,,0,0,0,0,0,0
8,0,10,26.19,59.96,28.29,Barley,Sandy,DAP,,,,,,0,0,0,0,1,0
11,3,41,40.0,75.3,35.46,Ground Nuts,Loamy,28-28,,,,,,0,0,0,0,0,0
7,0,14,23.66,48.48,70.0,Wheat,Black,DAP,,,,,,0,0,0,0,1,0
36,4,0,35.16,53.95,31.14,Maize,Loamy,Urea,,,,,,0,0,1,0,0,0
12,7,30,31.52,68.51,29.7,Millets,Clayey,Urea,,,,,,0,0,0,0,0,0
11,12,30,28.49,50.47,70.0,Sugarcane,Clayey,14-35-14,,,,,,0,0,0,0,0,0
12,0,8,28.07,61.55,53.65,Millets,Red,17-17-17,,,,,,0,0,0,0,1,0
11,1,14,27.47,55.26,45.89,Millets,Sandy,14-35-14,,,,,,0,0,0,0,0,0
21,0,26,25.52,45.73,48.04,Paddy,Black,Urea,,,,,,0,0,0,0,1,0
41,0,0,31.99,67.57,54.82,Ground Nuts,Clayey,28-28,,,,,,0,0,1,0,1,0
37,0,2,32.18,59.36,26.84,Ground Nuts,Clayey,17-17-17,,,,,,0,0,0,0,1,0
21,0,19,24.2,49.32,38.13,Maize,Sandy,10-26-26,,,,,,0,0,0,0,1,0
8,13,17,35.23,57.62,49.82,Paddy,Clayey,10-26-26,,,,,,0,0,0,0,0,0
13,10,9,30.41,66.28,57.05,Millets,Black,20-20,,,,,,0,0,0,0,0,0
11,13,7,30.33,66.06,44.53,Maize,Red,10-26-26,,,,,,0,0,0,0,0,0
14,12,15,34.77,57.87,70.0,Ground Nuts,Red,17-17-17,,,,,,0,0,0,0,0,0
38,0,1,28.37,47.22,31.59,Ground Nuts,Sandy,10-26-26,,,,,,0,0,0,0,1,0
24,0,23,33.42,61.58,56.87,Maize,Sandy,14-35-14,,,,,,0,0,0,0,1,0
24,1,21,30.44,56.94,36.23,Maize,Loamy,14-35-14,,,,,,0,0,0,0,0,0
37,0,1,32.65,62.07,47.91,Wheat,Clayey,17-17-17,,,,,,0,0,0,0,1,0
10,3,35,38.42,61.78,34.65,Millets,Loamy,Urea,,,,,,0,0,0,0,0,0
11,13,17,30.14,57.67,49.19,Barley,Red,20-20,,,,,,0,0,0,0,0,0
5,11,27,23.31,62.72,32.33,Paddy,Clayey,17-17-17,,,,,,0,0,0,0,0,0
10,0,38,33.42,67.09,45.04,Wheat,Black,14-35-14,,,,,,0,0,0,0,1,0
38,2,0,36.41,65.44,34.56,Maize,Red,DAP,,,,,,0,0,1,0,0,0
35,0,1,24.11,43.34,38.58,Maize,Loamy,28-28,,,,,,0,0,0,0,1,0
20,1,19,27.1,57.17,39.17,Maize,Red,DAP,,,,,,0,0,0,0,0,0
8,2,8,25.68,50.02,55.22,Millets,Black,DAP,,,,,,0,0,0,0,0,0
10,14,21,33.95,67.15,51.1,Paddy,Sandy,14-35-14,,,,,,0,0,0,0,0,0
14,10,16,37.39,61.21,53.57,Barley,Clayey,20-20,,,,,,0,0,0,0,0,0
9,3,27,31.81,50.57,52.14,Barley,Sandy,10-26-26,,,,,,0,0,0,0,0,0
13,17,16,31.86,65.87,48.75,Sugarcane,Loamy,DAP,,,,,,0,0,0,0,0,0
7,3,10,24.71,56.84,68.61,Ground Nuts,Red,Urea,,,,,,0,0,0,0,0,0
8,5,17,21.15,56.41,40.51,Millets,Red,14-35-14,,,,,,0,0,0,0,0,0
2,5,31,33.21,64.6,57.98,Sugarcane,Red,28-28,,,,,,0,0,0,0,0,0
38,1,0,29.8,61.21,33.62,Sugarcane,Loamy,17-17-17,,,,,,0,0,1,0,0,0
41,2,0,31.94,61.2,41.82,Ground Nuts,Loamy,17-17-17,,,,,,0,0,1,0,0,0
6,0,33,34.38,64.34,40.91,Millets,Red,20-20,,,,,,0,0,0,0,1,0
16,0,41,24.68,55.24,24.69,Millets,Loamy,14-35-14,,,,,,0,0,0,0,1,0
10,19,8,34.2,66.08,42.67,Maize,Loamy,17-17-17,,,,,,0,0,0,0,0,0
16,0,40,29.82,52.4,40.42,Maize,Sandy,Urea,,,,,,0,0,0,0,1,0
11,0,40,40.0,65.47,42.28,Barley,Red,17-17-17,,,,,,0,0,0,0,1,0
26,2,18,32.91,66.66,40.05,Ground Nuts,Sandy,28-28,,,,,,0,0,0,0,0,0
8,0,11,24.29,67.06,44.48,Wheat,Loamy,DAP,,,,,,0,0,0,0,1,0
20,1,20,34.93,61.43,44.65,Sugarcane,Black,Urea,,,,,,0,0,0,0,0,0
36,0,2,23.71,63.86,35.37,Paddy,Sandy,10-26-26,,,,,,0,0,0,0,1,0
15,1,43,37.64,61.51,27.73,Maize,Loamy,DAP,,,,,,0,0,0,0,0,0
31,0,0,27.39,60.39,45.71,Millets,Clayey,10-26-26,,,,,,0,0,1,0,1,0
11,3,36,40.0,79.33,33.3,Millets,Loamy,17-17-17,,,,,,0,0,0,0,0,0
5,20,18,34.69,53.03,34.57,Millets,Clayey,20-20,,,,,,0,0,0,0,0,0
43,0,0,33.65,72.61,52.87,Ground Nuts,Loamy,10-26-26,,,,,,0,0,1,0,1,0
3,3,30,30.64,67.36,57.07,Paddy,Red,17-17-17,,,,,,0,0,0,0,0,0
17,0,22,32.34,55.71,38.14,Paddy,Sandy,28-28,,,,,,0,0,0,0,1,0
34,0,0,30.06,47.8,60.33,Barley,Loamy,20-20,,,,,,0,0,1,0,1,0
37,0,0,28.62,51.19,33.7,Maize,Clayey,14-35-14,,,,,,0,0,1,0,1,0
16,0,8,33.45,58.88,44.67,Maize,Red,DAP,,,,,,0,0,0,0,1,0
13,0,41,39.47,66.89,26.46,Barley,Red,28-28,,,,,,0,0,0,0,1,0
11,12,30,34.2,64.13,36.5,Millets,Sandy,20-20,,,,,,0,0,0,0,0,0
11,4,10,29.06,48.7,52.49,Millets,Black,17-17-17,,,,,,0,0,0,0,0,0
12,4,24,23.29,59.4,40.01,Wheat,Sandy,14-35-14,,,,,,0,0,0,0,0,0
17,1,29,34.89,53.59,52.87,Ground Nuts,Clayey,10-26-26,,,,,,0,0,0,0,0,0
15,0,37,31.11,61.64,58.52,Sugarcane,Loamy,20-20,,,,,,0,0,0,0,1,0
21,0,27,33.58,66.11,42.35,Ground Nuts,Clayey,14-35-14,,,,,,0,0,0,0,1,0
2,15,16,25.63,49.76,37.15,Wheat,Red,20-20,,,,,,0,0,0,0,0,0
12,3,41,27.14,56.05,30.48,Wheat,Sandy,20-20,,,,,,0,0,0,0,0,0
17,0,9,35.61,60.02,37.93,Paddy,Clayey,10-26-26,,,,,,0,0,0,0,1,0
36,0,2,24.25,40.87,70.0,Ground Nuts,Clayey,DAP,,,,,,0,0,0,0,1,0
12,13,32,32.28,53.91,52.3,Wheat,Red,20-20,,,,,,0,0,0,0,0,0
5,3,33,27.4,59.45,64.61,Maize,Loamy,20-20,,,,,,0,0,0,0,0,0
36,1,0,31.83,65.84,45.46,Maize,Sandy,10-26-26,,,,,,0,0,1,0,0,0
10,9,14,34.42,71.01,48.66,Sugarcane,Loamy,Urea,,,,,,0,0,0,0,0,0
18,0,36,34.54,66.58,57.85,Maize,Sandy,28-28,,,,,,0,0,0,0,1,0
45,0,0,25.8,66.1,30.14,Wheat,Clayey,17-17-17,,,,,,0,0,1,0,1,0
9,0,10,29.81,66.55,42.65,Wheat,Black,14-35-14,,,,,,0,0,0,0,1,0
40,2,1,34.59,64.16,61.6,Ground Nuts,Sandy,20-20,,,,,,0,0,0,0,0,0
35,1,0,35.73,62.22,25.88,Millets,Loamy,Urea,,,,,,0,0,1,0,0,0
11,3,36,22.62,60.09,38.4,Sugarcane,Black,Urea,,,,,,0,0,0,0,0,0
5,4,27,34.58,68.3,42.15,Sugarcane,Loamy,14-35-14,,,,,,0,0,0,0,0,0
35,1,0,40.0,72.81,54.19,Wheat,Black,20-20,,,,,,0,0,1,0,0,0
16,0,33,34.53,58.81,26.06,Maize,Clayey,20-20,,,,,,0,0,0,0,1,0
23,0,24,35.63,64.09,70.0,Ground Nuts,Sandy,14-35-14,,,,,,0,0,0,0,1,0
32,0,1,24.38,56.96,39.27,Barley,Sandy,10-26-26,,,,,,0,0,0,0,1,0
22,1,22,30.99,56.13,38.39,Maize,Black,Urea,,,,,,0,0,0,0,0,0
17,1,41,23.6,54.54,23.53,Paddy,Clayey,10-26-26,,,,,,0,0,0,0,0,0
43,4,0,40.0,80.0,43.34,Barley,Black,28-28,,,,,,0,0,1,0,0,0
12,1,11,33.92,55.94,43.63,Ground Nuts,Black,Urea,,,,,,0,0,0,0,0,0
24,2,16,26.83,46.99,40.08,Sugarcane,Loamy,Urea,,,,,,0,0,0,0,0,0
39,0,1,29.04,67.21,35.35,Millets,Loamy,20-20,,,,,,0,0,0,0,1,0
10,19,25,36.08,64.21,51.97,Ground Nuts,Red,14-35-14,,,,,,0,0,0,0,0,0
8,0,37,32.37,67.42,54.33,Wheat,Clayey,DAP,,,,,,0,0,0,0,1,0
7,0,7,30.79,61.55,57.57,Sugarcane,Loamy,10-26-26,,,,,,0,0,0,0,1,0
15,13,15,25.51,59.65,53.61,Sugarcane,Red,14-35-14,,,,,,0,0,0,0,0,0
3,0,10,31.69,56.25,40.99,Barley,Black,14-35-14,,,,,,0,0,0,0,1,0
13,15,11,33.3,63.72,45.46,Millets,Clayey,DAP,,,,,,0,0,0,0,0,0
17,0,9,27.44,56.5,34.3,Millets,Black,10-26-26,,,,,,0,0,0,0,1,0
11,6,27,39.42,64.09,20.97,Sugarcane,Red,DAP,,,,,,0,0,0,0,0,0
14,12,7,31.52,61.75,49.9,Maize,Black,28-28,,,,,,0,0,0,0,0,0
11,11,12,29.16,49.45,20.83,Sugarcane,Black,28-28,,,,,,0,0,0,0,0,0
15,4,11,24.33,46.07,28.21,Wheat,Clayey,20-20,,,,,,0,0,0,0,0,0
10,0,10,27.21,46.35,35.11,Millets,Loamy,17-17-17,,,,,,0,0,0,0,1,0
32,0,2,30.96,56.48,38.62,Paddy,Red,28-28,,,,,,0,0,0,0,1,0
39,2,3,25.46,55.52,34.53,Ground Nuts,Sandy,28-28,,,,,,0,0,0,0,0,0
14,0,4,31.13,57.22,49.42,Barley,Loamy,20-20,,,,,,0,0,0,0,1,0
9,11,16,25.05,44.34,25.92,Maize,Sandy,10-26-26,,,,,,0,0,0,0,0,0
7,23,21,38.39,61.8,54.73,Paddy,Sandy,28-28,,,,,,0,0,0,0,0,0
16,2,9,29.46,60.17,40.6,Millets,Red,20-20,,,,,,0,0,0,0,0,0
21,0,20,23.78,50.2,41.1,Wheat,Clayey,DAP,,,,,,0,0,0,0,1,0
15,0,5,34.81,60.62,53.89,Barley,Clayey,14-35-14,,,,,,0,0,0,0,1,0
26,1,20,30.78,58.39,37.15,Ground Nuts,Black,10-26-26,,,,,,0,0,0,0,0,0
10,0,37,29.0,66.29,61.94,Maize,Loamy,Urea,,,,,,0,0,0,0,1,0
12,4,33,29.39,57.26,57.53,Sugarcane,Clayey,28-28,,,,,,0,0,0,0,0,0
16,1,7,27.0,52.82,49.08,Paddy,Loamy,28-28,,,,,,0,0,0,0,0,0
24,0,25,31.57,53.08,43.02,Sugarcane,Sandy,20-20,,,,,,0,0,0,0,1,0
11,2,34,30.48,67.9,25.48,Sugarcane,Clayey,28-28,,,,,,0,0,0,0,0,0
11,4,7,27.39,50.86,56.33,Ground Nuts,Clayey,28-28,,,,,,0,0,0,0,0,0
38,3,2,30.52,70.57,59.93,Sugarcane,Clayey,14-35-14,,,,,,0,0,0,0,0,0
37,0,0,30.17,67.92,56.37,Paddy,Clayey,28-28,,,,,,0,0,1,0,1,0
3,13,18,30.79,52.36,42.22,Sugarcane,Clayey,14-35-14,,,,,,0,0,0,0,0,0
5,10,26,30.1,62.4,52.64,Maize,Loamy,28-28,,,,,,0,0,0,0,0,0
8,11,31,38.72,58.9,38.91,Barley,Black,14-35-14,,,,,,0,0,0,0,0,0
42,0,1,35.93,77.82,40.02,Sugarcane,Black,DAP,,,,,,0,0,0,0,1,0
11,0,45,36.65,73.12,32.65,Millets,Sandy,DAP,,,,,,0,0,0,0,1,0
28,0,16,31.53,62.71,63.53,Ground Nuts,Red,20-20,,,,,,0,0,0,0,1,0
14,0,41,25.47,51.22,21.2,Barley,Loamy,DAP,,,,,,0,0,0,0,1,0
25,2,15,21.26,57.97,22.22,Maize,Clayey,20-20,,,,,,0,0,0,0,0,0
36,0,1,37.18,67.2,44.25,Ground Nuts,Clayey,14-35-14,,,,,,0,0,0,0,1,0
10,7,29,32.28,51.98,66.27,Barley,Red,28-28,,,,,,0,0,0,0,0,0
5,13,21,34.19,57.37,20.0,Wheat,Red,Urea,,,,,,0,0,0,0,0,0
8,3,31,35.41,63.84,41.24,Paddy,Clayey,DAP,,,,,,0,0,0,0,0,0
11,0,39,30.14,55.8,53.62,Millets,Loamy,17-17-17,,,,,,0,0,0,0,1,0
16,0,34,32.4,60.04,70.0,Maize,Sandy,17-17-17,,,,,,0,0,0,0,1,0
9,5,24,31.7,56.56,58.11,Barley,Red,Urea,,,,,,0,0,0,0,0,0
25,0,19,28.91,54.0,43.35,Paddy,Black,20-20,,,,,,0,0,0,0,1,0
39,0,4,27.59,46.47,42.99,Millets,Loamy,20-20,,,,,,0,0,0,0,1,0
36,0,3,31.88,55.48,48.99,Sugarcane,Sandy,14-35-14,,,,,,0,0,0,0,1,0
10,12,13,35.64,58.25,43.11,Barley,Sandy,17-17-17,,,,,,0,0,0,0,0,0
11,0,17,37.92,63.52,57.65,Barley,Sandy,20-20,,,,,,0,0,0,0,1,0
28,4,25,34.96,62.17,32.1,Barley,Clayey,28-28,,,,,,0,0,0,0,0,0
14,2,29,30.72,58.49,48.86,Millets,Red,28-28,,,,,,0,0,0,0,0,0
7,1,14,27.1,54.31,64.72,Ground Nuts,Sandy,14-35-14,,,,,,0,0,0,0,0,0
9,10,32,31.94,49.09,33.57,Sugarcane,Clayey,Urea,,,,,,0,0,0,0,0,0
5,6,31,25.13,65.26,63.03,Millets,Black,DAP,,,,,,0,0,0,0,0,0
9,0,11,33.23,54.63,32.08,Maize,Red,DAP,,,,,,0,0,0,0,1,0
12,4,38,30.1,76.55,35.94,Maize,Black,28-28,,,,,,0,0,0,0,0,0
13,3,13,33.57,71.2,44.05,Barley,Black,17-17-17,,,,,,0,0,0,0,0,0
21,0,25,25.63,62.5,43.69,Sugarcane,Loamy,DAP,,,,,,0,0,0,0,1,0
9,6,26,37.36,57.89,32.72,Millets,Black,28-28,,,,,,0,0,0,0,0,0
14,0,31,36.23,62.8,42.68,Maize,Clayey,Urea,,,,,,0,0,0,0,1,0
13,0,42,33.26,56.71,62.07,Paddy,Black,17-17-17,,,,,,0,0,0,0,1,0
11,0,16,26.65,60.53,40.45,Barley,Loamy,10-26-26,,,,,,0,0,0,0,1,0
1,19,19,36.16,66.29,49.05,Barley,Loamy,10-26-26,,,,,,0,0,0,0,0,0
26,0,14,36.4,55.65,42.68,Wheat,Clayey,14-35-14,,,,,,0,0,0,0,1,0
13,0,10,31.39,55.54,33.3,Wheat,Sandy,28-28,,,,,,0,0,0,0,1,0
35,3,4,29.26,52.37,64.7,Wheat,Clayey,10-26-26,,,,,,0,0,0,0,0,0
10,4,32,31.2,67.76,37.33,Barley,Loamy,20-20,,,,,,0,0,0,0,0,0
10,0,36,35.08,64.76,34.93,Paddy,Clayey,Urea,,,,,,0,0,0,0,1,0
22,0,28,36.48,63.8,37.03,Paddy,Red,17-17-17,,,,,,0,0,0,0,1,0
11,7,31,27.47,63.37,35.75,Paddy,Loamy,Urea,,,,,,0,0,0,0,0,0
16,0,14,29.7,47.21,42.8,Millets,Loamy,Urea,,,,,,0,0,0,0,1,0
41,0,0,34.31,64.07,56.1,Ground Nuts,Black,28-28,,,,,,0,0,1,0,1,0
14,15,18,35.48,77.07,59.6,Millets,Red,DAP,,,,,,0,0,0,0,0,0
6,6,28,30.43,52.13,20.0,Paddy,Loamy,Urea,,,,,,0,0,0,0,0,0
2,7,27,36.99,61.66,67.74,Sugarcane,Sandy,Urea,,,,,,0,0,0,0,0,0
21,3,25,32.06,71.03,52.21,Wheat,Clayey,20-20,,,,,,0,0,0,0,0,0
13,11,27,25.99,48.98,52.04,Ground Nuts,Clayey,20-20,,,,,,0,0,0,0,0,0
18,4,40,36.61,59.51,61.5,Maize,Black,20-20,,,,,,0,0,0,0,0,0
15,2,38,27.35,57.23,20.0,Paddy,Red,Urea,,,,,,0,0,0,0,0,0
42,0,1,39.57,71.95,48.79,Sugarcane,Black,10-26-26,,,,,,0,0,0,0,1,0
1,17,16,36.37,55.52,51.42,Ground Nuts,Red,Urea,,,,,,0,0,0,0,0,0
41,0,0,29.41,64.67,26.84,Ground Nuts,Loamy,DAP,,,,,,0,0,1,0,1,0
5,9,31,27.69,66.82,69.38,Millets,Sandy,DAP,,,,,,0,0,0,0,0,0
12,12,33,27.83,53.18,51.26,Maize,Clayey,17-17-17,,,,,,0,0,0,0,0,0
35,0,0,23.74,59.52,37.9,Millets,Clayey,28-28,,,,,,0,0,1,0,1,0
33,0,0,24.26,47.47,41.47,Barley,Red,14-35-14,,,,,,0,0,1,0,1,0
15,0,35,37.07,65.57,29.2,Millets,Red,17-17-17,,,,,,0,0,0,0,1,0
43,2,0,31.17,47.4,35.26,Barley,Loamy,17-17-17,,,,,,0,0,1,0,0,0
11,4,5,26.04,57.17,58.73,Maize,Black,14-35-14,,,,,,0,0,0,0,0,0
5,3,30,32.02,49.9,34.01,Barley,Clayey,17-17-17,,,,,,0,0,0,0,0,0
8,3,9,37.64,71.0,34.45,Paddy,Loamy,17-17-17,,,,,,0,0,0,0,0,0
9,9,29,40.0,64.82,34.91,Millets,Loamy,10-26-26,,,,,,0,0,0,0,0,0
7,0,37,34.52,54.84,20.39,Millets,Red,14-35-14,,,,,,0,0,0,0,1,0
5,0,13,24.19,52.78,62.25,Paddy,Sandy,10-26-26,,,,,,0,0,0,0,1,0
45,0,0,28.3,44.16,37.12,Millets,Sandy,17-17-17,,,,,,0,0,1,0,1,0
40,0,0,28.56,50.73,40.11,Ground Nuts,Black,DAP,,,,,,0,0,1,0,1,0
33,0,0,25.84,48.25,28.97,Maize,Black,17-17-17,,,,,,0,0,1,0,1,0
20,4,17,32.51,74.08,30.77,Wheat,Black,14-35-14,,,,,,0,0,0,0,0,0
7,11,18,34.34,64.59,64.54,Maize,Sandy,Urea,,,,,,0,0,0,0,0,0
8,4,25,31.72,46.57,33.12,Maize,Black,28-28,,,,,,0,0,0,0,0,0
34,0,0,28.46,47.43,43.66,Maize,Loamy,10-26-26,,,,,,0,0,1,0,1,0
8,4,10,31.91,56.92,56.68,Wheat,Clayey,14-35-14,,,,,,0,0,0,0,0,0
40,1,3,27.35,60.19,38.46,Paddy,Red,DAP,,,,,,0,0,0,0,0,0
11,1,10,27.47,50.13,43.95,Maize,Loamy,20-20,,,,,,0,0,0,0,0,0
17,0,24,29.17,56.11,33.33,Sugarcane,Clayey,14-35-14,,,,,,0,0,0,0,1,0
9,2,6,28.47,43.34,70.0,Ground Nuts,Black,DAP,,,,,,0,0,0,0,0,0
15,20,12,26.53,54.66,31.33,Wheat,Sandy,Urea,,,,,,0,0,0,0,0,0
13,4,36,25.42,59.82,44.93,Barley,Black,10-26-26,,,,,,0,0,0,0,0,0
20,0,18,33.41,51.2,45.61,Maize,Red,17-17-17,,,,,,0,0,0,0,1,0
41,3,2,24.58,46.1,28.15,Paddy,Red,20-20,,,,,,0,0,0,0,0,0
12,3,9,24.28,65.84,55.13,Ground Nuts,Clayey,10-26-26,,,,,,0,0,0,0,0,0
36,1,0,37.55,64.6,43.06,Millets,Loamy,20-20,,,,,,0,0,1,0,0,0
18,4,41,24.94,59.33,39.15,Barley,Loamy,20-20,,,,,,0,0,0,0,0,0
13,17,9,36.65,55.69,61.93,Ground Nuts,Black,14-35-14,,,,,,0,0,0,0,0,0
23,4,17,30.7,65.78,39.17,Barley,Red,Urea,,,,,,0,0,0,0,0,0
13,11,10,31.92,64.08,56.9,Barley,Loamy,20-20,,,,,,0,0,0,0,0,0
13,5,24,24.19,48.21,44.34,Paddy,Black,14-35-14,,,,,,0,0,0,0,0,0
17,0,38,30.08,65.89,54.29,Sugarcane,Loamy,28-28,,,,,,0,0,0,0,1,0
19,2,14,31.67,50.73,39.1,Wheat,Sandy,DAP,,,,,,0,0,0,0,0,0
40,0,2,29.32,47.61,44.18,Wheat,Loamy,28-28,,,,,,0,0,0,0,1,0
34,0,2,40.0,77.37,53.95,Sugarcane,Loamy,20-20,,,,,,0,0,0,0,1,0
8,0,32,33.43,54.28,50.93,Ground Nuts,Red,10-26-26,,,,,,0,0,0,0,1,0
9,4,31,33.69,65.59,44.33,Sugarcane,Clayey,14-35-14,,,,,,0,0,0,0,0,0
6,0,10,22.93,58.97,53.96,Sugarcane,Black,Urea,,,,,,0,0,0,0,1,0
44,4,0,22.07,43.99,24.58,Sugarcane,Clayey,Urea,,,,,,0,0,1,0,0,0
9,17,17,30.94,49.05,21.4,Paddy,Black,Urea,,,,,,0,0,0,0,0,0
14,3,33,35.01,61.43,53.19,Wheat,Black,14-35-14,,,,,,0,0,0,0,0,0
8,12,33,27.47,49.35,52.45,Wheat,Red,14-35-14,,,,,,0,0,0,0,0,0
10,0,42,26.1,47.87,27.14,Wheat,Sandy,Urea,,,,,,0,0,0,0,1,0
6,23,18,37.5,61.09,54.31,Wheat,Black,17-17-17,,,,,,0,0,0,0,0,0
19,1,18,31.12,67.16,45.77,Barley,Red,10-26-26,,,,,,0,0,0,0,0,0
11,1,31,31.15,52.04,47.36,Paddy,Loamy,10-26-26,,,,,,0,0,0,0,0,0
20,0,20,31.39,65.28,55.06,Sugarcane,Clayey,17-17-17,,,,,,0,0,0,0,1,0
16,1,43,31.23,47.26,33.63,Wheat,Sandy,14-35-14,,,,,,0,0,0,0,0,0
37,0,0,33.15,56.83,29.47,Millets,Black,DAP,,,,,,0,0,1,0,1,0
22,3,19,28.74,45.6,40.97,Maize,Black,14-35-14,,,,,,0,0,0,0,0,0
10,9,31,36.5,63.95,29.3,Sugarcane,Clayey,20-20,,,,,,0,0,0,0,0,0
13,1,40,31.25,65.16,61.75,Barley,Red,28-28,,,,,,0,0,0,0,0,0
17,0,14,39.17,60.87,33.65,Sugarcane,Sandy,28-28,,,,,,0,0,0,0,1,0
20,0,17,22.03,55.73,44.87,Wheat,Sandy,DAP,,,,,,0,0,0,0,1,0
11,0,11,29.57,61.19,62.88,Paddy,Black,14-35-14,,,,,,0,0,0,0,1,0
35,0,0,30.44,73.8,29.62,Maize,Loamy,20-20,,,,,,0,0,1,0,1,0
7,10,17,27.38,58.03,33.27,Barley,Red,Urea,,,,,,0,0,0,0,0,0
8,9,13,32.77,69.64,45.76,Wheat,Sandy,17-17-17,,,,,,0,0,0,0,0,0
7,10,28,36.41,64.96,59.81,Sugarcane,Black,17-17-17,,,,,,0,0,0,0,0,0
19,1,28,33.79,66.5,37.64,Wheat,Sandy,14-35-14,,,,,,0,0,0,0,0,0
17,0,31,30.15,60.11,44.88,Maize,Red,Urea,,,,,,0,0,0,0,1,0
18,4,21,35.75,72.31,48.51,Sugarcane,Loamy,28-28,,,,,,0,0,0,0,0,0
41,0,3,32.08,58.58,35.11,Millets,Loamy,20-20,,,,,,0,0,0,0,1,0
37,2,0,29.95,45.82,45.65,Ground Nuts,Red,Urea,,,,,,0,0,1,0,0,0
21,0,19,29.26,50.69,34.13,Ground Nuts,Loamy,14-35-14,,,,,,0,0,0,0,1,0
5,16,17,28.69,51.59,39.81,Barley,Clayey,17-17-17,,,,,,0,0,0,0,0,0
13,3,6,24.47,41.96,66.66,Ground Nuts,Sandy,DAP,,,,,,0,0,0,0,0,0
13,13,20,27.86,60.04,35.19,Ground Nuts,Loamy,14-35-14,,,,,,0,0,0,0,0,0
39,0,2,29.87,53.12,36.23,Barley,Black,20-20,,,,,,0,0,0,0,1,0
5,0,8,28.65,55.95,65.2,Wheat,Loamy,17-17-17,,,,,,0,0,0,0,1,0
17,18,18,29.16,60.54,23.72,Maize,Black,28-28,,,,,,0,0,0,0,0,0
7,8,30,40.0,67.52,54.89,Sugarcane,Clayey,14-35-14,,,,,,0,0,0,0,0,0
3,12,29,25.43,65.1,28.58,Wheat,Loamy,28-28,,,,,,0,0,0,0,0,0
9,11,26,39.18,63.25,53.62,Wheat,Red,28-28,,,,,,0,0,0,0,0,0
24,0,19,27.84,60.23,45.59,Paddy,Red,14-35-14,,,,,,0,0,0,0,1,0
5,6,31,27.65,53.31,61.72,Millets,Clayey,Urea,,,,,,0,0,0,0,0,0
14,4,39,40.0,66.91,30.02,Millets,Loamy,14-35-14,,,,,,0,0,0,0,0,0
39,0,0,30.11,59.1,51.32,Maize,Black,14-35-14,,,,,,0,0,1,0,1,0
12,0,15,25.22,53.73,30.89,Sugarcane,Sandy,28-28,,,,,,0,0,0,0,1,0
3,14,15,29.14,53.05,39.37,Millets,Black,10-26-26,,,,,,0,0,0,0,0,0
38,3,0,32.25,57.98,33.41,Barley,Clayey,17-17-17,,,,,,0,0,1,0,0,0
15,0,37,25.26,57.8,26.57,Sugarcane,Red,Urea,,,,,,0,0,0,0,1,0
15,3,8,22.92,45.66,20.23,Maize,Clayey,14-35-14,,,,,,0,0,0,0,0,0
16,0,34,35.68,58.08,28.71,Paddy,Red,17-17-17,,,,,,0,0,0,0,1,0
18,4,17,22.5,42.27,32.46,Maize,Clayey,Urea,,,,,,0,0,0,0,0,0
10,3,31,31.52,60.7,46.13,Millets,Loamy,Urea,,,,,,0,0,0,0,0,0
43,0,0,27.84,69.92,32.53,Paddy,Loamy,DAP,,,,,,0,0,1,0,1,0
13,0,40,30.09,63.88,29.57,Barley,Red,17-17-17,,,,,,0,0,0,0,1,0
41,0,4,30.66,73.88,52.09,Barley,Loamy,28-28,,,,,,0,0,0,0,1,0
12,3,25,24.83,53.1,42.24,Maize,Red,17-17-17,,,,,,0,0,0,0,0,0
3,19,14,29.26,43.57,38.57,Wheat,Sandy,DAP,,,,,,0,0,0,0,0,0
10,3,13,33.46,60.05,38.08,Maize,Red,14-35-14,,,,,,0,0,0,0,0,0
16,0,41,37.04,64.29,36.18,Barley,Red,28-28,,,,,,0,0,0,0,1,0
10,7,26,38.74,57.13,29.33,Maize,Clayey,10-26-26,,,,,,0,0,0,0,0,0
12,0,44,30.89,51.81,22.19,Millets,Sandy,14-35-14,,,,,,0,0,0,0,1,0
14,0,41,32.42,64.25,35.46,Wheat,Loamy,28-28,,,,,,0,0,0,0,1,0
19,4,20,24.94,59.04,40.73,Paddy,Loamy,17-17-17,,,,,,0,0,0,0,0,0
7,0,37,25.54,65.98,69.67,Sugarcane,Black,10-26-26,,,,,,0,0,0,0,1,0
11,0,42,33.34,55.85,23.34,Sugarcane,Red,10-26-26,,,,,,0,0,0,0,1,0
40,0,4,29.55,56.78,47.37,Wheat,Clayey,17-17-17,,,,,,0,0,0,0,1,0
38,0,1,34.73,60.41,49.08,Millets,Clayey,10-26-26,,,,,,0,0,0,0,1,0
10,3,28,30.2,54.14,39.71,Maize,Black,DAP,,,,,,0,0,0,0,0,0
39,0,0,38.61,75.37,60.29,Millets,Clayey,20-20,,,,,,0,0,1,0,1,0
2,9,32,32.47,65.43,40.33,Sugarcane,Red,20-20,,,,,,0,0,0,0,0,0
3,20,21,36.14,63.2,37.97,Sugarcane,Sandy,Urea,,,,,,0,0,0,0,0,0
21,0,23,27.09,52.83,49.64,Barley,Clayey,14-35-14,,,,,,0,0,0,0,1,0
26,0,15,28.62,51.24,41.5,Paddy,Loamy,28-28,,,,,,0,0,0,0,1,0
18,0,28,29.46,59.83,48.05,Millets,Clayey,10-26-26,,,,,,0,0,0,0,1,0
37,0,2,35.21,61.64,45.77,Maize,Sandy,28-28,,,,,,0,0,0,0,1,0
26,3,21,35.02,64.12,70.0,Millets,Sandy,28-28,,,,,,0,0,0,0,0,0
9,2,38,25.03,57.3,62.78,Paddy,Red,28-28,,,,,,0,0,0,0,0,0
20,0,14,29.68,59.53,42.04,Maize,Loamy,20-20,,,,,,0,0,0,0,1,0
36,3,0,29.84,46.49,36.19,Barley,Sandy,28-28,,,,,,0,0,1,0,0,0
38,4,0,31.89,47.95,33.53,Paddy,Sandy,17-17-17,,,,,,0,0,1,0,0,0
25,4,22,30.41,53.73,52.34,Millets,Clayey,14-35-14,,,,,,0,0,0,0,0,0
13,0,11,29.69,68.57,47.16,Wheat,Loamy,28-28,,,,,,0,0,0,0,1,0
12,8,34,24.37,52.52,35.28,Maize,Sandy,10-26-26,,,,,,0,0,0,0,0,0
16,0,41,35.64,78.63,32.96,Ground Nuts,Loamy,DAP,,,,,,0,0,0,0,1,0
21,0,18,34.27,53.73,40.07,Millets,Red,17-17-17,,,,,,0,0,0,0,1,0
10,0,11,28.27,53.31,44.56,Maize,Clayey,20-20,,,,,,0,0,0,0,1,0
15,0,37,36.59,60.09,43.56,Sugarcane,Loamy,DAP,,,,,,0,0,0,0,1,0
8,0,18,28.84,67.18,30.09,Maize,Sandy,20-20,,,,,,0,0,0,0,1,0
37,0,1,35.56,58.03,40.89,Paddy,Black,14-35-14,,,,,,0,0,0,0,1,0
15,0,14,35.35,55.95,45.52,Paddy,Sandy,10-26-26,,,,,,0,0,0,0,1,0
20,0,19,26.74,52.72,36.02,Wheat,Red,Urea,,,,,,0,0,0,0,1,0
9,0,37,37.23,75.19,30.93,Ground Nuts,Sandy,10-26-26,,,,,,0,0,0,0,1,0
17,0,21,21.54,44.06,29.56,Maize,Loamy,DAP,,,,,,0,0,0,0,1,0
36,0,3,32.39,62.04,43.21,Paddy,Black,14-35-14,,,,,,0,0,0,0,1,0
7,0,3,24.06,61.27,35.5,Barley,Clayey,28-28,,,,,,0,0,0,0,1,0
8,5,28,23.77,56.55,20.0,Barley,Clayey,10-26-26,,,,,,0,0,0,0,0,0
36,2,0,21.54,46.95,31.7,Paddy,Clayey,20-20,,,,,,0,0,1,0,0,0
41,4,0,23.2,50.07,39.24,Maize,Red,Urea,,,,,,0,0,1,0,0,0
26,2,16,27.44,57.01,28.59,Wheat,Black,14-35-14,,,,,,0,0,0,0,0,0
13,0,17,32.09,75.71,34.53,Barley,Sandy,14-35-14,,,,,,0,0,0,0,1,0
24,4,15,24.8,52.55,31.96,Barley,Clayey,DAP,,,,,,0,0,0,0,0,0
30,0,2,33.0,70.78,53.38,Maize,Black,Urea,,,,,,0,0,0,0,1,0
11,0,39,30.49,62.68,54.33,Sugarcane,Red,28-28,,,,,,0,0,0,0,1,0
12,0,36,30.09,50.47,63.24,Barley,Sandy,14-35-14,,,,,,0,0,0,0,1,0
25,0,22,29.27,44.77,37.58,Maize,Sandy,DAP,,,,,,0,0,0,0,1,0
13,0,33,27.16,59.89,53.85,Millets,Black,DAP,,,,,,0,0,0,0,1,0
34,4,4,33.73,70.72,33.03,Maize,Red,20-20,,,,,,0,0,0,0,0,0
15,0,41,39.43,54.27,49.34,Maize,Sandy,17-17-17,,,,,,0,0,0,0,1,0
17,0,25,32.35,60.72,43.59,Millets,Red,20-20,,,,,,0,0,0,0,1,0
10,5,32,34.2,76.61,35.31,Sugarcane,Sandy,20-20,,,,,,0,0,0,0,0,0
37,2,0,34.55,55.64,37.76,Barley,Sandy,10-26-26,,,,,,0,0,1,0,0,0
25,0,22,20.22,58.88,39.39,Sugarcane,Sandy,28-28,,,,,,0,0,0,0,1,0
38,0,0,37.79,67.0,32.71,Paddy,Sandy,DAP,,,,,,0,0,1,0,1,0
13,3,34,27.98,60.54,46.23,Maize,Sandy,Urea,,,,,,0,0,0,0,0,0
10,14,21,27.24,51.2,39.43,Millets,Sandy,28-28,,,,,,0,0,0,0,0,0
34,0,0,34.9,57.7,66.08,Wheat,Red,17-17-17,,,,,,0,0,1,0,1,0
7,0,10,31.77,61.86,29.83,Millets,Loamy,14-35-14,,,,,,0,0,0,0,1,0
21,0,26,27.38,63.54,38.63,Ground Nuts,Loamy,10-26-26,,,,,,0,0,0,0,1,0
34,0,0,30.85,61.14,54.1,Sugarcane,Red,14-35-14,,,,,,0,0,1,0,1,0
12,13,31,34.43,53.83,67.15,Maize,Clayey,17-17-17,,,,,,0,0,0,0,0,0
14,6,27,32.02,55.71,67.83,Maize,Clayey,20-20,,,,,,0,0,0,0,0,0
15,19,14,30.34,65.67,31.36,Barley,Sandy,DAP,,,,,,0,0,0,0,0,0
7,10,25,39.88,61.95,47.99,Ground Nuts,Black,14-35-14,,,,,,0,0,0,0,0,0
8,17,19,26.43,46.63,42.08,Maize,Sandy,17-17-17,,,,,,0,0,0,0,0,0
35,0,0,36.97,55.81,41.5,Ground Nuts,Clayey,DAP,,,,,,0,0,1,0,1,0
7,3,39,27.63,60.94,44.64,Paddy,Red,28-28,,,,,,0,0,0,0,0,0
3,16,11,24.24,45.83,31.62,Paddy,Clayey,28-28,,,,,,0,0,0,0,0,0
38,0,4,36.09,59.96,40.07,Wheat,Red,28-28,,,,,,0,0,0,0,1,0
9,17,15,22.24,53.86,57.32,Ground Nuts,Red,Urea,,,,,,0,0,0,0,0,0
7,0,42,39.12,70.65,46.22,Maize,Clayey,20-20,,,,,,0,0,0,0,1,0
39,0,1,31.03,60.24,49.2,Sugarcane,Sandy,28-28,,,,,,0,0,0,0,1,0
11,0,10,34.83,50.31,46.32,Millets,Sandy,20-20,,,,,,0,0,0,0,1,0
8,0,43,37.71,79.73,38.27,Paddy,Black,DAP,,,,,,0,0,0,0,1,0
16,18,13,24.45,67.55,32.45,Ground Nuts,Red,20-20,,,,,,0,0,0,0,0,0
39,0,0,29.54,53.63,58.72,Paddy,Clayey,10-26-26,,,,,,0,0,1,0,1,0
35,0,3,29.25,48.93,39.46,Paddy,Clayey,20-20,,,,,,0,0,0,0,1,0
11,10,9,26.75,59.07,20.0,Barley,Clayey,20-20,,,,,,0,0,0,0,0,0
13,2,40,22.76,48.63,20.61,Sugarcane,Clayey,10-26-26,,,,,,0,0,0,0,0,0
14,8,19,24.26,46.73,63.59,Millets,Clayey,28-28,,,,,,0,0,0,0,0,0
34,0,0,35.85,66.05,54.54,Paddy,Loamy,10-26-26,,,,,,0,0,1,0,1,0
22,0,16,24.06,50.18,49.03,Millets,Sandy,20-20,,,,,,0,0,0,0,1,0
19,0,27,35.64,52.08,40.4,Wheat,Black,14-35-14,,,,,,0,0,0,0,1,0
27,1,23,30.3,48.94,35.02,Ground Nuts,Black,28-28,,,,,,0,0,0,0,0,0
11,0,44,31.5,63.37,26.54,Wheat,Clayey,DAP,,,,,,0,0,0,0,1,0
5,11,28,31.37,66.0,54.39,Millets,Black,28-28,,,,,,0,0,0,0,0,0
38,0,0,24.09,56.99,25.25,Sugarcane,Red,Urea,,,,,,0,0,1,0,1,0
8,14,23,29.46,54.26,34.31,Paddy,Clayey,17-17-17,,,,,,0,0,0,0,0,0
21,1,15,32.22,54.1,33.62,Ground Nuts,Red,14-35-14,,,,,,0,0,0,0,0,0
9,0,38,25.75,50.81,43.31,Barley,Clayey,28-28,,,,,,0,0,0,0,1,0
11,0,15,31.58,72.67,27.01,Maize,Clayey,DAP,,,,,,0,0,0,0,1,0
26,0,27,35.52,53.01,36.3,Sugarcane,Clayey,20-20,,,,,,0,0,0,0,1,0
10,14,31,24.01,50.76,23.95,Sugarcane,Clayey,20-20,,,,,,0,0,0,0,0,0
6,11,35,27.56,69.63,55.59,Barley,Black,20-20,,,,,,0,0,0,0,0,0
5,4,33,34.8,59.38,24.81,Paddy,Red,20-20,,,,,,0,0,0,0,0,0
21,0,22,27.27,70.2,48.0,Sugarcane,Black,Urea,,,,,,0,0,0,0,1,0
41,4,0,32.67,72.64,62.88,Millets,Clayey,17-17-17,,,,,,0,0,1,0,0,0
7,22,21,35.06,71.81,44.59,Paddy,Red,20-20,,,,,,0,0,0,0,0,0
37,0,3,27.2,53.22,65.54,Millets,Black,14-35-14,,,,,,0,0,0,0,1,0
6,12,33,34.53,50.56,59.52,Millets,Red,14-35-14,,,,,,0,0,0,0,0,0
9,0,36,33.72,54.76,55.49,Millets,Loamy,DAP,,,,,,0,0,0,0,1,0
11,4,36,39.52,68.5,46.86,Maize,Red,DAP,,,,,,0,0,0,0,0,0
25,0,18,29.04,69.4,35.7,Paddy,Loamy,14-35-14,,,,,,0,0,0,0,1,0
12,0,40,29.36,57.52,28.75,Barley,Clayey,DAP,,,,,,0,0,0,0,1,0
9,15,10,31.55,55.2,56.98,Millets,Clayey,17-17-17,,,,,,0,0,0,0,0,0
11,0,6,30.73,58.57,39.43,Paddy,Red,20-20,,,,,,0,0,0,0,1,0
24,0,17,21.81,44.3,53.45,Maize,Loamy,14-35-14,,,,,,0,0,0,0,1,0
14,4,44,28.73,53.76,21.09,Paddy,Red,20-20,,,,,,0,0,0,0,0,0
19,0,17,26.71,61.14,45.55,Ground Nuts,Sandy,Urea,,,,,,0,0,0,0,1,0
8,3,39,30.96,71.75,32.0,Ground Nuts,Black,Urea,,,,,,0,0,0,0,0,0
9,18,11,27.86,65.21,33.52,Wheat,Sandy,10-26-26,,,,,,0,0,0,0,0,0
40,3,1,23.48,62.95,44.68,Wheat,Red,Urea,,,,,,0,0,0,0,0,0
9,9,25,25.76,59.69,42.9,Paddy,Clayey,Urea,,,,,,0,0,0,0,0,0
43,0,4,34.01,66.76,38.99,Wheat,Sandy,14-35-14,,,,,,0,0,0,0,1,0
41,2,1,28.1,63.12,59.22,Wheat,Clayey,20-20,,,,,,0,0,0,0,0,0
17,4,19,36.54,59.79,31.06,Maize,Sandy,DAP,,,,,,0,0,0,0,0,0
8,3,9,26.54,60.09,68.52,Wheat,Clayey,14-35-14,,,,,,0,0,0,0,0,0
0,12,30,34.58,71.62,47.49,Barley,Black,DAP,,,,,,1,0,0,0,0,0
14,0,34,31.48,62.41,24.55,Sugarcane,Sandy,17-17-17,,,,,,0,0,0,0,1,0
10,22,18,34.25,73.85,41.28,Barley,Black,17-17-17,,,,,,0,0,0,0,0,0
7,3,37,32.12,77.32,23.3,Millets,Black,17-17-17,,,,,,0,0,0,0,0,0
1,6,29,34.41,61.06,44.38,Barley,Clayey,28-28,,,,,,0,0,0,0,0,0
8,6,27,34.19,62.08,20.0,Paddy,Black,10-26-26,,,,,,0,0,0,0,0,0
6,0,12,38.22,57.94,50.07,Paddy,Sandy,17-17-17,,,,,,0,0,0,0,1,0
12,0,42,27.87,55.62,31.24,Ground Nuts,Loamy,20-20,,,,,,0,0,0,0,1,0
16,0,30,28.02,48.4,57.89,Maize,Sandy,10-26-26,,,,,,0,0,0,0,1,0
17,0,32,24.06,59.62,70.0,Sugarcane,Red,10-26-26,,,,,,0,0,0,0,1,0
8,3,33,23.7,61.92,38.39,Maize,Clayey,Urea,,,,,,0,0,0,0,0,0
5,15,12,26.86,65.22,55.92,Millets,Red,20-20,,,,,,0,0,0,0,0,0
42,3,0,24.1,54.53,37.08,Paddy,Black,Urea,,,,,,0,0,1,0,0,0
10,0,38,30.76,52.1,45.25,Ground Nuts,Clayey,10-26-26,,,,,,0,0,0,0,1,0
14,0,38,33.33,67.32,54.05,Maize,Red,Urea,,,,,,0,0,0,0,1,0
9,0,31,32.57,60.04,49.72,Ground Nuts,Black,10-26-26,,,,,,0,0,0,0,1,0
15,21,16,33.14,49.74,33.96,Ground Nuts,Red,17-17-17,,,,,,0,0,0,0,0,0
39,4,4,24.61,49.42,45.94,Millets,Black,20-20,,,,,,0,0,0,0,0,0
44,1,0,31.16,52.39,22.68,Maize,Loamy,28-28,,,,,,0,0,1,0,0,0
27,0,21,29.91,67.67,41.74,Wheat,Sandy,DAP,,,,,,0,0,0,0,1,0
44,0,2,28.48,69.72,42.47,Millets,Clayey,20-20,,,,,,0,0,0,0,1,0
4,7,28,26.37,52.84,20.0,Wheat,Clayey,20-20,,,,,,0,0,0,0,0,0
27,1,15,27.28,49.29,53.75,Ground Nuts,Loamy,17-17-17,,,,,,0,0,0,0,0,0
9,13,29,28.54,52.41,56.61,Maize,Sandy,17-17-17,,,,,,0,0,0,0,0,0
12,0,12,22.21,52.71,52.42,Sugarcane,Clayey,28-28,,,,,,0,0,0,0,1,0
15,0,39,39.45,61.53,28.76,Sugarcane,Loamy,14-35-14,,,,,,0,0,0,0,1,0
6,18,21,28.44,52.58,36.69,Barley,Black,Urea,,,,,,0,0,0,0,0,0
18,0,21,24.39,61.39,39.84,Barley,Sandy,14-35-14,,,,,,0,0,0,0,1,0
35,0,0,27.7,55.99,39.51,Wheat,Clayey,Urea,,,,,,0,0,1,0,1,0
18,0,18,32.07,67.78,33.63,Wheat,Clayey,28-28,,,,,,0,0,0,0,1,0
10,8,26,31.04,52.32,62.57,Sugarcane,Loamy,17-17-17,,,,,,0,0,0,0,0,0
7,0,18,24.82,49.2,36.28,Paddy,Clayey,17-17-17,,,,,,0,0,0,0,1,0
24,3,27,22.49,53.29,40.75,Ground Nuts,Loamy,17-17-17,,,,,,0,0,0,0,0,0
7,9,16,30.17,51.2,34.47,Ground Nuts,Black,28-28,,,,,,0,0,0,0,0,0
10,0,44,29.86,52.39,28.29,Sugarcane,Loamy,Urea,,,,,,0,0,0,0,1,0
0,21,19,26.36,64.53,20.0,Sugarcane,Black,17-17-17,,,,,,1,0,0,0,0,0
7,2,39,35.93,62.74,49.08,Ground Nuts,Sandy,10-26-26,,,,,,0,0,0,0,0,0
26,0,25,32.95,64.98,33.74,Maize,Clayey,14-35-14,,,,,,0,0,0,0,1,0
8,0,39,25.86,69.87,40.56,Barley,Clayey,10-26-26,,,,,,0,0,0,0,1,0
10,10,32,27.17,60.75,56.14,Ground Nuts,Red,Urea,,,,,,0,0,0,0,0,0
31,4,0,24.86,49.39,31.93,Paddy,Red,17-17-17,,,,,,0,0,1,0,0,0
18,2,33,26.12,62.49,63.64,Barley,Sandy,DAP,,,,,,0,0,0,0,0,0
14,0,40,29.99,62.67,29.97,Millets,Sandy,Urea,,,,,,0,0,0,0,1,0
23,0,19,26.67,56.31,37.51,Maize,Red,20-20,,,,,,0,0,0,0,1,0
9,0,32,33.3,67.48,42.24,Barley,Loamy,17-17-17,,,,,,0,0,0,0,1,0
11,0,42,35.44,66.64,32.53,Paddy,Sandy,17-17-17,,,,,,0,0,0,0,1,0
13,0,14,29.01,61.71,48.57,Paddy,Sandy,Urea,,,,,,0,0,0,0,1,0
34,0,0,38.94,75.61,49.89,Maize,Clayey,DAP,,,,,,0,0,1,0,1,0
9,0,7,30.55,51.34,42.6,Sugarcane,Black,17-17-17,,,,,,0,0,0,0,1,0
18,1,15,28.16,58.55,25.26,Barley,Clayey,20-20,,,,,,0,0,0,0,0,0
12,4,5,29.35,62.25,39.85,Ground Nuts,Loamy,Urea,,,,,,0,0,0,0,0,0
11,1,9,27.66,47.56,41.75,Ground Nuts,Black,10-26-26,,,,,,0,0,0,0,0,0
21,0,18,35.72,68.72,25.91,Wheat,Red,20-20,,,,,,0,0,0,0,1,0
36,0,3,28.79,48.06,37.93,Wheat,Loamy,28-28,,,,,,0,0,0,0,1,0
43,3,1,34.17,58.77,44.38,Sugarcane,Sandy,28-28,,,,,,0,0,0,0,0,0
23,4,15,26.8,44.21,38.52,Ground Nuts,Sandy,14-35-14,,,,,,0,0,0,0,0,0
33,0,1,28.95,59.12,26.9,Wheat,Black,10-26-26,,,,,,0,0,0,0,1,0
38,1,0,32.83,68.78,37.84,Wheat,Sandy,10-26-26,,,,,,0,0,1,0,0,0
39,1,4,32.02,63.85,28.71,Maize,Red,17-17-17,,,,,,0,0,0,0,0,0
35,0,3,31.17,55.69,40.48,Wheat,Loamy,17-17-17,,,,,,0,0,0,0,1,0
10,16,18,28.93,70.5,64.49,Maize,Black,10-26-26,,,,,,0,0,0,0,0,0
38,0,0,25.69,62.47,65.56,Paddy,Black,17-17-17,,,,,,0,0,1,0,1,0
7,4,9,28.09,62.05,41.9,Wheat,Red,14-35-14,,,,,,0,0,0,0,0,0
14,4,18,32.56,65.99,36.24,Ground Nuts,Loamy,20-20,,,,,,0,0,0,0,0,0
19,1,25,29.94,55.21,52.74,Barley,Red,DAP,,,,,,0,0,0,0,0,0
15,14,10,21.71,49.72,30.07,Paddy,Black,Urea,,,,,,0,0,0,0,0,0
38,0,3,31.74,68.91,47.96,Millets,Clayey,28-28,,,,,,0,0,0,0,1,0
14,0,34,38.84,61.78,60.96,Maize,Loamy,Urea,,,,,,0,0,0,0,1,0
9,2,36,32.22,67.1,64.91,Ground Nuts,Red,28-28,,,,,,0,0,0,0,0,0
12,2,43,37.33,62.07,24.59,Wheat,Sandy,10-26-26,,,,,,0,0,0,0,0,0
2,23,17,30.6,55.38,35.35,Paddy,Loamy,DAP,,,,,,0,0,0,0,0,0
9,3,42,39.13,73.24,41.33,Maize,Loamy,28-28,,,,,,0,0,0,0,0,0
20,0,17,25.75,61.91,33.57,Wheat,Clayey,Urea,,,,,,0,0,0,0,1,0
25,0,18,29.99,60.85,46.92,Barley,Loamy,20-20,,,,,,0,0,0,0,1,0
10,0,38,40.0,68.84,70.0,Millets,Red,10-26-26,,,,,,0,0,0,0,1,0
8,8,25,40.0,64.69,54.83,Sugarcane,Loamy,DAP,,,,,,0,0,0,0,0,0
38,0,0,32.79,45.26,26.63,Wheat,Loamy,10-26-26,,,,,,0,0,1,0,1,0
12,12,7,31.04,71.72,53.87,Paddy,Clayey,14-35-14,,,,,,0,0,0,0,0,0
25,0,15,25.99,51.27,38.05,Maize,Loamy,DAP,,,,,,0,0,0,0,1,0
36,0,3,22.52,59.32,31.39,Sugarcane,Black,17-17-17,,,,,,0,0,0,0,1,0
10,0,6,26.12,56.29,67.0,Maize,Loamy,14-35-14,,,,,,0,0,0,0,1,0
13,0,36,38.53,69.75,61.48,Paddy,Clayey,10-26-26,,,,,,0,0,0,0,1,0
38,0,0,28.93,60.61,46.4,Sugarcane,Sandy,17-17-17,,,,,,0,0,1,0,1,0
17,4,11,29.51,57.86,47.6,Barley,Black,20-20,,,,,,0,0,0,0,0,0
5,3,10,30.99,47.42,57.98,Sugarcane,Clayey,28-28,,,,,,0,0,0,0,0,0
7,0,36,32.26,54.9,62.24,Maize,Sandy,Urea,,,,,,0,0,0,0,1,0
3,17,17,31.83,67.7,37.31,Barley,Red,14-35-14,,,,,,0,0,0,0,0,0
20,1,25,26.53,58.97,45.49,Sugarcane,Black,10-26-26,,,,,,0,0,0,0,0,0
32,3,1,28.16,49.51,36.1,Ground Nuts,Sandy,10-26-26,,,,,,0,0,0,0,0,0
12,0,37,38.8,63.61,68.24,Sugarcane,Black,Urea,,,,,,0,0,0,0,1,0
18,2,44,35.0,65.39,37.65,Sugarcane,Loamy,DAP,,,,,,0,0,0,0,0,0
12,2,11,22.27,59.9,51.79,Ground Nuts,Clayey,20-20,,,,,,0,0,0,0,0,0
18,11,10,33.13,70.61,42.85,Wheat,Loamy,DAP,,,,,,0,0,0,0,0,0
35,0,4,28.6,56.17,57.59,Ground Nuts,Clayey,Urea,,,,,,0,0,0,0,1,0
5,0,18,24.68,43.45,57.28,Paddy,Loamy,20-20,,,,,,0,0,0,0,1,0
31,0,0,33.69,71.85,50.83,Millets,Sandy,28-28,,,,,,0,0,1,0,1,0
17,2,37,33.65,65.32,70.0,Millets,Clayey,14-35-14,,,,,,0,0,0,0,0,0
14,0,13,30.33,44.11,26.82,Ground Nuts,Black,DAP,,,,,,0,0,0,0,1,0
21,4,26,29.74,63.49,44.31,Wheat,Sandy,28-28,,,,,,0,0,0,0,0,0
8,0,9,24.96,44.47,66.11,Sugarcane,Sandy,17-17-17,,,,,,0,0,0,0,1,0
16,0,37,33.57,60.78,51.96,Paddy,Red,10-26-26,,,,,,0,0,0,0,1,0
36,0,0,25.79,60.67,43.34,Paddy,Clayey,DAP,,,,,,0,0,1,0,1,0
35,4,1,30.35,60.18,63.97,Millets,Sandy,DAP,,,,,,0,0,0,0,0,0
6,3,38,31.38,51.49,61.27,Paddy,Red,14-35-14,,,,,,0,0,0,0,0,0
12,3,41,29.28,71.07,35.67,Sugarcane,Black,Urea,,,,,,0,0,0,0,0,0
5,10,26,31.0,57.54,48.96,Barley,Red,DAP,,,,,,0,0,0,0,0,0
14,18,8,33.3,68.18,47.51,Ground Nuts,Clayey,14-35-14,,,,,,0,0,0,0,0,0
10,0,9,33.98,62.99,50.43,Barley,Sandy,20-20,,,,,,0,0,0,0,1,0
14,0,10,28.82,62.48,20.0,Millets,Black,14-35-14,,,,,,0,0,0,0,1,0
9,0,37,29.99,66.83,47.07,Paddy,Loamy,Urea,,,,,,0,0,0,0,1,0
38,4,0,40.0,67.75,56.43,Barley,Loamy,14-35-14,,,,,,0,0,1,0,0,0
38,0,0,32.67,56.77,40.22,Maize,Clayey,17-17-17,,,,,,0,0,1,0,1,0
19,14,6,24.84,53.53,34.79,Millets,Sandy,17-17-17,,,,,,0,0,0,0,0,0
20,1,19,25.81,58.56,40.21,Wheat,Black,Urea,,,,,,0,0,0,0,0,0
12,0,40,34.23,69.79,65.57,Paddy,Clayey,17-17-17,,,,,,0,0,0,0,1,0
40,0,1,28.67,57.67,21.0,Millets,Clayey,20-20,,,,,,0,0,0,0,1,0
4,12,30,33.11,67.57,32.21,Wheat,Loamy,DAP,,,,,,0,0,0,0,0,0
5,14,31,29.73,59.06,69.92,Millets,Sandy,DAP,,,,,,0,0,0,0,0,0
8,10,15,21.23,46.1,36.59,Ground Nuts,Black,14-35-14,,,,,,0,0,0,0,0,0
10,0,39,28.01,50.89,20.0,Millets,Loamy,20-20,,,,,,0,0,0,0,1,0
27,0,19,25.64,55.98,37.32,Maize,Red,14-35-14,,,,,,0,0,0,0,1,0
4,14,15,21.73,48.03,43.37,Maize,Sandy,20-20,,,,,,0,0,0,0,0,0
26,0,16,28.89,46.84,27.93,Wheat,Loamy,14-35-14,,,,,,0,0,0,0,1,0
18,4,43,33.59,51.12,39.54,Wheat,Black,17-17-17,,,,,,0,0,0,0,0,0
10,10,11,26.21,66.15,51.0,Wheat,Red,20-20,,,,,,0,0,0,0,0,0
21,4,20,26.38,63.29,52.18,Ground Nuts,Clayey,14-35-14,,,,,,0,0,0,0,0,0
40,3,0,25.54,62.93,36.09,Paddy,Loamy,14-35-14,,,,,,0,0,1,0,0,0
20,1,25,23.59,52.26,42.23,Sugarcane,Sandy,20-20,,,,,,0,0,0,0,0,0
12,0,13,33.97,49.49,35.62,Maize,Clayey,14-35-14,,,,,,0,0,0,0,1,0
18,1,11,28.82,61.5,42.75,Ground Nuts,Clayey,DAP,,,,,,0,0,0,0,0,0
10,9,24,30.93,67.78,70.0,Ground Nuts,Black,Urea,,,,,,0,0,0,0,0,0
35,4,0,28.52,52.04,64.54,Paddy,Black,Urea,,,,,,0,0,1,0,0,0
10,6,27,26.51,50.62,55.85,Maize,Sandy,DAP,,,,,,0,0,0,0,0,0
12,3,42,32.89,53.28,63.35,Millets,Black,Urea,,,,,,0,0,0,0,0,0
18,0,23,31.36,66.66,46.26,Ground Nuts,Clayey,17-17-17,,,,,,0,0,0,0,1,0
13,0,35,25.37,51.4,67.69,Ground Nuts,Red,20-20,,,,,,0,0,0,0,1,0
20,0,26,29.14,67.8,49.49,Paddy,Red,10-26-26,,,,,,0,0,0,0,1,0
16,0,34,29.89,71.8,41.42,Paddy,Loamy,DAP,,,,,,0,0,0,0,1,0
3,7,27,31.52,67.58,32.04,Ground Nuts,Sandy,DAP,,,,,,0,0,0,0,0,0
39,0,0,26.01,41.55,61.19,Ground Nuts,Black,Urea,,,,,,0,0,1,0,1,0
15,0,36,30.43,55.84,34.76,Paddy,Sandy,20-20,,,,,,0,0,0,0,1,0
22,1,18,32.51,62.88,48.48,Sugarcane,Loamy,Urea,,,,,,0,0,0,0,0,0
14,0,13,21.59,54.14,68.42,Barley,Loamy,DAP,,,,,,0,0,0,0,1,0
40,3,4,27.98,51.57,32.44,Sugarcane,Sandy,10-26-26,,,,,,0,0,0,0,0,0
19,2,18,33.96,52.94,35.23,Wheat,Sandy,Urea,,,,,,0,0,0,0,0,0
24,0,13,27.85,52.65,33.33,Wheat,Clayey,20-20,,,,,,0,0,0,0,1,0
16,0,41,26.51,63.74,20.0,Wheat,Clayey,28-28,,,,,,0,0,0,0,1,0
17,0,36,29.01,58.45,25.72,Barley,Red,Urea,,,,,,0,0,0,0,1,0
10,11,32,31.19,57.06,56.73,Wheat,Red,14-35-14,,,,,,0,0,0,0,0,0
13,8,10,24.32,46.37,64.36,Ground Nuts,Sandy,DAP,,,,,,0,0,0,0,0,0
11,4,17,27.82,58.73,41.49,Ground Nuts,Loamy,20-20,,,,,,0,0,0,0,0,0
4,7,27,33.05,59.1,34.65,Wheat,Loamy,28-28,,,,,,0,0,0,0,0,0
41,2,0,30.4,60.08,37.04,Ground Nuts,Loamy,10-26-26,,,,,,0,0,1,0,0,0
15,0,35,33.99,56.59,20.08,Maize,Sandy,14-35-14,,,,,,0,0,0,0,1,0
20,0,20,31.57,49.29,48.02,Millets,Sandy,17-17-17,,,,,,0,0,0,0,1,0
9,6,32,37.51,57.76,60.62,Paddy,Black,10-26-26,,,,,,0,0,0,0,0,0
21,0,21,30.49,61.62,43.88,Wheat,Clayey,DAP,,,,,,0,0,0,0,1,0
7,0,17,25.11,67.21,30.73,Ground Nuts,Clayey,10-26-26,,,,,,0,0,0,0,1,0
6,0,32,32.74,60.15,33.03,Wheat,Black,Urea,,,,,,0,0,0,0,1,0
9,10,19,27.57,60.24,46.64,Ground Nuts,Black,17-17-17,,,,,,0,0,0,0,0,0
31,0,0,29.09,44.8,44.98,Millets,Black,17-17-17,,,,,,0,0,1,0,1,0
9,17,17,27.56,50.27,33.38,Maize,Black,20-20,,,,,,0,0,0,0,0,0
5,23,25,29.91,71.44,52.85,Millets,Loamy,Urea,,,,,,0,0,0,0,0,0
37,2,0,30.04,59.31,23.46,Wheat,Black,Urea,,,,,,0,0,1,0,0,0
14,0,41,38.72,62.6,32.93,Maize,Clayey,10-26-26,,,,,,0,0,0,0,1,0
46,3,0,30.45,47.88,24.31,Millets,Red,20-20,,,,,,0,0,1,0,0,0
4,7,30,28.37,51.61,45.94,Paddy,Red,20-20,,,,,,0,0,0,0,0,0
11,0,8,25.09,43.46,52.01,Sugarcane,Black,14-35-14,,,,,,0,0,0,0,1,0
18,2,34,33.17,57.64,31.57,Wheat,Red,Urea,,,,,,0,0,0,0,0,0
34,0,1,26.6,55.39,57.23,Paddy,Red,17-17-17,,,,,,0,0,0,0,1,0
6,18,18,24.5,53.2,40.47,Sugarcane,Sandy,DAP,,,,,,0,0,0,0,0,0
42,0,0,29.08,60.86,42.96,Wheat,Loamy,28-28,,,,,,0,0,1,0,1,0
11,0,12,25.24,50.51,43.13,Barley,Clayey,14-35-14,,,,,,0,0,0,0,1,0
4,6,28,23.91,49.16,24.07,Sugarcane,Black,17-17-17,,,,,,0,0,0,0,0,0
14,0,41,34.59,63.22,42.17,Maize,Clayey,28-28,,,,,,0,0,0,0,1,0
23,2,18,32.62,66.69,34.48,Ground Nuts,Loamy,DAP,,,,,,0,0,0,0,0,0
11,2,8,36.46,69.63,49.78,Millets,Sandy,14-35-14,,,,,,0,0,0,0,0,0
40,0,1,28.63,48.69,39.09,Sugarcane,Red,20-20,,,,,,0,0,0,0,1,0
7,10,25,28.57,50.92,24.51,Ground Nuts,Clayey,20-20,,,,,,0,0,0,0,0,0
33,1,0,32.02,56.24,36.81,Maize,Red,DAP,,,,,,0,0,1,0,0,0
11,0,36,39.6,57.34,40.13,Paddy,Sandy,DAP,,,,,,0,0,0,0,1,0
14,14,19,27.83,67.66,56.62,Barley,Sandy,10-26-26,,,,,,0,0,0,0,0,0
6,21,14,26.97,44.41,51.42,Millets,Loamy,DAP,,,,,,0,0,0,0,0,0
14,0,35,34.47,63.73,36.79,Sugarcane,Red,20-20,,,,,,0,0,0,0,1,0
8,17,16,39.41,72.15,42.56,Millets,Black,20-20,,,,,,0,0,0,0,0,0
39,0,4,33.33,65.37,31.42,Sugarcane,Black,10-26-26,,,,,,0,0,0,0,1,0
23,0,22,37.4,66.12,61.2,Millets,Loamy,17-17-17,,,,,,0,0,0,0,1,0
9,13,17,31.46,62.0,46.01,Barley,Black,Urea,,,,,,0,0,0,0,0,0
44,0,4,33.94,65.0,36.07,Sugarcane,Red,10-26-26,,,,,,0,0,0,0,1,0
16,0,34,31.36,59.58,69.23,Maize,Sandy,20-20,,,,,,0,0,0,0,1,0
25,4,23,26.24,43.51,41.0,Sugarcane,Red,20-20,,,,,,0,0,0,0,0,0
8,13,14,37.57,60.17,47.52,Paddy,Clayey,14-35-14,,,,,,0,0,0,0,0,0
15,0,37,33.93,52.27,42.0,Wheat,Clayey,28-28,,,,,,0,0,0,0,1,0
38,0,2,40.0,71.21,45.73,Sugarcane,Clayey,DAP,,,,,,0,0,0,0,1,0
14,0,34,33.55,59.39,30.38,Maize,Clayey,17-17-17,,,,,,0,0,0,0,1,0
25,1,19,31.97,58.12,24.71,Barley,Sandy,Urea,,,,,,0,0,0,0,0,0
17,3,44,22.38,50.14,29.26,Ground Nuts,Red,Urea,,,,,,0,0,0,0,0,0
11,4,9,29.83,52.91,34.01,Wheat,Sandy,20-20,,,,,,0,0,0,0,0,0
18,0,42,34.6,57.76,33.56,Wheat,Sandy,Urea,,,,,,0,0,0,0,1,0
36,0,0,24.63,50.31,63.27,Sugarcane,Sandy,17-17-17,,,,,,0,0,1,0,1,0
5,6,23,34.16,69.55,53.12,Sugarcane,Clayey,28-28,,,,,,0,0,0,0,0,0
39,0,3,28.72,55.54,27.69,Sugarcane,Sandy,28-28,,,,,,0,0,0,0,1,0
38,0,0,31.48,49.9,41.72,Wheat,Sandy,17-17-17,,,,,,0,0,1,0,1,0
12,1,15,32.2,53.44,28.81,Maize,Sandy,28-28,,,,,,0,0,0,0,0,0
9,0,36,32.88,64.12,33.49,Ground Nuts,Red,Urea,,,,,,0,0,0,0,1,0
18,4,40,34.58,65.76,56.38,Millets,Sandy,17-17-17,,,,,,0,0,0,0,0,0
34,0,4,29.02,43.2,31.33,Barley,Sandy,Urea,,,,,,0,0,0,0,1,0
8,20,12,26.47,64.77,23.03,Millets,Red,Urea,,,,,,0,0,0,0,0,0
5,6,29,30.32,69.9,51.72,Sugarcane,Black,10-26-26,,,,,,0,0,0,0,0,0
28,0,22,27.03,63.04,37.86,Maize,Sandy,17-17-17,,,,,,0,0,0,0,1,0
25,0,14,27.0,44.44,50.65,Wheat,Sandy,28-28,,,,,,0,0,0,0,1,0
16,18,15,33.12,67.93,44.16,Paddy,Sandy,10-26-26,,,,,,0,0,0,0,0,0
14,1,39,28.82,49.32,54.64,Paddy,Black,10-26-26,,,,,,0,0,0,0,0,0
36,0,0,26.84,60.73,44.94,Wheat,Clayey,17-17-17,,,,,,0,0,1,0,1,0
9,0,5,23.56,60.5,36.73,Millets,Loamy,20-20,,,,,,0,0,0,0,1,0
11,14,16,30.38,63.85,24.8,Sugarcane,Red,10-26-26,,,,,,0,0,0,0,0,0
4,18,16,28.1,59.34,39.97,Sugarcane,Loamy,17-17-17,,,,,,0,0,0,0,0,0
7,6,27,27.21,55.78,28.17,Ground Nuts,Red,Urea,,,,,,0,0,0,0,0,0
38,0,0,27.7,55.91,25.34,Millets,Loamy,10-26-26,,,,,,0,0,1,0,1,0
9,0,37,36.99,77.28,25.49,Wheat,Black,10-26-26,,,,,,0,0,0,0,1,0
6,2,14,32.44,66.7,44.68,Sugarcane,Black,14-35-14,,,,,,0,0,0,0,0,0
6,10,27,31.54,64.72,32.88,Paddy,Loamy,28-28,,,,,,0,0,0,0,0,0
40,4,1,31.63,63.91,42.19,Wheat,Red,10-26-26,,,,,,0,0,0,0,0,0
8,6,27,32.04,75.94,20.1,Wheat,Black,10-26-26,,,,,,0,0,0,0,0,0
34,4,0,28.35,58.1,36.8,Ground Nuts,Loamy,28-28,,,,,,0,0,1,0,0,0
14,0,9,30.62,58.67,46.57,Wheat,Sandy,20-20,,,,,,0,0,0,0,1,0
32,0,2,29.92,50.28,36.3,Ground Nuts,Clayey,Urea,,,,,,0,0,0,0,1,0
7,3,9,26.25,53.05,28.22,Sugarcane,Sandy,Urea,,,,,,0,0,0,0,0,0
12,0,11,27.4,59.79,36.45,Paddy,Loamy,10-26-26,,,,,,0,0,0,0,1,0
3,7,32,39.29,62.84,52.03,Millets,Red,17-17-17,,,,,,0,0,0,0,0,0
12,0,40,28.88,60.38,31.01,Wheat,Red,14-35-14,,,,,,0,0,0,0,1,0
15,0,45,37.68,54.79,33.81,Sugarcane,Sandy,Urea,,,,,,0,0,0,0,1,0
16,0,14,32.18,53.93,42.41,Wheat,Clayey,14-35-14,,,,,,0,0,0,0,1,0
8,11,28,29.63,72.87,59.15,Paddy,Clayey,Urea,,,,,,0,0,0,0,0,0
9,3,38,24.32,45.16,50.1,Paddy,Sandy,DAP,,,,,,0,0,0,0,0,0
4,20,24,27.86,59.09,26.75,Paddy,Black,10-26-26,,,,,,0,0,0,0,0,0
7,0,36,37.88,62.19,32.88,Paddy,Loamy,DAP,,,,,,0,0,0,0,1,0
24,0,14,25.43,56.68,51.55,Wheat,Red,14-35-14,,,,,,0,0,0,0,1,0
35,0,0,22.93,53.13,31.62,Wheat,Red,Urea,,,,,,0,0,1,0,1,0
13,7,26,27.23,57.59,62.86,Paddy,Loamy,Urea,,,,,,0,0,0,0,0,0
8,1,11,34.29,77.99,23.79,Paddy,Loamy,10-26-26,,,,,,0,0,0,0,0,0
30,1,2,28.79,50.73,37.84,Ground Nuts,Black,10-26-26,,,,,,0,0,0,0,0,0
20,3,22,25.3,56.4,43.77,Ground Nuts,Black,DAP,,,,,,0,0,0,0,0,0
12,10,33,29.81,61.85,63.84,Maize,Clayey,10-26-26,,,,,,0,0,0,0,0,0
35,0,0,21.58,47.1,30.17,Paddy,Sandy,Urea,,,,,,0,0,1,0,1,0
11,3,12,26.72,58.52,62.69,Paddy,Clayey,Urea,,,,,,0,0,0,0,0,0
8,19,17,22.04,58.49,29.03,Ground Nuts,Loamy,14-35-14,,,,,,0,0,0,0,0,0
41,0,2,22.5,51.88,36.58,Millets,Loamy,10-26-26,,,,,,0,0,0,0,1,0
11,9,15,38.05,71.56,50.94,Ground Nuts,Clayey,10-26-26,,,,,,0,0,0,0,0,0
18,0,22,33.34,55.54,24.95,Millets,Loamy,10-26-26,,,,,,0,0,0,0,1,0
22,0,20,28.36,53.52,39.93,Barley,Sandy,28-28,,,,,,0,0,0,0,1,0
20,2,22,30.1,74.95,61.83,Sugarcane,Sandy,Urea,,,,,,0,0,0,0,0,0
5,8,27,28.07,60.67,37.38,Wheat,Clayey,20-20,,,,,,0,0,0,0,0,0
20,1,23,30.96,49.06,48.58,Maize,Red,10-26-26,,,,,,0,0,0,0,0,0
11,9,32,34.57,67.12,53.8,Barley,Loamy,Urea,,,,,,0,0,0,0,0,0
22,0,25,24.58,66.09,47.42,Millets,Clayey,Urea,,,,,,0,0,0,0,1,0
27,4,22,25.28,48.9,53.75,Millets,Loamy,10-26-26,,,,,,0,0,0,0,0,0
41,0,0,32.71,63.72,42.47,Barley,Red,DAP,,,,,,0,0,1,0,1,0
44,0,4,31.56,58.38,47.62,Maize,Red,10-26-26,,,,,,0,0,0,0,1,0
36,2,0,29.88,57.23,30.93,Maize,Red,DAP,,,,,,0,0,1,0,0,0
24,0,25,27.26,59.75,46.54,Sugarcane,Black,28-28,,,,,,0,0,0,0,1,0
20,0,20,31.1,59.38,64.58,Millets,Black,20-20,,,,,,0,0,0,0,1,0
19,13,15,27.62,42.65,34.2,Ground Nuts,Red,DAP,,,,,,0,0,0,0,0,0
17,0,40,23.39,51.7,38.58,Sugarcane,Sandy,Urea,,,,,,0,0,0,0,1,0
8,0,41,30.76,65.37,56.76,Wheat,Black,14-35-14,,,,,,0,0,0,0,1,0
7,0,14,29.22,56.15,58.3,Paddy,Clayey,17-17-17,,,,,,0,0,0,0,1,0
12,0,14,29.0,51.21,32.58,Barley,Sandy,Urea,,,,,,0,0,0,0,1,0
12,4,12,29.99,59.24,41.71,Paddy,Loamy,Urea,,,,,,0,0,0,0,0,0
3,19,13,30.55,55.03,34.97,Sugarcane,Sandy,17-17-17,,,,,,0,0,0,0,0,0
25,0,26,28.25,51.77,37.97,Sugarcane,Loamy,10-26-26,,,,,,0,0,0,0,1,0
24,3,15,37.21,59.96,69.61,Paddy,Loamy,10-26-26,,,,,,0,0,0,0,0,0
10,0,39,26.37,67.22,61.02,Wheat,Black,20-20,,,,,,0,0,0,0,1,0
8,12,20,33.72,60.97,44.56,Wheat,Sandy,20-20,,,,,,0,0,0,0,0,0
12,5,27,24.53,55.6,43.85,Barley,Black,10-26-26,,,,,,0,0,0,0,0,0
33,4,0,20.28,44.28,64.04,Maize,Black,17-17-17,,,,,,0,0,1,0,0,0
12,12,24,27.77,55.5,48.92,Wheat,Red,20-20,,,,,,0,0,0,0,0,0
9,15,22,30.42,47.39,30.58,Sugarcane,Clayey,28-28,,,,,,0,0,0,0,0,0
8,8,34,32.93,56.43,53.21,Ground Nuts,Black,28-28,,,,,,0,0,0,0,0,0
18,1,36,29.0,67.64,61.06,Sugarcane,Black,28-28,,,,,,0,0,0,0,0,0
11,8,31,40.0,78.73,39.93,Sugarcane,Red,17-17-17,,,,,,0,0,0,0,0,0
38,0,3,26.64,60.11,29.46,Maize,Loamy,14-35-14,,,,,,0,0,0,0,1,0
35,0,0,25.4,49.86,56.53,Maize,Black,20-20,,,,,,0,0,1,0,1,0
10,0,35,32.45,71.13,36.11,Barley,Sandy,28-28,,,,,,0,0,0,0,1,0
35,0,3,26.97,51.74,34.74,Maize,Red,Urea,,,,,,0,0,0,0,1,0
9,18,16,30.48,61.59,24.88,Barley,Loamy,Urea,,,,,,0,0,0,0,0,0
5,6,24,28.25,54.87,56.78,Ground Nuts,Red,20-20,,,,,,0,0,0,0,0,0
7,3,32,32.23,74.54,32.4,Wheat,Sandy,Urea,,,,,,0,0,0,0,0,0
10,0,11,33.95,50.1,43.41,Maize,Clayey,20-20,,,,,,0,0,0,0,1,0
14,11,33,27.46,56.08,46.59,Wheat,Red,Urea,,,,,,0,0,0,0,0,0
31,3,3,28.55,51.94,70.0,Millets,Clayey,14-35-14,,,,,,0,0,0,0,0,0
25,2,23,31.04,62.08,37.18,Paddy,Black,Urea,,,,,,0,0,0,0,0,0
10,12,14,35.4,62.35,43.09,Ground Nuts,Sandy,14-35-14,,,,,,0,0,0,0,0,0
5,8,28,30.35,64.59,65.36,Maize,Loamy,28-28,,,,,,0,0,0,0,0,0
12,3,5,23.84,40.24,61.13,Wheat,Sandy,14-35-14,,,,,,0,0,0,0,0,0
41,0,0,32.89,59.55,40.12,Paddy,Sandy,28-28,,,,,,0,0,1,0,1,0
12,12,12,35.21,59.99,52.74,Paddy,Loamy,28-28,,,,,,0,0,0,0,0,0
42,0,0,25.58,52.45,68.83,Millets,Black,Urea,,,,,,0,0,1,0,1,0
6,2,9,25.2,53.17,48.13,Paddy,Loamy,28-28,,,,,,0,0,0,0,0,0
11,8,31,27.49,58.98,48.37,Wheat,Red,17-17-17,,,,,,0,0,0,0,0,0
24,0,27,32.08,71.52,31.79,Maize,Black,DAP,,,,,,0,0,0,0,1,0
10,12,29,26.85,59.85,50.57,Maize,Red,20-20,,,,,,0,0,0,0,0,0
6,2,34,31.74,69.49,64.58,Millets,Clayey,10-26-26,,,,,,0,0,0,0,0,0
7,4,36,39.11,68.35,24.92,Ground Nuts,Sandy,17-17-17,,,,,,0,0,0,0,0,0
25,0,22,25.41,59.6,47.88,Barley,Loamy,17-17-17,,,,,,0,0,0,0,1,0
36,2,0,32.18,68.67,33.89,Wheat,Red,10-26-26,,,,,,0,0,1,0,0,0
8,11,13,26.93,61.89,55.88,Wheat,Loamy,20-20,,,,,,0,0,0,0,0,0
8,10,10,34.46,54.47,58.14,Sugarcane,Loamy,20-20,,,,,,0,0,0,0,0,0
17,0,20,25.4,51.85,40.41,Barley,Clayey,10-26-26,,,,,,0,0,0,0,1,0
33,0,1,23.08,56.85,34.73,Ground Nuts,Red,10-26-26,,,,,,0,0,0,0,1,0
12,4,14,29.05,51.18,54.12,Millets,Black,17-17-17,,,,,,0,0,0,0,0,0
25,0,18,36.5,67.29,49.74,Paddy,Loamy,20-20,,,,,,0,0,0,0,1,0
43,2,0,35.86,73.75,44.57,Ground Nuts,Loamy,10-26-26,,,,,,0,0,1,0,0,0
34,0,0,29.43,42.85,61.97,Wheat,Clayey,10-26-26,,,,,,0,0,1,0,1,0
20,0,19,37.57,63.17,70.0,Maize,Loamy,20-20,,,,,,0,0,0,0,1,0
18,1,15,31.68,62.82,43.85,Sugarcane,Loamy,20-20,,,,,,0,0,0,0,0,0
11,0,14,24.57,61.8,37.23,Wheat,Loamy,20-20,,,,,,0,0,0,0,1,0
44,0,0,34.14,52.29,37.41,Barley,Red,Urea,,,,,,0,0,1,0,1,0
37,0,0,32.65,70.55,41.48,Wheat,Clayey,DAP,,,,,,0,0,1,0,1,0
1,19,22,32.84,66.23,49.59,Ground Nuts,Black,14-35-14,,,,,,0,0,0,0,0,0
36,1,0,32.43,58.32,61.02,Wheat,Sandy,14-35-14,,,,,,0,0,1,0,0,0
36,0,0,34.77,69.36,44.88,Ground Nuts,Clayey,14-35-14,,,,,,0,0,1,0,1,0
21,0,16,29.15,57.25,55.55,Sugarcane,Clayey,28-28,,,,,,0,0,0,0,1,0
9,0,32,39.99,72.77,49.75,Paddy,Sandy,Urea,,,,,,0,0,0,0,1,0
7,0,13,32.34,52.54,32.24,Paddy,Black,17-17-17,,,,,,0,0,0,0,1,0
40,0,0,35.63,59.21,51.58,Sugarcane,Loamy,20-20,,,,,,0,0,1,0,1,0
6,3,29,24.99,51.26,34.71,Ground Nuts,Sandy,20-20,,,,,,0,0,0,0,0,0
16,0,38,25.09,62.93,34.08,Millets,Black,20-20,,,,,,0,0,0,0,1,0
26,3,24,29.11,56.91,62.25,Ground Nuts,Black,10-26-26,,,,,,0,0,0,0,0,0
21,1,18,24.25,57.38,30.23,Paddy,Sandy,10-26-26,,,,,,0,0,0,0,0,0
14,0,37,24.2,55.48,57.9,Barley,Black,DAP,,,,,,0,0,0,0,1,0
10,11,28,27.56,67.78,36.61,Millets,Red,10-26-26,,,,,,0,0,0,0,0,0
22,0,15,36.42,59.37,37.49,Paddy,Red,17-17-17,,,,,,0,0,0,0,1,0
14,0,36,36.86,66.97,28.44,Ground Nuts,Clayey,17-17-17,,,,,,0,0,0,0,1,0
37,0,0,35.38,56.76,21.51,Millets,Black,20-20,,,,,,0,0,1,0,1,0
14,20,17,32.64,66.3,39.89,Ground Nuts,Black,20-20,,,,,,0,0,0,0,0,0
13,17,18,35.16,73.41,48.63,Paddy,Clayey,DAP,,,,,,0,0,0,0,0,0
0,19,18,31.75,57.58,30.58,Paddy,Clayey,14-35-14,,,,,,1,0,0,0,0,0
10,0,41,29.11,60.77,61.25,Sugarcane,Red,28-28,,,,,,0,0,0,0,1,0
4,4,26,30.29,53.7,25.09,Wheat,Loamy,DAP,,,,,,0,0,0,0,0,0
7,0,8,33.04,63.52,47.86,Paddy,Black,Urea,,,,,,0,0,0,0,1,0
4,17,17,21.37,53.85,26.22,Ground Nuts,Sandy,DAP,,,,,,0,0,0,0,0,0
7,9,15,26.02,65.02,48.03,Barley,Loamy,Urea,,,,,,0,0,0,0,0,0
9,10,29,39.86,74.47,42.82,Barley,Red,10-26-26,,,,,,0,0,0,0,0,0
24,0,24,34.01,55.99,29.3,Wheat,Sandy,28-28,,,,,,0,0,0,0,1,0
39,0,0,32.69,57.68,48.14,Paddy,Loamy,10-26-26,,,,,,0,0,1,0,1,0
40,2,1,31.99,47.84,39.57,Maize,Black,17-17-17,,,,,,0,0,0,0,0,0
43,0,0,39.59,72.27,42.36,Wheat,Sandy,DAP,,,,,,0,0,1,0,1,0
22,0,22,32.0,72.09,42.61,Millets,Loamy,28-28,,,,,,0,0,0,0,1,0
18,0,37,39.03,74.51,65.94,Wheat,Loamy,10-26-26,,,,,,0,0,0,0,1,0
8,13,25,30.53,70.52,56.87,Ground Nuts,Sandy,17-17-17,,,,,,0,0,0,0,0,0
4,12,31,37.44,60.97,52.15,Wheat,Red,17-17-17,,,,,,0,0,0,0,0,0
40,3,0,25.65,56.93,32.12,Sugarcane,Clayey,Urea,,,,,,0,0,1,0,0,0
37,3,0,28.01,69.54,20.78,Paddy,Loamy,10-26-26,,,,,,0,0,1,0,0,0
16,4,40,27.33,52.91,29.81,Maize,Loamy,Urea,,,,,,0,0,0,0,0,0
34,0,4,28.27,45.54,63.35,Millets,Loamy,10-26-26,,,,,,0,0,0,0,1,0
44,0,4,39.37,73.58,47.49,Barley,Sandy,14-35-14,,,,,,0,0,0,0,1,0
10,4,18,31.76,43.24,56.29,Barley,Clayey,20-20,,,,,,0,0,0,0,0,0
10,2,9,24.0,49.08,66.12,Millets,Red,Urea,,,,,,0,0,0,0,0,0
14,3,34,34.15,67.47,27.11,Millets,Black,10-26-26,,,,,,0,0,0,0,0,0
33,4,1,32.02,60.85,31.09,Barley,Black,28-28,,,,,,0,0,0,0,0,0
5,12,33,28.02,66.84,58.92,Paddy,Sandy,Urea,,,,,,0,0,0,0,0,0
9,2,15,27.05,58.49,39.27,Ground Nuts,Sandy,28-28,,,,,,0,0,0,0,0,0
38,1,4,28.21,57.07,40.54,Paddy,Sandy,17-17-17,,,,,,0,0,0,0,0,0
40,3,1,35.86,70.31,54.4,Ground Nuts,Clayey,17-17-17,,,,,,0,0,0,0,0,0
9,0,14,35.79,66.77,34.39,Barley,Loamy,14-35-14,,,,,,0,0,0,0,1,0
17,1,15,26.49,47.23,30.23,Barley,Red,DAP,,,,,,0,0,0,0,0,0
13,3,37,32.42,54.71,33.03,Paddy,Sandy,Urea,,,,,,0,0,0,0,0,0
20,0,14,32.17,55.02,37.37,Sugarcane,Sandy,10-26-26,,,,,,0,0,0,0,1,0
18,2,18,32.58,58.58,34.16,Maize,Loamy,17-17-17,,,,,,0,0,0,0,0,0
18,2,39,30.81,63.77,70.0,Maize,Red,20-20,,,,,,0,0,0,0,0,0
33,4,1,32.86,59.79,41.11,Sugarcane,Clayey,10-26-26,,,,,,0,0,0,0,0,0
17,0,12,28.58,56.91,45.99,Barley,Red,17-17-17,,,,,,0,0,0,0,1,0
5,3,29,30.9,68.25,36.56,Wheat,Sandy,Urea,,,,,,0,0,0,0,0,0
22,0,26,28.35,48.46,32.32,Millets,Clayey,28-28,,,,,,0,0,0,0,1,0
17,0,16,30.44,69.49,24.3,Sugarcane,Red,28-28,,,,,,0,0,0,0,1,0
22,0,17,22.26,42.14,35.5,Millets,Loamy,10-26-26,,,,,,0,0,0,0,1,0
13,7,34,27.59,59.58,58.65,Barley,Sandy,DAP,,,,,,0,0,0,0,0,0
34,0,1,29.15,57.67,32.35,Sugarcane,Black,10-26-26,,,,,,0,0,0,0,1,0
28,0,20,20.86,49.09,28.16,Paddy,Loamy,28-28,,,,,,0,0,0,0,1,0
5,0,14,26.55,52.44,67.67,Ground Nuts,Black,Urea,,,,,,0,0,0,0,1,0
13,0,42,31.72,58.72,70.0,Sugarcane,Sandy,28-28,,,,,,0,0,0,0,1,0
11,8,30,31.42,59.9,29.07,Millets,Black,17-17-17,,,,,,0,0,0,0,0,0
32,4,0,30.09,46.89,35.95,Wheat,Loamy,14-35-14,,,,,,0,0,1,0,0,0
38,2,3,28.94,62.47,31.99,Sugarcane,Loamy,17-17-17,,,,,,0,0,0,0,0,0
17,0,43,39.33,59.27,40.62,Wheat,Clayey,10-26-26,,,,,,0,0,0,0,1,0
17,0,14,29.89,55.53,32.61,Barley,Loamy,20-20,,,,,,0,0,0,0,1,0
10,3,27,40.0,63.63,40.65,Millets,Clayey,17-17-17,,,,,,0,0,0,0,0,0
18,0,17,36.4,55.11,26.14,Wheat,Red,DAP,,,,,,0,0,0,0,1,0
25,0,18,27.28,47.79,29.37,Millets,Clayey,Urea,,,,,,0,0,0,0,1,0
15,0,40,27.38,53.83,55.09,Maize,Red,28-28,,,,,,0,0,0,0,1,0
12,0,35,29.14,64.95,36.54,Paddy,Black,17-17-17,,,,,,0,0,0,0,1,0
17,0,37,32.93,62.73,59.96,Paddy,Loamy,10-26-26,,,,,,0,0,0,0,1,0
15,2,12,31.0,51.8,44.91,Sugarcane,Sandy,20-20,,,,,,0,0,0,0,0,0
12,3,13,30.3,45.03,57.51,Sugarcane,Loamy,17-17-17,,,,,,0,0,0,0,0,0
25,1,14,23.43,55.73,32.02,Millets,Sandy,20-20,,,,,,0,0,0,0,0,0
12,4,10,30.56,67.31,36.79,Sugarcane,Clayey,20-20,,,,,,0,0,0,0,0,0
4,11,27,27.68,57.8,70.0,Wheat,Red,14-35-14,,,,,,0,0,0,0,0,0
7,0,5,31.8,56.53,35.42,Barley,Loamy,14-35-14,,,,,,0,0,0,0,1,0
10,4,11,22.54,58.92,51.76,Maize,Red,10-26-26,,,,,,0,0,0,0,0,0
12,9,30,35.49,77.62,56.57,Ground Nuts,Clayey,20-20,,,,,,0,0,0,0,0,0
19,1,23,25.05,49.33,48.69,Maize,Loamy,DAP,,,,,,0,0,0,0,0,0
42,3,0,36.29,74.2,54.68,Paddy,Sandy,17-17-17,,,,,,0,0,1,0,0,0
42,3,0,32.94,50.95,43.98,Barley,Sandy,DAP,,,,,,0,0,1,0,0,0
2,13,34,29.86,65.84,66.44,Barley,Red,28-28,,,,,,0,0,0,0,0,0
7,0,11,23.19,50.83,60.22,Millets,Sandy,17-17-17,,,,,,0,0,0,0,1,0
12,2,10,25.12,58.07,40.47,Sugarcane,Sandy,14-35-14,,,,,,0,0,0,0,0,0
2,17,17,25.8,57.61,40.46,Barley,Red,DAP,,,,,,0,0,0,0,0,0
16,3,12,25.27,55.44,29.6,Ground Nuts,Clayey,10-26-26,,,,,,0,0,0,0,0,0
10,9,36,26.56,58.48,45.6,Ground Nuts,Sandy,DAP,,,,,,0,0,0,0,0,0
2,8,27,30.71,56.3,70.0,Maize,Black,10-26-26,,,,,,0,0,0,0,0,0
12,12,25,24.99,65.8,51.83,Barley,Black,10-26-26,,,,,,0,0,0,0,0,0
4,22,18,32.63,64.54,36.41,Ground Nuts,Clayey,28-28,,,,,,0,0,0,0,0,0
7,2,15,27.93,46.76,56.5,Paddy,Black,28-28,,,,,,0,0,0,0,0,0
14,0,40,39.26,60.36,29.14,Maize,Loamy,17-17-17,,,,,,0,0,0,0,1,0
39,0,0,26.57,54.52,46.1,Wheat,Black,DAP,,,,,,0,0,1,0,1,0
6,5,28,40.0,77.35,41.55,Ground Nuts,Sandy,10-26-26,,,,,,0,0,0,0,0,0
41,0,2,37.24,59.64,30.67,Ground Nuts,Red,28-28,,,,,,0,0,0,0,1,0
8,17,10,28.4,57.3,49.24,Sugarcane,Clayey,DAP,,,,,,0,0,0,0,0,0
18,0,23,33.83,56.31,25.41,Maize,Sandy,20-20,,,,,,0,0,0,0,1,0
17,13,14,32.01,56.9,39.16,Sugarcane,Red,20-20,,,,,,0,0,0,0,0,0
9,0,14,30.22,60.34,59.66,Paddy,Black,Urea,,,,,,0,0,0,0,1,0
32,0,0,25.24,46.57,36.23,Maize,Loamy,Urea,,,,,,0,0,1,0,1,0
15,0,11,26.8,60.69,60.28,Wheat,Loamy,17-17-17,,,,,,0,0,0,0,1,0
37,3,0,32.37,56.56,65.45,Ground Nuts,Sandy,10-26-26,,,,,,0,0,1,0,0,0
13,0,35,23.86,55.45,24.43,Millets,Loamy,Urea,,,,,,0,0,0,0,1,0
36,0,0,34.18,58.31,46.39,Maize,Sandy,28-28,,,,,,0,0,1,0,1,0
13,3,43,39.42,76.38,57.33,Maize,Black,17-17-17,,,,,,0,0,0,0,0,0
37,0,0,24.86,54.46,36.36,Millets,Clayey,Urea,,,,,,0,0,1,0,1,0
14,17,7,32.95,62.26,50.04,Paddy,Sandy,28-28,,,,,,0,0,0,0,0,0
14,2,11,27.48,60.62,44.8,Sugarcane,Black,20-20,,,,,,0,0,0,0,0,0
11,4,38,36.73,71.35,70.0,Sugarcane,Black,Urea,,,,,,0,0,0,0,0,0
40,0,3,29.14,58.46,36.98,Barley,Loamy,10-26-26,,,,,,0,0,0,0,1,0
42,0,0,32.52,57.58,57.94,Maize,Clayey,17-17-17,,,,,,0,0,1,0,1,0
5,8,19,29.48,60.63,42.23,Ground Nuts,Clayey,17-17-17,,,,,,0,0,0,0,0,0
38,0,0,30.09,62.9,44.53,Sugarcane,Red,17-17-17,,,,,,0,0,1,0,1,0
13,2,36,37.81,73.97,40.95,Maize,Black,17-17-17,,,,,,0,0,0,0,0,0
38,2,0,30.41,52.79,24.79,Paddy,Red,Urea,,,,,,0,0,1,0,0,0
14,9,10,35.69,58.61,58.14,Maize,Red,20-20,,,,,,0,0,0,0,0,0
20,0,23,23.11,53.38,41.79,Millets,Black,17-17-17,,,,,,0,0,0,0,1,0
41,4,0,36.98,73.11,41.32,Paddy,Clayey,28-28,,,,,,0,0,1,0,0,0
9,0,44,34.68,76.53,33.78,Millets,Black,Urea,,,,,,0,0,0,0,1,0
9,0,37,24.22,50.03,55.39,Barley,Clayey,20-20,,,,,,0,0,0,0,1,0
1,8,27,31.43,64.88,54.37,Barley,Sandy,28-28,,,,,,0,0,0,0,0,0
14,1,17,31.14,61.27,45.36,Barley,Black,17-17-17,,,,,,0,0,0,0,0,0
26,0,18,24.69,54.86,47.9,Ground Nuts,Black,28-28,,,,,,0,0,0,0,1,0
20,0,18,30.39,67.95,35.69,Wheat,Sandy,DAP,,,,,,0,0,0,0,1,0
15,3,15,28.44,46.2,34.75,Millets,Clayey,14-35-14,,,,,,0,0,0,0,0,0
12,12,22,25.64,56.54,49.67,Maize,Red,28-28,,,,,,0,0,0,0,0,0
10,1,32,28.39,51.27,70.0,Ground Nuts,Clayey,17-17-17,,,,,,0,0,0,0,0,0
9,9,27,39.9,73.93,32.55,Wheat,Black,17-17-17,,,,,,0,0,0,0,0,0
12,18,8,29.66,49.78,23.81,Ground Nuts,Black,Urea,,,,,,0,0,0,0,0,0
4,9,27,30.69,58.35,21.33,Ground Nuts,Black,17-17-17,,,,,,0,0,0,0,0,0
35,3,1,23.98,48.21,35.49,Maize,Black,20-20,,,,,,0,0,0,0,0,0
12,9,20,31.01,60.4,43.04,Millets,Clayey,DAP,,,,,,0,0,0,0,0,0
35,0,0,29.16,61.51,34.35,Sugarcane,Black,20-20,,,,,,0,0,1,0,1,0
18,0,23,27.28,53.81,39.02,Ground Nuts,Sandy,DAP,,,,,,0,0,0,0,1,0
14,2,32,33.4,58.26,40.56,Barley,Red,20-20,,,,,,0,0,0,0,0,0
11,0,12,31.02,54.58,45.71,Barley,Red,10-26-26,,,,,,0,0,0,0,1,0
44,4,4,34.33,69.34,32.53,Maize,Loamy,14-35-14,,,,,,0,0,0,0,0,0
24,0,24,30.88,66.31,38.96,Maize,Clayey,20-20,,,,,,0,0,0,0,1,0
9,0,37,21.52,61.31,30.52,Ground Nuts,Loamy,14-35-14,,,,,,0,0,0,0,1,0
12,0,42,29.67,64.78,21.0,Barley,Black,Urea,,,,,,0,0,0,0,1,0
7,0,46,26.59,52.55,41.35,Maize,Sandy,17-17-17,,,,,,0,0,0,0,1,0
20,1,21,32.56,71.98,46.27,Wheat,Loamy,14-35-14,,,,,,0,0,0,0,0,0
19,0,16,29.64,49.17,34.47,Wheat,Clayey,17-17-17,,,,,,0,0,0,0,1,0
5,16,18,31.55,58.9,47.7,Ground Nuts,Sandy,DAP,,,,,,0,0,0,0,0,0
12,10,30,33.2,60.31,55.18,Paddy,Black,28-28,,,,,,0,0,0,0,0,0
8,11,13,23.28,48.32,43.9,Paddy,Red,20-20,,,,,,0,0,0,0,0,0
9,0,39,40.0,65.13,40.28,Barley,Loamy,Urea,,,,,,0,0,0,0,1,0
23,0,18,23.03,49.38,40.47,Wheat,Black,10-26-26,,,,,,0,0,0,0,1,0
8,10,10,30.04,44.44,43.27,Sugarcane,Clayey,17-17-17,,,,,,0,0,0,0,0,0
10,3,37,37.53,59.1,32.18,Ground Nuts,Red,14-35-14,,,,,,0,0,0,0,0,0
11,12,21,21.7,60.92,26.89,Ground Nuts,Sandy,28-28,,,,,,0,0,0,0,0,0
4,5,32,31.15,63.09,30.51,Ground Nuts,Clayey,20-20,,,,,,0,0,0,0,0,0
9,4,39,27.1,42.29,35.96,Paddy,Black,Urea,,,,,,0,0,0,0,0,0
36,0,0,33.97,66.11,59.93,Wheat,Clayey,14-35-14,,,,,,0,0,1,0,1,0
8,6,28,32.8,46.19,20.0,Maize,Red,DAP,,,,,,0,0,0,0,0,0
10,0,40,24.65,46.46,27.78,Paddy,Sandy,14-35-14,,,,,,0,0,0,0,1,0
18,0,20,29.46,43.41,40.69,Wheat,Black,10-26-26,,,,,,0,0,0,0,1,0
37,4,3,40.0,74.62,44.27,Sugarcane,Red,14-35-14,,,,,,0,0,0,0,0,0
24,0,24,28.67,61.38,48.54,Maize,Black,14-35-14,,,,,,0,0,0,0,1,0
11,3,6,22.28,43.79,63.73,Maize,Clayey,28-28,,,,,,0,0,0,0,0,0
14,0,35,27.73,61.49,20.0,Maize,Clayey,Urea,,,,,,0,0,0,0,1,0
10,12,12,20.48,55.53,65.44,Ground Nuts,Loamy,Urea,,,,,,0,0,0,0,0,0
0,17,19,25.45,45.61,41.12,Maize,Clayey,10-26-26,,,,,,1,0,0,0,0,0
22,4,20,21.54,58.62,46.04,Paddy,Red,20-20,,,,,,0,0,0,0,0,0
9,3,18,27.08,64.97,38.34,Ground Nuts,Red,Urea,,,,,,0,0,0,0,0,0
39,3,0,27.06,51.6,51.94,Millets,Clayey,14-35-14,,,,,,0,0,1,0,0,0
28,1,21,31.67,48.24,38.06,Paddy,Black,14-35-14,,,,,,0,0,0,0,0,0
12,14,19,39.89,63.45,47.15,Barley,Sandy,17-17-17,,,,,,0,0,0,0,0,0
18,3,38,25.71,51.75,70.0,Wheat,Black,14-35-14,,,,,,0,0,0,0,0,0
12,0,37,24.32,56.65,22.81,Sugarcane,Red,28-28,,,,,,0,0,0,0,1,0
24,0,21,34.73,68.13,39.85,Barley,Sandy,20-20,,,,,,0,0,0,0,1,0
20,0,19,35.89,52.9,44.55,Barley,Red,20-20,,,,,,0,0,0,0,1,0
38,0,0,26.14,57.83,37.34,Maize,Sandy,14-35-14,,,,,,0,0,1,0,1,0
21,1,18,34.08,62.7,32.05,Maize,Black,DAP,,,,,,0,0,0,0,0,0
28,0,24,24.46,65.27,48.51,Millets,Red,20-20,,,,,,0,0,0,0,1,0
7,17,13,25.74,52.83,35.38,Maize,Red,14-35-14,,,,,,0,0,0,0,0,0
11,1,35,40.0,63.46,40.95,Maize,Red,Urea,,,,,,0,0,0,0,0,0
44,2,0,30.4,44.22,31.39,Maize,Loamy,28-28,,,,,,0,0,1,0,0,0
18,0,32,29.16,51.64,30.31,Maize,Clayey,28-28,,,,,,0,0,0,0,1,0
8,0,41,35.74,79.96,27.81,Millets,Clayey,10-26-26,,,,,,0,0,0,0,1,0
33,2,0,32.97,44.31,46.49,Maize,Red,DAP,,,,,,0,0,1,0,0,0
39,0,0,25.99,60.98,37.81,Paddy,Loamy,17-17-17,,,,,,0,0,1,0,1,0
9,2,8,25.13,69.36,50.28,Barley,Clayey,DAP,,,,,,0,0,0,0,0,0
8,13,16,37.11,61.41,60.83,Maize,Sandy,14-35-14,,,,,,0,0,0,0,0,0
38,2,3,30.01,67.64,26.5,Wheat,Red,28-28,,,,,,0,0,0,0,0,0
6,0,37,33.31,63.71,32.94,Paddy,Loamy,14-35-14,,,,,,0,0,0,0,1,0
42,0,0,38.18,72.68,52.23,Barley,Clayey,14-35-14,,,,,,0,0,1,0,1,0
32,0,3,28.94,58.91,26.54,Maize,Clayey,Urea,,,,,,0,0,0,0,1,0
13,0,40,28.86,52.28,28.12,Wheat,Red,10-26-26,,,,,,0,0,0,0,1,0
8,15,17,30.07,62.6,54.75,Ground Nuts,Clayey,20-20,,,,,,0,0,0,0,0,0
13,4,38,38.21,60.25,49.83,Barley,Black,17-17-17,,,,,,0,0,0,0,0,0
39,0,4,40.0,80.0,53.26,Sugarcane,Sandy,17-17-17,,,,,,0,0,0,0,1,0
26,4,23,34.24,66.72,42.15,Millets,Clayey,DAP,,,,,,0,0,0,0,0,0
17,1,18,24.27,51.0,30.89,Sugarcane,Red,17-17-17,,,,,,0,0,0,0,0,0
12,14,17,26.84,45.54,50.57,Barley,Loamy,17-17-17,,,,,,0,0,0,0,0,0
4,4,26,39.46,66.35,42.08,Sugarcane,Sandy,20-20,,,,,,0,0,0,0,0,0
5,9,34,36.94,59.89,32.39,Sugarcane,Black,20-20,,,,,,0,0,0,0,0,0
37,0,4,25.12,58.53,38.28,Maize,Sandy,20-20,,,,,,0,0,0,0,1,0
16,0,6,29.65,73.8,41.76,Sugarcane,Black,17-17-17,,,,,,0,0,0,0,1,0
5,4,29,25.87,58.43,64.21,Barley,Loamy,28-28,,,,,,0,0,0,0,0,0
10,10,16,30.41,57.63,37.84,Paddy,Red,14-35-14,,,,,,0,0,0,0,0,0
7,1,32,39.05,67.42,25.24,Millets,Black,10-26-26,,,,,,0,0,0,0,0,0
12,17,18,27.98,63.97,45.35,Barley,Loamy,17-17-17,,,,,,0,0,0,0,0,0
10,11,16,29.25,42.98,64.69,Barley,Black,28-28,,,,,,0,0,0,0,0,0
12,9,30,29.23,44.55,33.21,Barley,Clayey,14-35-14,,,,,,0,0,0,0,0,0
43,2,3,29.67,64.88,33.45,Millets,Sandy,28-28,,,,,,0,0,0,0,0,0
5,2,27,33.14,49.95,36.02,Barley,Clayey,DAP,,,,,,0,0,0,0,0,0
42,0,2,25.08,59.42,37.34,Sugarcane,Sandy,20-20,,,,,,0,0,0,0,1,0
14,0,40,33.11,79.52,30.26,Ground Nuts,Black,10-26-26,,,,,,0,0,0,0,1,0
15,8,18,22.22,54.98,60.43,Paddy,Loamy,10-26-26,,,,,,0,0,0,0,0,0
19,4,17,27.93,47.92,50.02,Ground Nuts,Black,17-17-17,,,,,,0,0,0,0,0,0
13,2,42,38.46,72.39,28.01,Ground Nuts,Black,10-26-26,,,,,,0,0,0,0,0,0
44,4,1,27.68,68.09,32.86,Barley,Red,10-26-26,,,,,,0,0,0,0,0,0
24,2,16,34.36,69.3,43.14,Sugarcane,Loamy,Urea,,,,,,0,0,0,0,0,0
24,0,14,36.56,56.18,45.38,Wheat,Loamy,10-26-26,,,,,,0,0,0,0,1,0
4,13,17,30.88,44.61,40.83,Barley,Clayey,Urea,,,,,,0,0,0,0,0,0
21,0,22,30.02,44.98,45.58,Barley,Loamy,28-28,,,,,,0,0,0,0,1,0
14,16,20,39.16,66.36,55.82,Maize,Clayey,17-17-17,,,,,,0,0,0,0,0,0
15,0,39,32.33,57.56,43.39,Maize,Red,DAP,,,,,,0,0,0,0,1,0
9,13,8,27.38,66.23,51.93,Paddy,Loamy,10-26-26,,,,,,0,0,0,0,0,0
13,3,18,27.97,47.42,60.83,Maize,Clayey,DAP,,,,,,0,0,0,0,0,0
41,1,0,27.95,52.18,27.86,Paddy,Red,28-28,,,,,,0,0,1,0,0,0
15,0,33,33.97,59.11,56.95,Paddy,Black,14-35-14,,,,,,0,0,0,0,1,0
37,0,0,28.44,69.02,25.51,Paddy,Loamy,17-17-17,,,,,,0,0,1,0,1,0
11,8,17,31.42,52.17,52.65,Ground Nuts,Sandy,10-26-26,,,,,,0,0,0,0,0,0
16,0,35,38.35,71.0,65.66,Maize,Clayey,Urea,,,,,,0,0,0,0,1,0
15,15,15,24.54,57.8,26.75,Ground Nuts,Black,10-26-26,,,,,,0,0,0,0,0,0
16,0,38,33.14,50.91,52.07,Maize,Red,14-35-14,,,,,,0,0,0,0,1,0
39,3,0,30.61,69.73,64.16,Paddy,Loamy,20-20,,,,,,0,0,1,0,0,0
33,0,3,31.52,62.74,54.75,Maize,Sandy,DAP,,,,,,0,0,0,0,1,0
18,3,16,26.58,56.37,50.42,Millets,Clayey,10-26-26,,,,,,0,0,0,0,0,0
10,1,4,22.61,52.77,41.72,Paddy,Black,10-26-26,,,,,,0,0,0,0,0,0
21,3,19,38.58,64.3,54.91,Paddy,Sandy,28-28,,,,,,0,0,0,0,0,0
19,0,15,25.67,44.93,45.94,Millets,Sandy,20-20,,,,,,0,0,0,0,1,0
10,10,32,40.0,68.24,47.7,Millets,Black,20-20,,,,,,0,0,0,0,0,0
41,0,4,29.44,68.03,20.57,Barley,Clayey,10-26-26,,,,,,0,0,0,0,1,0
4,23,20,38.82,63.69,51.13,Wheat,Sandy,28-28,,,,,,0,0,0,0,0,0
8,16,12,28.68,58.87,64.36,Barley,Red,14-35-14,,,,,,0,0,0,0,0,0
16,9,9,36.07,68.41,54.45,Maize,Clayey,28-28,,,,,,0,0,0,0,0,0
14,3,35,30.76,67.49,42.88,Ground Nuts,Sandy,10-26-26,,,,,,0,0,0,0,0,0
6,0,10,29.79,66.3,62.12,Paddy,Loamy,DAP,,,,,,0,0,0,0,1,0
0,16,17,29.14,69.95,21.5,Ground Nuts,Loamy,10-26-26,,,,,,1,0,0,0,0,0
6,0,18,30.96,59.31,60.38,Paddy,Sandy,Urea,,,,,,0,0,0,0,1,0
41,0,0,31.64,68.37,49.45,Paddy,Black,28-28,,,,,,0,0,1,0,1,0
20,0,18,33.8,58.8,28.44,Ground Nuts,Sandy,DAP,,,,,,0,0,0,0,1,0
40,1,0,22.15,57.99,69.1,Millets,Red,14-35-14,,,,,,0,0,1,0,0,0
8,0,34,28.23,66.99,61.65,Maize,Red,28-28,,,,,,0,0,0,0,1,0
18,0,21,25.96,52.8,57.24,Wheat,Red,17-17-17,,,,,,0,0,0,0,1,0
11,8,12,30.27,58.16,31.73,Maize,Red,20-20,,,,,,0,0,0,0,0,0
9,5,32,32.92,63.87,70.0,Wheat,Sandy,17-17-17,,,,,,0,0,0,0,0,0
6,16,22,37.04,63.94,35.24,Barley,Sandy,28-28,,,,,,0,0,0,0,0,0
32,0,3,29.99,45.6,70.0,Barley,Clayey,28-28,,,,,,0,0,0,0,1,0
17,0,22,26.87,55.79,38.33,Maize,Clayey,10-26-26,,,,,,0,0,0,0,1,0
9,0,9,22.21,46.25,51.97,Barley,Loamy,28-28,,,,,,0,0,0,0,1,0
8,14,20,26.15,60.28,36.97,Barley,Sandy,14-35-14,,,,,,0,0,0,0,0,0
5,0,11,34.23,53.35,37.66,Paddy,Clayey,28-28,,,,,,0,0,0,0,1,0
9,2,34,35.68,57.04,20.58,Paddy,Sandy,10-26-26,,,,,,0,0,0,0,0,0
10,18,17,25.31,65.02,24.18,Barley,Clayey,17-17-17,,,,,,0,0,0,0,0,0
6,3,15,26.8,52.7,41.8,Ground Nuts,Loamy,DAP,,,,,,0,0,0,0,0,0
15,0,33,34.58,76.12,42.72,Paddy,Clayey,17-17-17,,,,,,0,0,0,0,1,0
9,0,35,31.61,56.45,63.08,Sugarcane,Sandy,28-28,,,,,,0,0,0,0,1,0
40,1,0,40.0,58.59,31.87,Sugarcane,Sandy,17-17-17,,,,,,0,0,1,0,0,0
10,0,34,25.71,62.35,59.19,Paddy,Sandy,10-26-26,,,,,,0,0,0,0,1,0
5,22,19,33.66,63.43,49.93,Paddy,Black,Urea,,,,,,0,0,0,0,0,0
12,0,36,35.45,74.57,35.05,Wheat,Black,Urea,,,,,,0,0,0,0,1,0
39,1,0,37.13,72.24,29.37,Ground Nuts,Clayey,10-26-26,,,,,,0,0,1,0,0,0
9,4,9,35.7,73.21,36.23,Sugarcane,Red,DAP,,,,,,0,0,0,0,0,0
5,12,26,25.56,46.39,20.0,Paddy,Black,28-28,,,,,,0,0,0,0,0,0
6,18,22,33.6,55.53,49.42,Barley,Black,10-26-26,,,,,,0,0,0,0,0,0
7,0,9,38.22,70.16,57.22,Maize,Clayey,Urea,,,,,,0,0,0,0,1,0
11,11,27,30.18,51.81,29.94,Barley,Loamy,20-20,,,,,,0,0,0,0,0,0
8,2,12,25.29,59.98,64.0,Paddy,Red,28-28,,,,,,0,0,0,0,0,0
17,1,33,28.19,58.08,28.22,Millets,Red,28-28,,,,,,0,0,0,0,0,0
40,2,4,36.38,70.01,60.43,Maize,Loamy,DAP,,,,,,0,0,0,0,0,0
10,4,40,29.4,63.14,41.1,Sugarcane,Red,17-17-17,,,,,,0,0,0,0,0,0
12,0,11,28.98,50.38,56.54,Barley,Loamy,14-35-14,,,,,,0,0,0,0,1,0
40,0,4,27.21,57.02,67.38,Maize,Red,28-28,,,,,,0,0,0,0,1,0
13,0,35,26.2,58.33,54.24,Sugarcane,Sandy,14-35-14,,,,,,0,0,0,0,1,0
12,3,8,21.05,42.39,70.0,Barley,Black,Urea,,,,,,0,0,0,0,0,0
16,0,14,30.04,44.38,31.72,Wheat,Sandy,20-20,,,,,,0,0,0,0,1,0
15,3,45,26.62,52.74,33.14,Maize,Red,28-28,,,,,,0,0,0,0,0,0
37,0,0,28.58,67.94,28.77,Ground Nuts,Black,Urea,,,,,,0,0,1,0,1,0
10,11,19,29.46,52.94,48.45,Paddy,Clayey,20-20,,,,,,0,0,0,0,0,0
5,0,17,27.88,43.64,55.1,Barley,Red,DAP,,,,,,0,0,0,0,1,0
12,0,14,29.09,57.69,56.66,Ground Nuts,Red,Urea,,,,,,0,0,0,0,1,0
34,0,0,25.5,45.0,31.33,Millets,Clayey,20-20,,,,,,0,0,1,0,1,0
15,3,12,28.26,55.11,46.68,Paddy,Clayey,14-35-14,,,,,,0,0,0,0,0,0
41,3,0,32.63,56.39,70.0,Sugarcane,Loamy,20-20,,,,,,0,0,1,0,0,0
13,0,11,30.92,56.11,55.05,Barley,Clayey,28-28,,,,,,0,0,0,0,1,0
11,13,34,38.36,75.41,34.95,Wheat,Red,20-20,,,,,,0,0,0,0,0,0
7,7,29,38.64,57.63,62.51,Millets,Sandy,17-17-17,,,,,,0,0,0,0,0,0
13,3,34,29.68,62.09,51.54,Wheat,Clayey,DAP,,,,,,0,0,0,0,0,0
17,3,10,28.58,61.21,35.39,Wheat,Sandy,Urea,,,,,,0,0,0,0,0,0
33,0,0,30.2,51.36,29.87,Maize,Loamy,DAP,,,,,,0,0,1,0,1,0
1,22,15,23.88,54.05,34.53,Sugarcane,Sandy,10-26-26,,,,,,0,0,0,0,0,0
6,1,10,30.99,55.81,33.94,Ground Nuts,Clayey,14-35-14,,,,,,0,0,0,0,0,0
41,3,0,32.0,44.93,39.49,Ground Nuts,Clayey,17-17-17,,,,,,0,0,1,0,0,0
3,9,27,30.08,52.42,26.72,Ground Nuts,Red,10-26-26,,,,,,0,0,0,0,0,0
33,4,0,25.77,47.79,44.15,Maize,Sandy,17-17-17,,,,,,0,0,1,0,0,0
8,8,18,26.57,60.41,53.33,Maize,Red,Urea,,,,,,0,0,0,0,0,0
14,11,28,27.96,62.45,52.25,Paddy,Red,20-20,,,,,,0,0,0,0,0,0
22,0,21,26.62,49.63,47.94,Millets,Sandy,28-28,,,,,,0,0,0,0,1,0
5,5,26,29.85,48.0,20.0,Barley,Red,17-17-17,,,,,,0,0,0,0,0,0
9,0,10,31.03,56.07,46.54,Ground Nuts,Sandy,DAP,,,,,,0,0,0,0,1,0
12,0,12,28.53,50.22,28.54,Sugarcane,Sandy,28-28,,,,,,0,0,0,0,1,0
0,15,21,31.99,68.1,31.15,Ground Nuts,Loamy,17-17-17,,,,,,1,0,0,0,0,0
17,0,22,27.62,54.8,31.39,Paddy,Red,DAP,,,,,,0,0,0,0,1,0
5,0,9,25.22,48.85,64.83,Sugarcane,Clayey,DAP,,,,,,0,0,0,0,1,0
9,9,32,26.17,55.85,65.64,Maize,Loamy,20-20,,,,,,0,0,0,0,0,0
4,6,19,33.55,63.26,49.37,Sugarcane,Black,DAP,,,,,,0,0,0,0,0,0
23,1,22,30.57,51.96,42.72,Wheat,Sandy,DAP,,,,,,0,0,0,0,0,0
17,0,35,37.14,69.78,61.72,Ground Nuts,Sandy,17-17-17,,,,,,0,0,0,0,1,0
9,4,41,32.97,79.08,28.62,Millets,Loamy,14-35-14,,,,,,0,0,0,0,0,0
2,17,13,23.94,60.79,50.62,Sugarcane,Red,20-20,,,,,,0,0,0,0,0,0
14,0,11,26.45,51.02,41.39,Barley,Loamy,14-35-14,,,,,,0,0,0,0,1,0
32,0,1,27.91,56.12,55.18,Barley,Sandy,Urea,,,,,,0,0,0,0,1,0
17,0,10,24.34,62.48,28.71,Paddy,Loamy,DAP,,,,,,0,0,0,0,1,0
18,0,20,35.04,52.38,29.33,Paddy,Red,10-26-26,,,,,,0,0,0,0,1,0
9,4,36,32.4,61.69,38.95,Paddy,Black,10-26-26,,,,,,0,0,0,0,0,0
18,10,11,20.3,51.89,24.85,Millets,Black,20-20,,,,,,0,0,0,0,0,0
10,18,8,37.37,58.9,54.37,Sugarcane,Clayey,14-35-14,,,,,,0,0,0,0,0,0
1,15,16,32.64,56.48,33.02,Paddy,Sandy,DAP,,,,,,0,0,0,0,0,0
12,4,37,35.42,55.91,25.75,Paddy,Clayey,28-28,,,,,,0,0,0,0,0,0
27,4,22,35.12,60.79,26.45,Paddy,Sandy,10-26-26,,,,,,0,0,0,0,0,0
16,0,38,31.46,59.07,67.98,Paddy,Clayey,20-20,,,,,,0,0,0,0,1,0
8,9,31,35.93,61.57,37.5,Ground Nuts,Loamy,28-28,,,,,,0,0,0,0,0,0
9,10,34,29.83,63.99,61.91,Paddy,Clayey,17-17-17,,,,,,0,0,0,0,0,0
13,10,25,26.37,58.84,50.54,Barley,Clayey,28-28,,,,,,0,0,0,0,0,0
11,16,14,33.06,62.55,67.51,Paddy,Black,17-17-17,,,,,,0,0,0,0,0,0
12,2,6,24.37,42.57,25.32,Millets,Red,17-17-17,,,,,,0,0,0,0,0,0
40,0,0,22.49,47.55,30.52,Wheat,Black,17-17-17,,,,,,0,0,1,0,1,0
10,8,25,29.67,64.14,54.58,Millets,Black,14-35-14,,,,,,0,0,0,0,0,0
35,2,0,37.95,60.75,56.21,Sugarcane,Loamy,17-17-17,,,,,,0,0,1,0,0,0
1,23,22,35.78,62.29,42.45,Ground Nuts,Loamy,17-17-17,,,,,,0,0,0,0,0,0
11,1,12,30.73,70.83,42.3,Wheat,Clayey,28-28,,,,,,0,0,0,0,0,0
9,2,33,31.43,49.67,32.78,Millets,Clayey,20-20,,,,,,0,0,0,0,0,0
1,20,20,23.5,46.98,44.43,Sugarcane,Sandy,17-17-17,,,,,,0,0,0,0,0,0
6,0,12,28.49,56.61,36.96,Barley,Red,Urea,,,,,,0,0,0,0,1,0
9,1,3,29.38,53.5,37.11,Barley,Clayey,14-35-14,,,,,,0,0,0,0,0,0
45,0,1,30.63,48.47,42.44,Millets,Red,10-26-26,,,,,,0,0,0,0,1,0
11,3,44,22.8,50.13,24.57,Maize,Sandy,14-35-14,,,,,,0,0,0,0,0,0
14,17,9,28.23,46.91,30.9,Ground Nuts,Sandy,14-35-14,,,,,,0,0,0,0,0,0
12,0,12,28.62,60.33,42.04,Wheat,Sandy,20-20,,,,,,0,0,0,0,1,0
11,1,34,32.22,48.92,28.62,Sugarcane,Black,DAP,,,,,,0,0,0,0,0,0
22,0,23,24.96,57.15,41.93,Millets,Loamy,Urea,,,,,,0,0,0,0,1,0
16,0,33,24.72,49.17,70.0,Barley,Loamy,28-28,,,,,,0,0,0,0,1,0
8,0,11,30.52,69.57,57.08,Barley,Red,28-28,,,,,,0,0,0,0,1,0
38,0,0,30.23,51.35,46.67,Maize,Black,28-28,,,,,,0,0,1,0,1,0
9,7,33,28.2,46.89,48.92,Sugarcane,Black,14-35-14,,,,,,0,0,0,0,0,0
10,2,40,27.32,55.2,41.01,Barley,Black,28-28,,,,,,0,0,0,0,0,0
16,0,17,23.91,44.08,34.26,Maize,Red,14-35-14,,,,,,0,0,0,0,1,0
32,2,0,27.49,50.47,40.81,Wheat,Clayey,Urea,,,,,,0,0,1,0,0,0
35,1,3,33.2,59.06,38.13,Paddy,Black,28-28,,,,,,0,0,0,0,0,0
9,7,16,26.61,64.82,70.0,Paddy,Black,17-17-17,,,,,,0,0,0,0,0,0
9,8,34,32.7,66.93,54.09,Barley,Black,28-28,,,,,,0,0,0,0,0,0
34,0,4,30.35,64.11,45.1,Sugarcane,Sandy,14-35-14,,,,,,0,0,0,0,1,0
4,13,32,38.32,58.04,29.6,Barley,Black,14-35-14,,,,,,0,0,0,0,0,0
42,3,0,38.87,66.29,56.82,Millets,Black,28-28,,,,,,0,0,1,0,0,0
11,1,35,25.68,65.12,32.55,Millets,Clayey,10-26-26,,,,,,0,0,0,0,0,0
11,4,6,28.68,54.9,52.05,Ground Nuts,Black,20-20,,,,,,0,0,0,0,0,0
19,0,19,22.04,60.41,51.67,Paddy,Sandy,17-17-17,,,,,,0,0,0,0,1,0
4,9,30,29.82,63.7,20.39,Paddy,Red,14-35-14,,,,,,0,0,0,0,0,0
43,0,3,25.57,54.15,30.23,Barley,Red,DAP,,,,,,0,0,0,0,1,0
11,0,33,38.7,70.68,55.4,Paddy,Sandy,DAP,,,,,,0,0,0,0,1,0
14,2,35,28.04,63.25,67.45,Maize,Black,Urea,,,,,,0,0,0,0,0,0
15,11,15,29.74,67.01,62.02,Paddy,Loamy,17-17-17,,,,,,0,0,0,0,0,0
7,13,18,31.09,49.95,49.7,Sugarcane,Loamy,17-17-17,,,,,,0,0,0,0,0,0
18,1,25,30.64,48.22,36.77,Ground Nuts,Sandy,14-35-14,,,,,,0,0,0,0,0,0
6,9,28,25.61,54.53,30.19,Sugarcane,Black,14-35-14,,,,,,0,0,0,0,0,0
31,0,0,31.13,63.28,33.21,Ground Nuts,Clayey,20-20,,,,,,0,0,1,0,1,0
11,0,14,34.33,61.44,37.09,Millets,Black,28-28,,,,,,0,0,0,0,1,0
38,0,0,32.45,57.39,37.81,Wheat,Loamy,20-20,,,,,,0,0,1,0,1,0
10,13,13,20.25,57.16,58.47,Maize,Sandy,28-28,,,,,,0,0,0,0,0,0
14,11,34,27.8,66.95,64.26,Wheat,Clayey,10-26-26,,,,,,0,0,0,0,0,0
17,0,42,26.61,57.49,20.0,Sugarcane,Loamy,17-17-17,,,,,,0,0,0,0,1,0
7,3,19,22.94,62.54,60.3,Maize,Sandy,Urea,,,,,,0,0,0,0,0,0
15,4,37,29.06,51.8,55.09,Barley,Sandy,Urea,,,,,,0,0,0,0,0,0
11,9,17,31.55,56.81,69.3,Sugarcane,Red,10-26-26,,,,,,0,0,0,0,0,0
13,10,12,21.26,40.17,21.0,Wheat,Loamy,14-35-14,,,,,,0,0,0,0,0,0
11,14,19,23.21,54.01,47.49,Wheat,Loamy,DAP,,,,,,0,0,0,0,0,0
38,1,0,30.01,73.84,51.09,Barley,Clayey,28-28,,,,,,0,0,1,0,0,0
8,0,7,26.1,43.22,23.24,Millets,Sandy,14-35-14,,,,,,0,0,0,0,1,0
11,4,12,30.85,57.89,52.46,Sugarcane,Loamy,17-17-17,,,,,,0,0,0,0,0,0
8,0,10,31.0,66.62,40.41,Maize,Black,17-17-17,,,,,,0,0,0,0,1,0
36,0,0,32.4,63.31,54.7,Barley,Red,14-35-14,,,,,,0,0,1,0,1,0
33,2,3,29.03,60.03,35.31,Maize,Loamy,10-26-26,,,,,,0,0,0,0,0,0
8,4,14,32.36,59.53,47.64,Barley,Red,10-26-26,,,,,,0,0,0,0,0,0
6,10,25,30.19,57.73,35.0,Barley,Loamy,28-28,,,,,,0,0,0,0,0,0
17,0,28,36.83,69.28,25.17,Wheat,Red,28-28,,,,,,0,0,0,0,1,0
35,4,3,26.95,60.64,35.66,Barley,Red,Urea,,,,,,0,0,0,0,0,0
17,3,12,31.23,44.6,25.08,Maize,Red,DAP,,,,,,0,0,0,0,0,0
31,3,0,30.05,43.14,35.86,Ground Nuts,Loamy,DAP,,,,,,0,0,1,0,0,0
7,14,32,32.02,65.43,53.07,Sugarcane,Loamy,Urea,,,,,,0,0,0,0,0,0
5,10,28,30.26,62.42,39.3,Ground Nuts,Clayey,20-20,,,,,,0,0,0,0,0,0
6,4,10,26.34,51.73,64.26,Maize,Red,14-35-14,,,,,,0,0,0,0,0,0
39,0,0,36.97,62.88,35.83,Maize,Clayey,20-20,,,,,,0,0,1,0,1,0
9,9,13,37.09,64.38,48.85,Maize,Black,Urea,,,,,,0,0,0,0,0,0
8,0,7,27.52,63.71,48.66,Sugarcane,Sandy,28-28,,,,,,0,0,0,0,1,0
10,0,17,25.66,59.28,49.09,Barley,Black,10-26-26,,,,,,0,0,0,0,1,0
15,15,14,21.42,48.7,23.99,Wheat,Sandy,28-28,,,,,,0,0,0,0,0,0
27,3,24,27.59,55.45,46.99,Wheat,Sandy,28-28,,,,,,0,0,0,0,0,0
10,1,32,25.31,54.96,42.95,Paddy,Loamy,20-20,,,,,,0,0,0,0,0,0
25,1,22,27.77,46.81,52.26,Sugarcane,Loamy,DAP,,,,,,0,0,0,0,0,0
18,4,20,20.9,47.22,38.74,Paddy,Loamy,20-20,,,,,,0,0,0,0,0,0
17,3,12,38.93,73.79,39.95,Maize,Red,10-26-26,,,,,,0,0,0,0,0,0
11,0,33,32.5,52.21,45.37,Millets,Sandy,Urea,,,,,,0,0,0,0,1,0
17,0,23,30.2,52.48,47.01,Millets,Black,17-17-17,,,,,,0,0,0,0,1,0
5,13,15,29.85,70.42,53.9,Millets,Loamy,20-20,,,,,,0,0,0,0,0,0
14,17,9,32.1,63.87,62.18,Paddy,Loamy,17-17-17,,,,,,0,0,0,0,0,0
38,3,1,28.96,44.12,38.64,Barley,Sandy,20-20,,,,,,0,0,0,0,0,0
14,3,9,29.13,44.19,38.55,Millets,Sandy,20-20,,,,,,0,0,0,0,0,0
39,0,4,24.66,54.0,32.86,Sugarcane,Clayey,14-35-14,,,,,,0,0,0,0,1,0
10,5,29,33.28,59.63,23.84,Millets,Clayey,10-26-26,,,,,,0,0,0,0,0,0
11,2,39,24.63,45.95,37.32,Sugarcane,Clayey,17-17-17,,,,,,0,0,0,0,0,0
37,0,0,30.39,55.03,47.02,Millets,Red,14-35-14,,,,,,0,0,1,0,1,0
28,0,20,21.24,47.35,32.53,Ground Nuts,Clayey,14-35-14,,,,,,0,0,0,0,1,0
34,0,1,20.85,58.5,65.7,Barley,Black,20-20,,,,,,0,0,0,0,1,0
8,0,37,25.05,54.36,40.75,Sugarcane,Black,10-26-26,,,,,,0,0,0,0,1,0
36,2,0,26.74,46.67,64.2,Sugarcane,Sandy,14-35-14,,,,,,0,0,1,0,0,0
10,1,5,35.21,54.52,33.97,Maize,Sandy,14-35-14,,,,,,0,0,0,0,0,0
12,0,8,32.32,54.98,49.88,Sugarcane,Sandy,10-26-26,,,,,,0,0,0,0,1,0
22,0,21,28.58,65.43,55.68,Sugarcane,Black,Urea,,,,,,0,0,0,0,1,0
8,10,14,32.16,62.99,55.68,Barley,Red,17-17-17,,,,,,0,0,0,0,0,0
11,1,37,31.59,52.6,26.27,Barley,Red,17-17-17,,,,,,0,0,0,0,0,0
15,4,42,30.47,71.93,28.93,Wheat,Clayey,DAP,,,,,,0,0,0,0,0,0
4,21,24,33.94,69.58,46.01,Barley,Red,28-28,,,,,,0,0,0,0,0,0
13,0,37,40.0,61.0,41.55,Maize,Red,17-17-17,,,,,,0,0,0,0,1,0
14,0,12,31.1,68.24,34.24,Millets,Red,28-28,,,,,,0,0,0,0,1,0
10,9,29,37.04,63.65,37.66,Maize,Clayey,17-17-17,,,,,,0,0,0,0,0,0
35,0,3,32.22,54.27,38.62,Ground Nuts,Black,28-28,,,,,,0,0,0,0,1,0
36,0,0,40.0,74.57,47.73,Wheat,Sandy,20-20,,,,,,0,0,1,0,1,0
10,7,29,26.21,55.82,40.52,Millets,Black,17-17-17,,,,,,0,0,0,0,0,0
6,13,30,33.44,74.2,47.96,Ground Nuts,Sandy,28-28,,,,,,0,0,0,0,0,0
45,0,0,34.14,73.42,43.02,Barley,Sandy,20-20,,,,,,0,0,1,0,1,0
11,4,26,39.52,67.73,51.76,Sugarcane,Sandy,10-26-26,,,,,,0,0,0,0,0,0
40,3,3,40.0,77.82,37.44,Wheat,Red,Urea,,,,,,0,0,0,0,0,0
7,4,13,27.95,53.87,46.04,Maize,Clayey,14-35-14,,,,,,0,0,0,0,0,0
9,17,18,39.18,73.57,58.33,Maize,Red,DAP,,,,,,0,0,0,0,0,0
11,0,11,33.75,69.57,30.0,Sugarcane,Loamy,28-28,,,,,,0,0,0,0,1,0
5,9,25,27.3,49.58,30.5,Maize,Clayey,20-20,,,,,,0,0,0,0,0,0
33,1,4,32.94,51.34,51.7,Maize,Clayey,28-28,,,,,,0,0,0,0,0,0
17,4,37,32.4,61.14,47.06,Wheat,Black,20-20,,,,,,0,0,0,0,0,0
10,22,22,32.91,58.24,59.48,Barley,Sandy,10-26-26,,,,,,0,0,0,0,0,0
7,8,27,29.89,58.63,68.75,Millets,Sandy,10-26-26,,,,,,0,0,0,0,0,0
18,0,16,35.64,61.77,28.86,Millets,Red,DAP,,,,,,0,0,0,0,1,0
12,4,11,29.43,66.72,40.93,Wheat,Black,17-17-17,,,,,,0,0,0,0,0,0
12,2,31,28.46,63.35,51.28,Maize,Sandy,Urea,,,,,,0,0,0,0,0,0
12,1,15,23.12,47.76,27.04,Ground Nuts,Black,14-35-14,,,,,,0,0,0,0,0,0
20,2,16,30.08,54.89,41.18,Millets,Black,28-28,,,,,,0,0,0,0,0,0
33,0,0,27.52,65.37,24.05,Paddy,Loamy,10-26-26,,,,,,0,0,1,0,1,0
8,15,11,23.17,50.04,33.92,Wheat,Clayey,Urea,,,,,,0,0,0,0,0,0
11,13,32,23.79,58.36,23.74,Barley,Red,17-17-17,,,,,,0,0,0,0,0,0
19,0,24,32.65,57.34,24.75,Millets,Red,28-28,,,,,,0,0,0,0,1,0
14,0,12,28.79,52.18,55.68,Millets,Sandy,10-26-26,,,,,,0,0,0,0,1,0
24,2,14,33.78,59.21,54.84,Wheat,Black,Urea,,,,,,0,0,0,0,0,0
41,0,0,26.11,42.23,33.59,Millets,Black,DAP,,,,,,0,0,1,0,1,0
43,0,0,27.98,66.44,24.95,Ground Nuts,Red,DAP,,,,,,0,0,1,0,1,0
30,0,0,29.68,59.22,36.21,Barley,Red,DAP,,,,,,0,0,1,0,1,0
26,0,24,29.82,66.48,26.27,Sugarcane,Clayey,14-35-14,,,,,,0,0,0,0,1,0
41,0,0,32.46,44.86,30.71,Sugarcane,Loamy,17-17-17,,,,,,0,0,1,0,1,0
11,12,28,25.65,61.88,34.2,Wheat,Black,Urea,,,,,,0,0,0,0,0,0
8,11,25,35.88,60.02,54.82,Paddy,Clayey,10-26-26,,,,,,0,0,0,0,0,0
6,4,19,28.12,57.98,53.96,Wheat,Black,14-35-14,,,,,,0,0,0,0,0,0
35,0,0,28.17,63.82,46.27,Wheat,Red,17-17-17,,,,,,0,0,1,0,1,0
8,18,11,28.26,52.27,34.48,Sugarcane,Red,14-35-14,,,,,,0,0,0,0,0,0
32,2,4,28.77,60.04,35.99,Maize,Red,20-20,,,,,,0,0,0,0,0,0
21,0,19,22.67,44.94,57.31,Sugarcane,Loamy,14-35-14,,,,,,0,0,0,0,1,0
11,4,13,33.77,55.55,39.11,Paddy,Red,10-26-26,,,,,,0,0,0,0,0,0
11,0,36,35.02,69.63,29.61,Paddy,Red,10-26-26,,,,,,0,0,0,0,1,0
14,13,9,30.16,60.67,37.22,Barley,Loamy,14-35-14,,,,,,0,0,0,0,0,0
4,13,35,31.26,61.46,56.74,Millets,Black,DAP,,,,,,0,0,0,0,0,0
13,0,9,28.83,56.35,43.69,Barley,Clayey,28-28,,,,,,0,0,0,0,1,0
9,15,8,26.81,68.51,57.27,Millets,Sandy,14-35-14,,,,,,0,0,0,0,0,0
23,0,25,32.28,64.92,25.67,Ground Nuts,Black,14-35-14,,,,,,0,0,0,0,1,0
24,0,20,29.48,41.38,29.63,Ground Nuts,Red,28-28,,,,,,0,0,0,0,1,0
8,4,10,29.52,62.66,29.65,Wheat,Loamy,14-35-14,,,,,,0,0,0,0,0,0
6,9,27,32.92,58.25,66.52,Maize,Clayey,14-35-14,,,,,,0,0,0,0,0,0
13,4,39,37.61,60.04,49.05,Maize,Red,14-35-14,,,,,,0,0,0,0,0,0
19,0,39,31.96,60.24,45.23,Paddy,Clayey,14-35-14,,,,,,0,0,0,0,1,0
15,0,43,34.45,67.14,34.11,Paddy,Sandy,10-26-26,,,,,,0,0,0,0,1,0
14,0,18,38.56,64.33,25.81,Wheat,Clayey,10-26-26,,,,,,0,0,0,0,1,0
7,0,39,38.58,73.91,42.11,Wheat,Clayey,20-20,,,,,,0,0,0,0,1,0
21,0,25,27.37,64.83,49.57,Millets,Sandy,Urea,,,,,,0,0,0,0,1,0
10,4,5,30.47,57.1,59.57,Wheat,Sandy,DAP,,,,,,0,0,0,0,0,0
14,13,12,26.9,53.02,26.55,Paddy,Sandy,14-35-14,,,,,,0,0,0,0,0,0
5,21,19,29.88,58.26,34.56,Maize,Red,14-35-14,,,,,,0,0,0,0,0,0
23,0,25,27.71,44.46,32.7,Wheat,Black,Urea,,,,,,0,0,0,0,1,0
40,0,0,23.54,58.86,47.16,Sugarcane,Sandy,28-28,,,,,,0,0,1,0,1,0
12,0,11,24.47,59.99,64.4,Wheat,Sandy,17-17-17,,,,,,0,0,0,0,1,0
10,0,43,38.93,50.59,50.36,Sugarcane,Red,10-26-26,,,,,,0,0,0,0,1,0
40,0,0,25.11,48.56,39.33,Sugarcane,Clayey,28-28,,,,,,0,0,1,0,1,0
9,22,21,31.42,61.64,53.25,Maize,Red,DAP,,,,,,0,0,0,0,0,0
16,13,16,29.19,57.91,29.68,Maize,Black,10-26-26,,,,,,0,0,0,0,0,0
17,12,15,28.72,60.25,48.31,Wheat,Black,10-26-26,,,,,,0,0,0,0,0,0
9,0,6,26.53,50.82,58.73,Maize,Black,DAP,,,,,,0,0,0,0,1,0
35,3,2,34.81,72.24,37.11,Maize,Red,DAP,,,,,,0,0,0,0,0,0
10,16,23,33.3,71.48,57.21,Wheat,Black,20-20,,,,,,0,0,0,0,0,0
1,21,19,27.97,58.72,44.33,Ground Nuts,Loamy,10-26-26,,,,,,0,0,0,0,0,0
15,0,8,32.02,65.33,38.04,Sugarcane,Clayey,17-17-17,,,,,,0,0,0,0,1,0
23,3,16,32.62,69.47,40.77,Ground Nuts,Sandy,17-17-17,,,,,,0,0,0,0,0,0
8,0,40,31.58,64.65,54.87,Sugarcane,Loamy,14-35-14,,,,,,0,0,0,0,1,0
19,9,11,28.42,50.81,31.81,Millets,Sandy,17-17-17,,,,,,0,0,0,0,0,0
39,2,0,29.25,74.15,45.73,Barley,Loamy,DAP,,,,,,0,0,1,0,0,0
26,2,19,23.17,50.72,53.22,Maize,Red,14-35-14,,,,,,0,0,0,0,0,0
5,0,10,24.09,57.64,70.0,Millets,Sandy,17-17-17,,,,,,0,0,0,0,1,0
23,0,21,29.97,50.7,36.33,Wheat,Clayey,17-17-17,,,,,,0,0,0,0,1,0
23,4,24,29.27,66.78,50.96,Maize,Loamy,14-35-14,,,,,,0,0,0,0,0,0
25,0,18,29.88,57.24,45.44,Millets,Clayey,14-35-14,,,,,,0,0,0,0,1,0
36,2,4,27.42,44.23,32.95,Barley,Red,20-20,,,,,,0,0,0,0,0,0
11,1,38,36.89,66.29,60.84,Ground Nuts,Red,20-20,,,,,,0,0,0,0,0,0
26,2,20,34.42,59.76,42.39,Maize,Loamy,DAP,,,,,,0,0,0,0,0,0
41,4,1,34.97,68.96,25.98,Paddy,Black,17-17-17,,,,,,0,0,0,0,0,0
4,19,12,29.62,68.68,36.49,Maize,Clayey,Urea,,,,,,0,0,0,0,0,0
6,5,31,32.64,55.94,53.27,Wheat,Sandy,20-20,,,,,,0,0,0,0,0,0
7,4,29,36.78,57.38,22.77,Wheat,Clayey,17-17-17,,,,,,0,0,0,0,0,0
12,0,15,37.71,66.52,23.68,Sugarcane,Red,Urea,,,,,,0,0,0,0,1,0
17,0,23,27.5,71.05,41.74,Barley,Black,10-26-26,,,,,,0,0,0,0,1,0
8,18,15,37.1,64.48,57.39,Millets,Loamy,20-20,,,,,,0,0,0,0,0,0
15,4,8,25.02,47.4,28.38,Wheat,Red,20-20,,,,,,0,0,0,0,0,0
10,0,38,30.86,57.51,25.42,Sugarcane,Clayey,10-26-26,,,,,,0,0,0,0,1,0
4,3,18,29.43,67.48,32.15,Millets,Loamy,10-26-26,,,,,,0,0,0,0,0,0
9,12,29,32.19,54.53,52.95,Millets,Loamy,Urea,,,,,,0,0,0,0,0,0
13,0,30,25.53,52.33,58.88,Sugarcane,Red,Urea,,,,,,0,0,0,0,1,0
26,0,23,32.93,62.95,42.75,Sugarcane,Black,DAP,,,,,,0,0,0,0,1,0
12,1,45,23.13,57.17,30.1,Barley,Clayey,28-28,,,,,,0,0,0,0,0,0
2,5,28,34.3,61.63,47.02,Wheat,Black,20-20,,,,,,0,0,0,0,0,0
11,2,8,36.18,59.14,62.07,Maize,Red,10-26-26,,,,,,0,0,0,0,0,0
16,0,40,32.82,51.38,44.81,Ground Nuts,Black,17-17-17,,,,,,0,0,0,0,1,0
43,0,4,34.0,66.54,55.39,Ground Nuts,Red,DAP,,,,,,0,0,0,0,1,0
19,18,12,28.62,47.01,27.51,Sugarcane,Loamy,17-17-17,,,,,,0,0,0,0,0,0
19,0,22,35.35,71.27,70.0,Barley,Loamy,14-35-14,,,,,,0,0,0,0,1,0
16,0,42,35.0,59.47,32.84,Sugarcane,Clayey,14-35-14,,,,,,0,0,0,0,1,0
11,3,32,33.59,57.66,54.37,Wheat,Loamy,28-28,,,,,,0,0,0,0,0,0
7,2,41,32.15,69.95,36.68,Paddy,Loamy,Urea,,,,,,0,0,0,0,0,0
12,0,37,24.84,52.43,64.91,Paddy,Red,17-17-17,,,,,,0,0,0,0,1,0
8,14,12,33.7,53.48,55.24,Sugarcane,Black,Urea,,,,,,0,0,0,0,0,0
10,4,31,31.05,66.1,67.51,Wheat,Black,28-28,,,,,,0,0,0,0,0,0
4,6,29,36.15,75.78,34.18,Ground Nuts,Red,DAP,,,,,,0,0,0,0,0,0
32,0,0,28.74,59.78,62.23,Wheat,Red,DAP,,,,,,0,0,1,0,1,0
17,4,31,29.69,64.42,57.32,Wheat,Black,17-17-17,,,,,,0,0,0,0,0,0
3,9,27,32.92,74.73,37.68,Wheat,Loamy,Urea,,,,,,0,0,0,0,0,0
16,1,33,29.82,57.59,58.76,Wheat,Clayey,28-28,,,,,,0,0,0,0,0,0
8,17,21,31.74,63.6,38.22,Maize,Red,20-20,,,,,,0,0,0,0,0,0
10,0,40,25.58,56.58,54.54,Maize,Sandy,14-35-14,,,,,,0,0,0,0,1,0
8,8,27,28.88,68.91,22.41,Barley,Loamy,14-35-14,,,,,,0,0,0,0,0,0
8,0,5,29.26,62.18,50.45,Wheat,Black,DAP,,,,,,0,0,0,0,1,0
7,0,9,27.83,54.18,53.54,Wheat,Clayey,17-17-17,,,,,,0,0,0,0,1,0
15,0,13,24.36,56.1,54.7,Millets,Loamy,20-20,,,,,,0,0,0,0,1,0
12,0,41,32.16,64.74,23.88,Wheat,Black,10-26-26,,,,,,0,0,0,0,1,0
9,1,39,28.08,51.05,51.19,Paddy,Black,DAP,,,,,,0,0,0,0,0,0
19,18,14,28.7,50.97,22.32,Maize,Loamy,Urea,,,,,,0,0,0,0,0,0
9,0,9,31.44,60.25,50.87,Barley,Clayey,10-26-26,,,,,,0,0,0,0,1,0
24,0,16,28.69,43.52,47.72,Paddy,Black,10-26-26,,,,,,0,0,0,0,1,0
22,0,20,31.87,65.45,31.98,Barley,Sandy,DAP,,,,,,0,0,0,0,1,0
17,0,36,33.32,63.9,66.9,Paddy,Clayey,DAP,,,,,,0,0,0,0,1,0
41,0,0,31.98,63.51,24.19,Wheat,Sandy,10-26-26,,,,,,0,0,1,0,1,0
13,12,26,29.3,52.52,59.05,Barley,Sandy,28-28,,,,,,0,0,0,0,0,0
7,0,15,26.86,63.11,40.03,Wheat,Red,10-26-26,,,,,,0,0,0,0,1,0
19,0,24,25.75,46.01,43.13,Paddy,Red,Urea,,,,,,0,0,0,0,1,0
33,0,3,32.35,49.24,48.5,Millets,Loamy,DAP,,,,,,0,0,0,0,1,0
26,0,25,30.13,64.72,39.08,Millets,Black,20-20,,,,,,0,0,0,0,1,0
10,20,13,34.0,66.67,32.44,Ground Nuts,Loamy,14-35-14,,,,,,0,0,0,0,0,0
17,0,39,27.52,64.0,39.0,Ground Nuts,Sandy,14-35-14,,,,,,0,0,0,0,1,0
40,3,2,28.04,57.31,37.69,Maize,Clayey,Urea,,,,,,0,0,0,0,0,0
19,2,23,25.63,43.51,39.59,Maize,Loamy,28-28,,,,,,0,0,0,0,0,0
30,0,0,29.22,73.79,56.71,Paddy,Clayey,28-28,,,,,,0,0,1,0,1,0
11,4,37,30.34,61.61,33.6,Sugarcane,Sandy,DAP,,,,,,0,0,0,0,0,0
34,4,3,23.28,56.67,68.46,Maize,Clayey,20-20,,,,,,0,0,0,0,0,0
15,0,41,29.37,63.97,20.0,Wheat,Sandy,DAP,,,,,,0,0,0,0,1,0
16,3,11,24.55,46.15,28.78,Millets,Sandy,Urea,,,,,,0,0,0,0,0,0
6,13,26,28.72,54.05,46.87,Wheat,Sandy,17-17-17,,,,,,0,0,0,0,0,0
7,5,28,32.29,67.95,50.47,Ground Nuts,Black,Urea,,,,,,0,0,0,0,0,0
9,16,14,32.86,67.54,58.78,Maize,Clayey,14-35-14,,,,,,0,0,0,0,0,0
13,2,11,25.52,48.3,60.18,Wheat,Sandy,28-28,,,,,,0,0,0,0,0,0
6,10,31,37.23,62.96,32.84,Barley,Clayey,14-35-14,,,,,,0,0,0,0,0,0
6,8,33,31.22,60.38,20.0,Wheat,Sandy,20-20,,,,,,0,0,0,0,0,0
37,0,2,36.36,66.52,63.86,Sugarcane,Loamy,17-17-17,,,,,,0,0,0,0,1,0
6,12,26,27.29,59.32,68.93,Maize,Clayey,20-20,,,,,,0,0,0,0,0,0
16,0,42,36.39,71.0,65.23,Barley,Loamy,28-28,,,,,,0,0,0,0,1,0
10,2,41,29.78,63.98,40.9,Sugarcane,Sandy,28-28,,,,,,0,0,0,0,0,0
28,3,19,27.91,45.32,31.67,Wheat,Loamy,28-28,,,,,,0,0,0,0,0,0
10,0,9,34.26,74.07,39.31,Paddy,Black,DAP,,,,,,0,0,0,0,1,0
35,0,0,22.06,52.67,39.56,Maize,Clayey,Urea,,,,,,0,0,1,0,1,0
11,8,33,30.95,58.67,49.62,Maize,Black,28-28,,,,,,0,0,0,0,0,0
13,0,41,32.89,73.2,61.14,Barley,Red,28-28,,,,,,0,0,0,0,1,0
34,3,0,25.18,44.54,29.17,Sugarcane,Sandy,10-26-26,,,,,,0,0,1,0,0,0
25,4,25,31.85,66.55,47.93,Paddy,Red,Urea,,,,,,0,0,0,0,0,0
15,12,12,31.23,56.4,57.12,Maize,Black,Urea,,,,,,0,0,0,0,0,0
6,4,32,33.73,55.28,55.87,Wheat,Sandy,28-28,,,,,,0,0,0,0,0,0
9,0,42,35.22,74.25,40.93,Ground Nuts,Clayey,17-17-17,,,,,,0,0,0,0,1,0
13,14,18,29.55,69.77,43.55,Maize,Black,20-20,,,,,,0,0,0,0,0,0
34,3,4,31.42,62.68,53.13,Paddy,Black,14-35-14,,,,,,0,0,0,0,0,0
17,4,26,31.87,70.05,30.84,Sugarcane,Loamy,14-35-14,,,,,,0,0,0,0,0,0
37,0,1,31.18,54.18,36.66,Sugarcane,Black,14-35-14,,,,,,0,0,0,0,1,0
30,0,0,31.91,60.89,34.53,Wheat,Sandy,10-26-26,,,,,,0,0,1,0,1,0
19,14,15,29.88,43.2,21.33,Ground Nuts,Black,Urea,,,,,,0,0,0,0,0,0
14,15,12,27.52,52.93,58.25,Paddy,Clayey,28-28,,,,,,0,0,0,0,0,0
7,16,23,35.82,64.69,38.55,Paddy,Red,10-26-26,,,,,,0,0,0,0,0,0
20,2,15,22.52,49.65,29.74,Wheat,Sandy,DAP,,,,,,0,0,0,0,0,0
42,2,4,28.0,51.97,28.7,Millets,Red,28-28,,,,,,0,0,0,0,0,0
13,0,9,36.28,59.06,26.66,Maize,Black,17-17-17,,,,,,0,0,0,0,1,0
26,2,21,28.95,60.12,46.69,Ground Nuts,Red,10-26-26,,,,,,0,0,0,0,0,0
21,0,18,28.77,46.44,53.68,Maize,Sandy,14-35-14,,,,,,0,0,0,0,1,0
15,3,11,27.5,46.3,38.5,Maize,Sandy,14-35-14,,,,,,0,0,0,0,0,0
12,0,34,37.17,56.02,62.53,Wheat,Clayey,14-35-14,,,,,,0,0,0,0,1,0
20,0,18,24.05,46.54,42.61,Maize,Black,Urea,,,,,,0,0,0,0,1,0
3,13,34,33.73,61.96,28.3,Sugarcane,Red,DAP,,,,,,0,0,0,0,0,0
7,18,20,20.72,56.64,38.74,Barley,Clayey,Urea,,,,,,0,0,0,0,0,0
14,5,33,25.39,54.64,36.2,Ground Nuts,Loamy,17-17-17,,,,,,0,0,0,0,0,0
13,4,42,40.0,66.7,39.73,Millets,Loamy,14-35-14,,,,,,0,0,0,0,0,0
35,0,0,39.39,71.67,49.34,Barley,Black,10-26-26,,,,,,0,0,1,0,1,0
41,0,0,35.79,67.64,45.04,Barley,Red,Urea,,,,,,0,0,1,0,1,0
11,2,33,31.38,48.73,62.27,Millets,Loamy,28-28,,,,,,0,0,0,0,0,0
